timestamp,#4发电机有功功率362,#4发电机有功功率2_364,#4发电机有功功率3_365,#4发电机有功功率1_363,机组负荷指令_367,主蒸汽流量264,主蒸汽流量259,主蒸汽流量263,风量比值176,总风量198,风量指令信号148,给泵汽机A主蒸汽压力251,B侧二次风量2_158,总二次风量200,#4机组B侧二次风量163,B侧二次风量1_157,A侧二次风量2_142,末级再热器出口B压力310,墙式再热器前墙进口集箱A压力307,墙式再热器前墙进口集箱B压力308,末级再热器出口A压力309,给泵汽机B主蒸汽压力252,汽包压力2235,汽包压力3236,汽包压力均值234,汽包压力1_233,总一次风量199,汽包压力237,B侧二次风量3_159,#4机组A侧二次风量147,A侧二次风量1_141,A侧二次风量3_143,至高压缸的主蒸汽压力248,至高压缸的主蒸汽压力250,至高压缸的主蒸汽压力_249,主蒸汽压力#2_277,主蒸汽压力#1276,AGC控制指令_361,A磨总一次风量149,B2侧容量风量负荷162,target
2021-07-20 07:00:00,164.80734631578946,164.66175153374232,165.43213167701862,164.79091636363637,178.36848421052633,544.5878293532338,545.391,544.386429787234,63.73148380952381,739.1848463414634,739.4796326923077,2.242524,295.8456267379679,601.0797101522843,296.3735611702128,296.33480213903744,305.6733345744681,1.9084527999999998,2.301648,2.313854,1.9231763999999998,2.0209034999999997,13.859829999999999,13.877404000000002,13.857947999999999,13.857568,138.66186339869282,13.865958000000001,305.1180394736842,304.5625712041885,304.7086101604278,303.07358540540537,13.175464,13.191944000000001,13.183706,13.4,13.4,164.81796666666665,77.54059315384616,54.40490571428572,164.83514921465968
2021-07-20 08:00:00,164.9577736526946,164.7843530612245,165.5671408510638,164.88817394957982,178.36848421052633,492.1011177935943,492.7740248756219,491.46921641791045,59.745313169398905,693.2643143646409,692.0098677419355,2.017375,286.2909081481481,580.9531129963899,287.25482639405203,286.828994795539,294.47097276119405,1.9084527999999998,2.0580943333333335,2.072589333333333,1.9231763999999998,2.0209034999999997,13.979848571428573,14.050898333333334,14.04613,14.047400000000001,111.7407028708134,14.027692222222221,294.60877827715353,293.81531078066917,293.73632649253733,292.2560296296296,13.3788525,13.39868625,13.514757142857144,13.55,13.55,164.81796666666665,76.63632573770491,34.254088333333335,164.89903431734317
2021-07-20 09:00:00,178.64018375,178.51069875518672,178.9974622222222,178.7968783898305,178.36848421052633,532.3191014134276,530.2537127272727,527.5417838709677,63.20991751412429,733.2219728813559,726.1092512396694,2.0924245,299.2838151162791,607.5784460966544,300.0841518939394,300.2112808429119,307.8518713740458,1.9902836363636363,2.150491272727273,2.162281272727273,1.9893126363636364,2.0941411,14.433336,14.441216363636363,14.42352909090909,14.458919,124.24702341463416,14.385905454545453,308.6737576779026,307.4598218518518,307.03476075471696,305.6164890151515,13.757871818181819,13.77854,13.761062727272728,13.8,13.8,175.0242695652174,82.40229696629214,36.01276607142857,178.51978970588235
2021-07-20 10:00:00,236.05334913294794,236.74304813278007,237.13149956331878,236.74884705882351,243.13252142857144,712.0673126760563,714.1699634146341,717.6435888888889,81.23226676646706,943.9553111111111,958.8089287581699,2.8621561428571427,370.8118275735294,750.9072208791208,370.72399545454545,369.7881431226766,379.86262066420664,2.696397125,2.921159333333333,2.9404012222222224,2.701117625,2.863845285714286,16.711036666666665,16.775377777777777,16.753339999999998,16.75101,190.85262142857144,16.559927,385.9350385454545,378.70652625482626,379.14830864661656,377.50793155893535,15.734361000000002,15.756179,15.804243,15.450000000000001,15.450000000000001,229.8369041666667,97.75512943005181,91.70034363636363,237.0338293478261
2021-07-20 11:00:00,255.98658639455783,255.97404267782426,256.8691944206008,256.156337295082,258.0,767.7055910394265,769.300712244898,767.8050306666667,85.1082737912088,987.2461194444445,987.960564423077,3.078082,383.1204019157088,777.7201233082707,384.0612503703704,383.7363962825279,394.2932088122605,2.9125345,3.136443,3.1295136666666665,2.9157770000000003,3.0830405,17.8693125,17.898992,17.9184475,17.91797,209.05227433628318,17.88488,399.5860364661654,393.6367357976653,393.90403999999995,391.59373764258555,16.834602,16.857798,16.8702325,16.8,16.8,256.5692,105.07471465968585,116.0182,256.14844067164177
2021-07-20 12:00:00,255.93312686567162,255.78725404255317,256.6949808695652,255.98141319148937,258.0,767.7028866906475,768.90294,768.1201487804879,85.81674165714286,995.5047197674419,995.7694175,3.078082,384.8309515625,783.2166439114391,386.3174243243243,385.483708988764,396.8218482490272,2.903952,3.114892,3.131675,2.907766,3.0830405,17.66285,17.724865,17.71755,17.711509999999997,212.2955059574468,17.72454666666667,401.64781015037596,396.78751052631577,396.66758106060604,394.3956653543307,16.663616666666666,16.68599,16.66158,16.8,16.8,256.3673333333333,108.01164262295082,116.0182,255.9605557620818
2021-07-20 13:00:00,255.91907810218976,255.8251156779661,256.71003632286994,255.98291115879826,258.0,767.7535625,769.1451213114755,767.5987279069768,84.94101903614458,985.202588888889,984.9920337662337,3.078082,381.89207613636364,775.6424373626373,382.6674,382.6265193181818,393.0605555970149,2.903952,3.114892,3.131675,2.907766,3.0830405,17.77786,17.842158,17.828424000000002,17.827662,209.63130585585583,17.827282000000004,398.60267902621723,392.82781115384614,392.8540092936803,390.5556267657993,16.789746,16.811718000000003,16.79768,16.9,16.9,256.06725,105.89203118279569,116.5142,255.96482544802868
2021-07-20 14:00:00,255.99087424242427,255.79024805194805,256.69913041474655,255.96408253275106,258.0,769.7276057553956,770.9321424999999,769.5293151515152,82.28562641618497,954.5281610465116,954.062595945946,3.078082,367.7515411111111,747.0077113138686,369.03287083333333,368.2863735849056,377.86475152671755,2.903952,3.114892,3.131675,2.907766,3.0830405,17.756625,17.82086166666667,17.804331666666666,17.802741666666666,207.77239547738694,17.797973333333335,383.14394436090225,378.26482664092663,377.7118586872587,375.6203790874525,16.75796,16.778303333333334,16.764825,16.9,16.9,256.33139090909094,104.39828563535912,116.758,255.98410263157893
2021-07-20 15:00:00,255.95264583333335,255.84459617021278,256.7109257383966,256.00060762711865,258.0,770.4128236749117,771.529945614035,770.381436,82.0604928901734,952.0645869822484,952.7520148148147,3.078082,368.2399460377358,746.4105018050542,368.47433901515154,368.9473269961977,378.3941522727273,2.903952,3.114892,3.131675,2.907766,3.0830405,17.769336666666664,17.832620000000002,17.818,17.82245,205.77770765550238,17.816409999999998,383.4845597744361,377.94828917910445,378.25903396226414,376.07095130111526,16.773342500000002,16.7962325,16.784025,16.9,16.9,256.48737,103.5197063583815,115.9629,255.9666488888889
2021-07-20 16:00:00,262.04867650273223,261.8820385214008,262.89368448979593,262.0144623966942,260.173,791.9392292857143,794.9162142857143,794.3578785714285,87.27872279069767,1012.4453459302326,1017.2026289940828,3.167436,390.56611240601507,794.5584222627737,392.7677389513109,391.3176833333333,401.77111070110703,3.0038907142857143,3.2287261428571425,3.241368428571428,3.0080864285714286,3.1692477500000003,17.925945555555554,17.990497777777776,17.974815555555555,17.95892111111111,217.9406330049261,17.948963636363636,408.1473708029197,401.9699317164179,401.38086741573034,399.12457099236644,16.870611818181818,16.891697272727274,16.877826363636363,16.900000000000002,16.900000000000002,262.0698291666667,100.02895617977529,107.35684229166667,262.00137885304656
2021-07-20 17:00:00,264.7986615819209,264.5966242798354,265.4144491735537,264.62614779116467,266.363,811.876434519573,813.9975851351352,811.4485886792453,89.28500617486338,1035.6658755555554,1033.1608463157895,3.2418372,405.98710661764704,823.361247368421,407.19603977272726,406.55939018867923,416.6096505791506,3.0703894999999997,3.2965144285714283,3.3140065714285716,3.0743948333333333,3.23161425,17.943788,18.007706,17.997024,17.996262,211.2857870967742,18.00509,424.42969060150375,416.2920509727627,416.6148855555556,413.9113212121212,16.824402857142857,16.848161428571427,16.835518571428572,16.9,16.9,264.0342448275862,89.53078354651163,111.69987546012268,264.7126476534296
2021-07-20 18:00:00,247.41569585798817,247.51379999999997,248.15541535087718,247.63255666666666,247.1984666666667,743.6990592198581,745.1058338164252,744.6740841269841,83.06303762430939,963.4680780898876,965.4373482142857,3.001297,379.2948954198473,772.7250165441176,380.4986577777778,380.26131760299626,392.4790648221344,2.8332207142857144,3.052461666666667,3.063269333333333,2.8365448571428575,3.004501,17.205878000000002,17.261023,17.249772,17.250533,191.13297971698114,17.246339,395.9237476923077,392.27418148148143,392.4667675889328,390.0834503968254,16.21591181818182,16.258467000000003,16.243057999999998,16.3,16.3,247.79063333333335,89.64807086294415,111.39280561797752,247.6788487364621
2021-07-20 19:00:00,255.8886377142857,255.5502549800797,256.35032552301254,255.7714928870293,249.9361,769.5723450704226,772.1622052910053,774.3408630630631,84.81832978835979,984.0945565217392,988.3704157142856,3.063206,384.9382760456274,782.1334902527076,385.6417695652174,385.8412379699248,396.9852962406015,2.887931,3.1398126666666664,3.1447716666666667,2.924550333333334,3.0656855,17.575312,17.639228,17.62397,17.623588,202.65516129032258,17.62636857142857,401.76081555555555,396.4629531135531,396.85892007434944,394.4418401486989,16.565201666666667,16.64981,16.638258571428572,16.6,16.6,255.48785666666666,93.64411671428572,106.72692795,255.68805197132616
2021-07-20 20:00:00,263.5520630872483,263.3601919148936,264.24779786324785,263.5471732510288,263.7537,799.9037845878137,800.9012379807692,799.6738959677419,89.1998311976048,1034.7275,1034.9091503267973,3.1736345000000004,407.84520377358496,826.0209454198473,408.47051216730034,408.5540169172932,418.22138730769234,2.9972155000000003,3.222841,3.2329489999999996,2.9983595,3.1805005,17.76870166666667,17.805538000000002,17.794097999999998,17.797912,208.24168155737706,17.8085425,426.50462878787874,417.74535951417005,417.83891423076926,415.3811701550388,16.69590875,16.708202222222223,16.696673999999998,16.6,16.6,263.70169444444446,92.3635041314554,107.11933978070176,263.57833248175183
2021-07-20 21:00:00,263.02306576086954,262.56863359683797,263.612441563786,262.668833984375,262.4264,804.4780953736655,807.1062282608696,807.3369254901961,87.98507257142857,1020.1616263157896,1023.506484065934,3.229452666666667,400.0889772893773,811.6012262962963,401.3779052830189,400.78562988505746,410.808818490566,3.045087,3.2321486,3.2662305,3.04941,3.2346660000000003,17.777694285714286,17.83371285714286,17.82935,17.827715714285713,210.2429613333333,17.83558888888889,418.3198450757576,410.77669962406014,410.24407894736845,407.91062583025825,16.678534444444445,16.695316666666667,16.67569375,16.5,16.5,263.8012406976744,93.67888160000001,103.04229354838711,262.66297913669064
2021-07-20 22:00:00,249.97651428571427,250.26239958333332,251.05347580645162,250.4896060085837,254.6896,760.0142128571429,761.8127902325581,761.310284057971,84.55341649717514,981.3426356725146,981.5666454545454,3.0359322,382.4640085271318,778.7857542435424,383.24753015267174,383.6354713740458,396.26142413793104,2.8813375714285714,3.0811718,3.1138743333333334,2.882591,3.07388625,17.11147,17.165472,17.189568333333334,17.152502,201.27157695852537,17.212455000000002,399.69843445692885,395.65674431372554,395.7378582706767,393.43417003745316,16.120183333333333,16.149933333333333,16.15451,16.5,16.5,248.82991379310346,100.65676495145632,109.22829943502825,250.44582707581225
2021-07-20 23:00:00,230.4559812206573,230.80447283464568,231.21642208835343,230.866853307393,217.3099,728.9941491166078,729.5369266129031,729.1026311827957,81.15381918918919,941.3635075675676,940.9260304761905,2.9404179,370.7999560885609,753.5039131868133,371.20494457364344,371.11288656716414,382.70208619402985,2.7993809285714284,3.015791866666667,3.0272607333333332,2.7917557333333334,2.9428592727272727,16.30967,16.368248,16.35032,16.347649999999998,190.61312086956522,16.355607142857142,386.82942156133834,382.39863878327,383.0446823970038,379.97261940298506,15.23192,15.240695,15.23230125,14.9,14.9,227.95446559139785,97.94580474226805,101.77355131578948,231.21624244604317
2021-07-21 00:00:00,169.1356418918919,167.85980247933884,168.79631767241378,168.2391767634855,178.20028,537.2091914285714,540.7089295918367,546.1517558558559,63.406432688172046,735.2806178378379,744.3748681818181,2.2786086,297.56544431818185,602.278684962406,298.6693422053232,298.22830692307696,304.37308576779026,2.148242666666667,2.315053,2.326768857142857,2.1442378333333334,2.2860085999999997,13.973312000000002,14.023686000000001,14.00824,14.00576,132.9053331775701,14.005152727272728,307.47223098039217,303.74453674242426,303.49057703703704,301.70223692307695,13.319416363636362,13.361943333333334,13.330789090909091,13.35,13.35,178.33998,92.99304823232323,36.42056720930233,167.8887025735294
2021-07-21 01:00:00,164.66456666666664,164.54907100840336,165.41428362068964,164.71661025641026,178.20028,520.8792519572953,521.2945486666666,519.6483171428572,63.60560847457627,737.8848459770115,736.8007515151515,2.1437295,299.85934710424715,607.3497518115943,300.9873925093633,300.3292475285171,307.14832918287937,2.038831333333333,2.1985303333333333,2.2094650000000002,2.043027,2.1414405,13.932715714285715,14.001626666666667,13.984781666666668,13.967479999999998,129.9180024509804,13.95617125,309.785922556391,306.4964479400749,306.1429745318352,304.6533257575758,13.32665,13.35433142857143,13.339942857142857,13.5,13.5,178.33998,92.81931435,20.765244237288137,164.72036194029852
2021-07-21 02:00:00,164.2141966442953,164.23997416666668,165.07881574468084,164.39717021276596,178.20028,520.5595978260869,520.8282479768786,518.9484447058824,63.617262546583845,737.902217610063,736.3646769230769,2.11226,301.547711328125,610.8902536764706,302.3940934615385,301.98784214559385,309.2885866920152,2.0184876666666667,2.1744355000000004,2.1886126666666668,2.024718,2.1145484999999997,13.9330225,13.97572125,13.963085,13.95664875,127.46907135678391,13.952835,311.41605238095235,308.3812280898876,308.3246384615385,306.824177394636,13.32564125,13.342615,13.331362500000001,13.6,13.6,164.8363,90.37686151685394,20.27307615384615,164.38704419475656
2021-07-21 03:00:00,164.64528333333334,164.51823080168774,165.39002155172415,164.697713215859,178.20028,521.9334522807018,522.5021359281437,521.1356595238095,63.325997483870964,734.6674611842105,733.9936924050633,2.1374355,300.5922061538461,607.5547779850746,300.7029263779528,301.15624082397005,308.1426332061069,2.0340635000000002,2.207176,2.2081935,2.0380684999999996,2.141822,13.879311428571429,13.91353142857143,13.905901428571427,13.905631428571429,127.23216783919597,13.906583000000001,310.4238996124031,306.882133201581,307.16941018867925,305.67506539923954,13.275354444444444,13.298747777777777,13.287560000000001,13.4,13.4,164.8363,90.05541210526316,20.445507234042555,164.67463371212122
2021-07-21 04:00:00,164.74355588235292,164.59054388185652,165.44739647577094,164.78219140271494,178.20028,520.7340914590748,521.324265,520.0502083333333,63.07279702531646,731.7350980263158,731.1632310344828,2.1374355,298.6413699619772,604.8145578754578,299.11277954545454,299.04734980694985,306.7178643122677,2.0340635000000002,2.207176,2.215822,2.0380684999999996,2.141822,13.92404,13.967295,13.955216666666667,13.957761666666665,126.48654615384615,13.96253,308.4408984251969,305.6420041044776,305.6549661538462,304.24338843283584,13.328501666666668,13.349863333333333,13.33511,13.55,13.55,164.8363,89.50578833333333,20.539888214285714,164.75386258992805
2021-07-21 05:00:00,164.75896043165469,164.5858411764706,165.457355,164.76361822222225,178.20028,525.5744077464789,526.3833797385621,525.2895246153846,63.40750284768212,735.4472675675676,735.3834101449276,2.1374355,299.993607518797,607.5912936567164,300.36796363636364,300.5943433962264,308.0261935361217,2.051419,2.215441,2.215822,2.055233,2.141822,13.883673333333334,13.93265,13.919298333333332,13.919616666666668,128.3077035897436,13.893914285714287,309.80740871212123,307.26626498054475,306.9291887218045,305.5432480620155,13.259297142857141,13.282475,13.26321857142857,13.5,13.5,164.8363,90.72519479041915,20.490217400000002,164.79408265682656
2021-07-21 06:00:00,164.78145,164.62839704641348,165.47574058577405,164.77407573221757,178.20028,523.331888172043,524.0512792682927,523.423245945946,63.2081722754491,733.2138944444443,733.2261557142857,2.129616,299.31465944881893,606.690917164179,299.93698416988417,299.8514976744186,308.1098411290323,2.0323465,2.1912190000000002,2.2039975,2.0336815,2.131141,13.928628571428572,13.977017142857145,13.960667142857144,13.963935714285714,126.74147777777779,13.960727777777779,309.3524751968504,306.71212030075185,307.1054085271318,305.6173712598425,13.3231625,13.354186666666667,13.337912222222222,13.35,13.35,164.8363,89.44074760638298,20.421024042553192,164.76666545454546
2021-07-21 07:00:00,164.7004462686567,164.58200995850623,165.3868781512605,164.740680334728,178.20028,526.0140269503546,526.6726615384615,525.4105547619047,62.90930554285714,729.6130450867053,729.1260726027398,2.129616,296.99366,601.4168886446886,297.4641984848485,297.767965,304.96279736842104,2.0323465,2.205523,2.216585,2.0336815,2.131141,13.879221666666666,13.928836666666667,13.911986666666666,13.895458333333332,128.32965047619047,13.901815714285714,306.694145703125,304.0184672862453,304.01350833333333,302.6337544401544,13.265834285714286,13.283054285714286,13.274337142857144,13.3,13.3,164.8253,90.74566975247525,20.089226086956522,164.741530075188
2021-07-21 08:00:00,164.817414893617,164.6892598253275,165.46242785388128,164.80256875,164.8363,527.5275945054946,528.2551536912752,527.0457536585366,62.837138206521736,728.9074565934067,727.9977161764706,2.129616,295.12818625954196,598.4668832713755,295.89646022304834,295.74029298892987,303.61947246376815,2.046079,2.223451,2.218111,2.048749,2.143729,13.824546666666668,13.868755,13.852865,13.853818333333335,130.2690315,13.835062857142857,304.4993308270677,302.5808879844961,302.7366416666667,301.2786602941176,13.188237142857144,13.205674285714284,13.199791428571428,13.1,13.1,164.82713333333334,91.10051222891566,24.485112459016392,164.8064276119403
2021-07-21 09:00:00,170.01924058823528,169.30499618644066,170.5747034934498,169.6214298755187,177.09820833333333,552.2480303249097,551.7680675824175,547.1266736842106,65.50406851851852,760.0647,759.2675188679245,2.3160282,306.7532157894737,623.1383463503649,307.36700413533833,307.47625186567166,316.25610343511454,2.199628363636364,2.3765383333333334,2.3881091666666667,2.211944416666667,2.3211399,13.87866375,13.9165975,13.85294375,13.878658571428572,135.6584533632287,13.836622727272728,317.2977305660377,315.4553887218045,315.49739433962264,313.9300770676692,13.129387,13.144951,13.139,13.466666666666667,13.466666666666667,170.8214714285714,87.43709106060606,51.105784774774776,169.5359932330827
2021-07-21 10:00:00,253.09894926829267,253.16361595330739,252.5913912,252.6369594488189,253.24537142857142,816.5969210526316,806.44635625,824.8097675000001,91.9147373480663,1065.8992179775282,1088.897859390863,3.3894568,417.0719287313433,839.4924617100371,417.9196,417.72773713235296,424.24535634328356,3.1490788333333337,3.3659292,3.389708,3.1524005416666667,3.3896857,17.163794999999997,17.274074285714285,17.254185714285715,17.259362857142857,222.7005756521739,17.21222714285714,436.0328532818533,423.68463256704985,423.1271981273408,421.3064841509434,15.98871,16.008798333333335,15.995578333333333,16.25,16.25,243.34792068965518,99.46563239795918,93.83978662337663,253.9789567857143
2021-07-21 11:00:00,313.6710857988166,313.48803983050846,314.38446419753086,313.74527469879513,313.142985,989.1879427046263,990.131219266055,988.2477538461538,103.15300920245399,1196.7272375,1196.8920864661654,3.9289330909090907,462.2513061538462,932.3527159851301,463.1890884758364,463.1149214814815,469.78875814814813,3.7050655999999997,3.968688,3.980393625,3.7066579374999997,3.9317071818181817,18.507566,18.57568,18.562326000000002,18.555844,264.8044662601626,18.558731428571427,484.61104344569287,469.1976073359074,469.797075862069,466.822375,16.919438333333332,16.940291666666667,16.928083333333333,17.1,17.1,312.68245625,107.82833142857143,95.15173569832403,313.8005084558823
2021-07-21 12:00:00,288.7494619318182,289.6323713080169,290.78109880952377,290.3297752066116,284.96130416666665,899.1512135714286,898.3692452554744,899.3023599999999,96.65446678571428,1120.1217975757575,1144.2321747474748,3.555135357142857,434.734604961832,878.1122379182157,436.78549848484846,436.6295977443609,441.82556603053433,3.3740606875,3.596372375,3.6070530625,3.3781613125,3.5537729285714286,18.164864285714284,18.22742,18.20861857142857,18.212432857142858,245.00915289256196,18.212584444444445,455.2381105263158,441.3103877862595,442.46233924528303,439.8110513207547,16.83225285714286,16.853828571428572,16.839445714285713,17.1,17.1,291.2808842105263,101.75056830769232,91.78136802816901,289.73261
2021-07-21 13:00:00,259.9906554216867,259.8000510460251,260.6998713692946,260.01837142857147,284.96130416666665,819.8844765124555,821.1835561643836,819.8085093023255,89.35244310344828,1036.4758959537571,1036.609373493976,3.2609855,406.4440985185185,824.0777646840149,407.5129063432836,407.3579260536398,417.1078437262357,3.0912420000000003,3.29855825,3.3200147500000003,3.0860925000000003,3.2592689999999997,18.021221,18.075982,18.071407,18.063205,212.2937331707317,18.050927692307692,425.033449034749,416.54898550185874,417.1805424710425,414.5083053846154,16.87425153846154,16.895965384615383,16.883876153846153,17.1,17.1,260.14302,92.45791726256982,83.68396407643311,259.9849630824373
2021-07-21 14:00:00,259.9365455089821,259.74410655737705,260.64835204918035,259.9415463519313,284.96130416666665,821.3274226950355,822.1938044999999,820.1357122807018,89.62029098901098,1039.6581396648044,1038.844361111111,3.25583625,407.9879363984674,826.2275114814814,408.9541850746269,408.89710264150943,417.8147076335878,3.0786544,3.309811,3.3199574,3.0832318,3.254787,17.98761222222222,18.0397925,18.035636666666665,18.03001875,213.4782384976526,18.03499888888889,426.757810546875,417.07786860465114,417.68609003831415,415.3037830258303,16.851795555555555,16.8698525,16.86010111111111,17.1,17.1,260.43491,92.73055204678363,79.83111162011174,259.95495053763443
2021-07-21 15:00:00,260.01520177514794,259.83079224489796,260.744408974359,260.0451995884774,284.96130416666665,826.7108272084805,828.3584507692308,826.6613289719626,90.07152867052024,1044.782694117647,1046.1692866242038,3.299893,410.22964511278195,831.5364660516605,411.0357426923077,411.1377652985075,421.5348026022305,3.115654,3.339182,3.3530413333333335,3.120232,3.300275,17.970052857142857,18.03615142857143,18.02388857142857,18.021710000000002,213.11535745614034,18.019317777777776,429.4383909090909,420.8554686792453,421.43618089887644,418.9562629213483,16.827044444444443,16.85789888888889,16.83513875,17.1,17.1,260.50950000000006,92.93465867021277,79.04570508196721,260.02125054545456
2021-07-21 16:00:00,259.9998282208589,259.8613547008547,260.7390911016949,260.05613223140494,284.96130416666665,836.5345258865248,836.8027628272251,834.3029113207548,91.56261912568306,1061.9710944444444,1060.0218194444444,3.327866333333333,417.15846108949415,844.0186191881919,418.41759846153843,417.95720981132075,425.68085267175576,3.1435003333333333,3.3760553333333334,3.3876259999999996,3.145661333333333,3.3302816666666666,17.941118,17.993463333333334,17.993974,17.992449999999998,218.16425136363637,17.983835714285714,436.3903087452471,425.600694980695,425.66461541353385,422.9834667938932,16.78691285714286,16.803225,16.791273333333333,16.9,16.9,260.51131,96.92816795811518,99.38399321951219,260.0209501831502
2021-07-21 17:00:00,255.86533856209152,255.72313099173553,256.58772016129035,256.0085090163935,264.2,835.9557225,837.115552,834.3746171717172,90.33942241573034,1048.0789261363636,1050.2604305555556,3.3336892,409.40994460966544,830.7436862815885,410.7643059701493,410.5557044117647,420.2225988721804,3.149603,3.377644666666667,3.3897875,3.1537227999999997,3.328565166666667,17.994393333333335,18.05704,18.046863333333334,18.0475,217.9593132780083,18.044705999999998,428.6395688888889,420.23692352941174,420.09859448529414,417.6624961538461,16.80475,16.847725,16.818738,16.9,16.9,256.6060333333333,97.50423930348259,104.00864082969431,255.88620253623188
2021-07-21 18:00:00,273.8478016853933,273.8003286885246,274.7465445736434,273.99902637795276,275.38475,894.2525219858155,894.737278125,892.593012605042,96.6550169005848,1120.837918128655,1118.5669746835442,3.524056333333333,437.30572916666665,882.8982755555555,438.0473464684015,437.865607063197,444.63592389705883,3.327281,3.566469857142857,3.5917541428571433,3.3303328,3.5291426666666665,18.152440000000002,18.212922,18.199574000000002,18.197286,237.80436693877553,18.203004,457.6715022556391,444.459075,444.6963015325671,441.92015134099614,16.83674,16.867563999999998,16.853218000000002,16.700000000000003,16.700000000000003,274.4030568181818,104.04688271028037,115.42223483146068,274.0946531135531
2021-07-21 19:00:00,272.11174203821656,271.8664208163266,272.771288185654,272.0826622881356,271.848,877.6118693950178,879.3764005347595,876.8227011363637,95.21514123655913,1104.4613783783784,1103.8896642335765,3.4559045,433.1606290697674,874.1864174545454,434.32959490909093,434.03992218045113,439.59978345864664,3.2678516666666666,3.50778175,3.51884375,3.270903333333333,3.4580025,18.216903333333335,18.280823333333334,18.258570000000002,18.265563333333333,230.23433395348837,18.251258333333332,453.4957620689655,440.0436988929889,439.53318816793893,436.8935396226415,16.93063,16.949191666666668,16.934088,16.700000000000003,16.700000000000003,271.7392970588235,100.34757042328043,118.76300307692307,272.07525770609317
2021-07-21 20:00:00,271.4100224242424,271.21997600000003,272.0749291304348,271.36721806722693,270.0961,877.8265430604982,879.8195333333334,877.8041029126214,95.25696860335196,1104.9313662790698,1106.3089324324326,3.4533300000000002,433.4115926923077,875.096656133829,434.51900684410646,434.15312407407407,440.7112602941176,3.2562177500000002,3.4964335,3.50701825,3.2586969999999997,3.4571445,18.164644000000003,18.211016,18.216358,18.217883999999998,231.07272918454936,18.223921666666666,454.05118455882354,440.5509313868613,440.70295751879695,437.97363345724904,16.893246666666666,16.922998333333336,16.90825,16.700000000000003,16.700000000000003,271.3712735849057,100.90492106796117,116.35421726190476,271.33424321428566
2021-07-21 21:00:00,277.52945784313727,277.75625330739297,278.4842830645161,277.66197578125,282.5877588235294,894.0969133802818,893.4736724444443,890.4267422619048,96.57277543478261,1119.8368833333334,1112.9135260663506,3.525776823529412,437.65135534351145,882.6839653136531,438.69586428571426,437.90084782608693,444.4573527881041,3.3196521,3.5693579047619046,3.579693333333333,3.3237907499999997,3.514117777777778,18.230467777777775,18.292687777777775,18.275312222222222,18.275734444444442,236.460905106383,18.264291111111113,458.24155629629627,444.2418474264706,444.8144042145594,441.76242044609666,16.887512307692308,16.89256230769231,16.891848333333332,17.0,17.0,279.3100578947368,103.51017669999999,118.39526290322581,278.04935551601426
2021-07-21 22:00:00,263.9419846560847,263.83519919354836,264.4276278688525,263.9088362549801,262.96426,824.1620336917563,826.4147214285714,826.5414592356688,87.76538329479769,1018.0697058479532,1019.2938590909091,3.2219510000000002,394.2559078358209,797.7350257462687,393.89488153846156,394.93968843283585,404.1853581395349,3.06721075,3.29522025,3.3092385,3.06835525,3.224493666666666,18.066232,18.129386,18.115274,18.116798,219.81022291666667,18.09500142857143,411.7281105263158,403.05592659176034,403.9322469924812,401.7570748091603,16.90818625,16.924451428571427,16.90091285714286,16.8,16.8,264.25579347826084,99.00399225806451,108.92421843575418,263.96163309608545
2021-07-21 23:00:00,244.88697343750002,243.8890230452675,244.73776547619048,244.1099746031746,255.36587272727272,734.4374314685315,740.758447979798,744.4817794117647,80.3385781920904,931.9470344632769,945.0041860465117,3.0080322857142856,367.10413295019157,745.54703099631,368.75479427480917,368.07748996139,377.1370556862745,2.8470685,3.06568525,3.0771285,2.855834857142857,3.0103753333333336,17.23023,17.21277,17.187434285714286,17.187704285714286,190.36384819819818,17.2118175,383.3925694117647,376.45069360902255,376.2726462745098,374.1581466403162,16.168311428571428,16.184881428571426,16.17352125,16.2,16.2,246.27856888888888,96.89213714285714,104.09226106741573,244.04393393501803
2021-07-22 00:00:00,236.71791104651163,236.69214767932488,237.66573191489363,236.69701497975709,237.41025000000002,733.4931793594307,735.3854122549019,736.3255912000001,80.59438311111111,934.7342271186441,936.7346143712574,2.9353576666666665,367.5227831460674,746.0077305147058,367.9070080152672,368.26764452554744,377.7857475836431,2.76090925,2.9808768333333333,2.997914833333333,2.7629122500000003,2.928364333333333,16.3559225,16.4136375,16.362146666666664,16.359603333333336,187.17067751196174,16.4131625,382.61204606741575,377.7002796934866,377.0386093283582,374.9588481343284,15.3436825,15.355889999999999,15.349785,15.4,15.4,237.3928223880597,96.67657053475936,101.8193145341615,236.7510380952381
2021-07-22 01:00:00,207.59259470899468,211.04993229571986,211.28547953667953,211.49372244897958,183.4373285714286,655.0746067137809,647.4887067873303,629.6468140939597,72.43900440251572,840.2876719745224,820.5461594285714,2.5817568888888887,329.73891343283583,666.0518814545455,329.8740968503937,330.4856690566038,338.1936550185874,2.498792,2.673792923076923,2.701894285714286,2.4849965,2.584172555555556,14.877612857142859,14.920822857142857,14.907474285714287,14.905292857142857,166.56356699029126,15.0022875,341.694683908046,336.67425076335877,337.5218212686567,335.68329154411765,14.1766475,14.1785575,14.181605000000001,14.333333333333334,14.333333333333334,202.92868048780488,93.11662951871658,84.73156025806452,211.683476534296
2021-07-22 02:00:00,164.49463495145633,164.31544527559055,165.24307044534413,164.54090682730924,164.4701375,526.5115136842105,527.7960570175438,527.3731049382716,59.153968789808914,686.6368562091503,684.558794117647,2.150328,279.049922605364,564.3645910447761,279.7663496240602,279.624115625,285.7779610687023,2.0477635,2.208692230769231,2.221571357142857,2.0509421666666667,2.1528075,13.749350000000002,13.789831428571429,13.774304285714285,13.775937142857144,120.55409024390245,13.77307625,286.5507098425197,284.5970348178138,285.013343129771,283.6568910505836,13.131295,13.172107142857143,13.15794,13.15,13.15,164.09906315789473,83.35006976331361,41.13256597402598,164.57056606498193
2021-07-22 03:00:00,164.80303575757574,164.62689426229508,165.50220991735537,164.78690550847458,165.55485,518.6238,519.5974305389221,518.5981395833334,59.0237347368421,684.5750719178083,686.216380952381,2.1593679999999997,280.2948707224335,566.9097538745388,281.0767496062992,280.85866996197717,286.8329968503937,2.039785,2.2168396666666665,2.2281556666666664,2.04379,2.1607035,13.708205714285713,13.748694285714285,13.73861142857143,13.734797142857143,117.32348609625669,13.7478075,287.97912490272375,285.99632384615387,285.9574248062016,284.56710833333335,13.09429375,13.1097425,13.10268375,13.149999999999999,13.149999999999999,164.73858888888887,81.20996398843931,41.595833404255316,164.80862321428572
2021-07-22 04:00:00,165.4863549382716,165.4259846153846,166.28419297520662,165.55687375,165.13438666666667,529.5785473309609,529.9673160305343,528.8354989361702,60.2780538607595,699.241747368421,698.14777125,2.184543666666667,286.0688221374046,578.9024644194757,286.2629396226415,286.74815917602996,293.85955703422053,2.0916234,2.2514875,2.2617485999999998,2.0910132,2.185815,13.62674142857143,13.673218571428572,13.662049999999999,13.661777142857144,120.13547807017544,13.649424444444444,294.1665509960159,292.68963678160924,293.011611627907,291.55845114503813,12.985527142857142,13.003181428571427,12.95494,13.0,13.0,165.68175,82.78924407035177,42.786623636363636,165.58366974169743
2021-07-22 05:00:00,164.57027819548873,164.49892893617022,165.35861486486488,164.63679790794978,164.62043,530.0605341726618,531.042084090909,530.5003979591836,60.238221379310346,698.7595947674419,698.4611611111111,2.203616,285.0789259398496,577.5853088235294,285.97319655172413,285.6903537254902,292.62019533073925,2.078692,2.261787,2.273039,2.0987185,2.205523,13.523588,13.568432000000001,13.5175075,13.51131,121.25627326732672,13.565762000000001,293.50520877862596,291.56009341085274,291.5987513513513,290.21816434108524,12.861153999999999,12.8330025,12.871222,12.9,12.9,165.46292727272726,83.11517945945945,43.39732327586207,164.6278230188679
2021-07-22 06:00:00,165.26900925925926,164.94843559322035,165.86778059071727,165.09117676348546,165.18130000000002,529.074543772242,529.6692289473684,528.6326285714285,60.24827641025641,698.8800374358974,698.4297844155844,2.1936222,284.17691301115246,575.1301206521739,284.92709384615387,284.9451037453183,290.9784485185185,2.0912531428571426,2.25205975,2.2655798888888885,2.0935417142857142,2.1945248333333334,13.64026125,13.67866875,13.65936,13.65888375,123.16235175879397,13.660656666666666,292.1773513307985,290.11311605839416,289.90413698113207,288.62383884615383,12.98424375,13.01571625,13.0059875,12.8,12.8,165.3405909090909,83.25987875706215,45.45491589041096,165.1402227436823
2021-07-22 07:00:00,187.2822132183908,184.2253763265306,185.06525924369748,184.2472476,189.51402499999998,563.2729368231047,573.0823712230215,579.1456035294117,64.92560959064328,753.5055088235293,796.3805277310925,2.4076264166666665,303.52310112359555,616.2640633333333,304.2142923664122,304.0692399253731,312.0094364341085,2.2844828461538462,2.4566030769230767,2.470100538461539,2.2829275384615384,2.4320678181818183,15.083322,15.129883000000001,15.112334999999998,15.119011,142.72409212962964,15.025970000000001,312.5534735632184,311.20385954198474,311.08202568093384,309.31039533073925,14.543283333333331,14.4097125,14.572103333333335,14.65,14.65,200.11935454545454,86.57668770833334,65.18927328125,183.49682710622713
2021-07-22 08:00:00,201.99782318840582,201.78194621513944,202.73384855967078,202.02193585657372,206.15244736842104,614.0193696428572,615.6824256880734,615.6018102564103,71.89679010638298,834.3481156756757,844.3227833333333,2.4227952,326.98574962121216,666.6318275362319,328.6946773076923,328.10493446969696,338.69095820895524,2.3622555555555556,2.5799894,2.5917760000000003,2.363230333333333,2.409915,15.922184999999999,15.981335,15.962898333333333,15.961308333333335,166.4341474178404,15.98284375,338.6468435897436,337.88537249070635,337.8331199261993,335.47073449612407,15.24164625,15.249888888888888,15.229206666666666,14.9,14.9,202.65624067796608,89.02738207650273,73.273597109375,202.51247647058824
2021-07-22 09:00:00,237.02756073619634,236.45010371900827,237.0907584,236.33926341463416,242.92862999999997,746.8504489285715,749.1167361702127,749.800475862069,85.30540959770114,989.5494976470587,993.4669425925927,3.0467652000000003,391.0478034615385,792.4794826086957,392.33128308270676,392.14564415094344,400.31587262357414,2.8940687272727272,3.117498416666667,3.128274083333333,2.896704272727273,3.0491685,17.148535,17.209590000000002,17.194335,17.19624333333333,196.61216147186147,17.195925,408.37252462686564,400.08613097014927,400.0528580152672,397.65617940074907,16.148153333333333,16.147389999999998,16.135185714285715,16.1,16.1,237.26973243243245,101.37487244791667,95.28653596491228,236.4635018115942
2021-07-22 10:00:00,291.99783108808293,291.91024081632656,292.6309744855967,292.208065106383,288.15225000000004,927.9011392857143,918.20262,922.6804592592591,99.02467083832335,1149.4362407407407,1152.640040590406,3.6414784375,448.9227302681992,906.999356884058,449.9260958955224,449.62311484375,456.5480725490196,3.3988694761904763,3.650525347826087,3.6654846086956523,3.401030904761905,3.6223502352941175,18.329702857142856,18.382992857142856,18.3691,18.367465714285714,244.37788193832597,18.35139,470.9389557692308,457.1917813688213,456.3015875968992,454.8268098039216,16.91829375,16.939275000000002,16.939655000000002,17.0,17.0,285.51163499999996,108.11323717277487,118.00124551724137,291.8144967032967
2021-07-22 11:00:00,309.55493714285717,309.2991821862348,310.1145605577689,309.5581801619433,310.0874789473684,981.3231908759125,983.9805715384615,983.3642756410255,104.39466566265061,1210.87349689441,1210.7408007380072,3.858457833333333,475.0924618110236,959.8128607407407,475.91237015503873,476.1078804597701,484.77866015037597,3.640792,3.9092712727272727,3.9164631,3.6451785,3.8538078571428573,18.462937500000002,18.529715,18.5115975,18.512075,250.8240144736842,18.506256,498.10373423076925,483.61736833976835,484.67689767441857,481.6963245136187,16.8652725,16.8862525,16.86451,17.0,17.0,311.3359,107.50360648648649,120.23000714285715,309.497459352518
2021-07-22 12:00:00,297.69628221153846,297.69819395161295,298.4660947791165,297.87505529411766,297.12730833333336,938.5289032374101,944.6440694214876,941.890864516129,101.4216558479532,1176.5398036809818,1186.1563757961783,3.656845357142857,463.35038345588237,937.4268735074627,463.805391796875,464.4427645038168,474.34727555555554,3.4502467222222224,3.70327275,3.7174680476190476,3.4559895555555555,3.6577170714285714,18.357274,18.418904,18.397546,18.400212,239.25687280701754,18.35107,485.690447761194,473.9502546816479,474.2202911439114,471.2553496153846,16.905451666666668,16.922998333333336,16.912316666666666,17.0,17.0,297.7667666666667,107.09144677419354,114.92611355932203,297.91362877697844
2021-07-22 13:00:00,305.18761666666666,305.9454911504425,306.7905330543933,306.19452058823526,303.0638230769231,970.0172731884059,970.2786169999999,966.9439541666667,101.85965644444445,1181.7210730337079,1181.8375152671756,3.8031732,461.7064571428571,936.1042600746268,463.820664453125,462.9056883018868,472.29236804511277,3.55713125,3.81689625,3.826623,3.562376125,3.8050044,18.39142,18.456285,18.448659999999997,18.448659999999997,245.92564155251142,18.43785,484.3629856589147,472.3957112449799,472.28801793893126,469.4486881226054,16.870613333333335,16.884856666666668,16.867053333333335,17.0,17.0,304.731525,107.25662020725387,116.90201823899372,305.87865090909094
2021-07-22 14:00:00,317.7912787671233,317.68652489626555,318.45527949790795,317.85776463414635,317.59718333333336,1000.2928631768954,1001.314904854369,998.671262264151,102.63144833333334,1190.5112681564246,1190.9772238267149,3.95645775,465.6248961977186,941.1184220973782,466.33225116279067,466.6129203703704,475.205462835249,3.740463666666667,4.003825428571429,4.008566142857143,3.7353781666666666,3.9554726666666666,18.39142,18.456285,18.448659999999997,18.448659999999997,249.9171133603239,18.565,488.0762483271375,474.7363939849624,475.2907550387597,472.47350954198475,16.88587,16.90723,16.90418,17.0,17.0,317.660075,107.32510146341463,115.92928238341969,317.8658728301887
2021-07-22 15:00:00,321.72887848101266,321.6212660869565,322.39124773662553,321.81231271186437,321.30066999999997,1014.8987864768684,1016.3320434782609,1013.0538113207547,103.60218052631579,1201.667829787234,1201.8380780669147,4.0099941999999995,469.63750271317826,948.3422469924811,470.7201069230769,470.8265335849057,477.6645286245353,3.793294,4.060955,4.0723984,3.79577375,4.0111381999999995,18.47915,18.541635,18.53067,18.529715,252.95391354581673,18.508926,492.11926156862745,477.7536069230769,477.74919557195574,474.8499049242424,16.830940000000002,16.85383,16.837046666666666,17.0,17.0,321.5452833333333,107.83813650793651,116.76542324324323,321.86267838827837
2021-07-22 16:00:00,319.7975034965035,319.5770773279352,320.4463431623932,319.79364556962025,319.71657272727276,1010.6715306859206,1012.6508484848484,1010.6891470588234,102.3538287431694,1187.193361111111,1187.2040518518518,3.9698403333333334,462.80019923371646,936.2283755555555,464.54469433962265,463.8237115384615,471.5199101123596,3.7619771999999996,4.0287612,4.0408148,3.7643423999999994,3.971239,18.323705,18.37332,18.37332,18.38095,251.4720076923077,18.38524,484.9720131086142,471.79293820224717,471.65002,468.697121969697,16.68828,16.699725,16.68752,17.0,17.0,319.92491666666666,107.41489712918661,114.65361475935829,319.8151136531365
2021-07-22 17:00:00,319.4719684210527,319.3623460580913,320.1301642857143,319.513997188755,319.7369,1011.6133458181818,1013.8882178217823,1011.4155233333333,102.5691977142857,1189.8041337209304,1188.873624535316,3.9866875,464.9784382022472,941.0789924528301,465.84985037313436,466.0359228136882,475.1695241509434,3.7639863333333334,4.036212,4.046892666666667,3.767165,4.002645,18.56211,18.579305,18.60887,18.60887,249.05643529411762,18.60124,487.4133116981132,475.21265000000005,475.27051488549614,472.4123022900763,16.8996,16.911810000000003,16.897315,17.0,17.0,319.5097333333333,107.14559214659685,110.26062790697675,319.544440942029
2021-07-22 18:00:00,291.15892183908045,289.35692661290324,290.02754090909093,289.29677913385825,295.7759375,915.6558389891698,921.1119005780346,922.0153762886598,97.04276529411764,1125.7554021739131,1130.5170722891567,3.5963405833333333,444.74087932330826,900.0104102941177,445.3188985185185,445.3983056603774,455.04220226415094,3.378246823529412,3.632783705882353,3.6393133529411763,3.3933475333333334,3.5935776923076923,18.23693,18.298465,18.287972500000002,18.248398,225.0952581300813,18.23886166666667,465.92482118959106,454.9714112359551,455.1382481617647,452.1512193181818,16.803477142857144,16.81019,16.79463,16.9,16.9,289.5657692307692,100.43997724637681,98.08554316062175,289.089328113879
2021-07-22 19:00:00,287.10594065934066,286.96534749999995,287.7945580645161,287.21303025210085,285.8626,917.8644328519856,918.6708124352332,918.5652160714286,98.37149276836158,1141.1826214689265,1140.0192402597402,3.5928015555555555,448.34947509578546,908.7870029850747,450.1544288888889,449.4364673003802,458.34680499999996,3.388913375,3.6451370454545455,3.657107842105263,3.3988403,3.5957684444444444,18.23693,18.22551,18.20644,18.20072,231.5832424778761,18.14827,469.8036757575758,458.61671455938693,458.23446679536676,455.5721011450381,16.697435,16.742446666666666,16.717016666666666,16.9,16.9,287.5268564102564,103.41166293269231,104.61736984042552,287.18706582733813
2021-07-22 20:00:00,289.49689086021505,289.39407489711937,290.2023199170124,289.69710978723407,287.8062333333333,930.2622351063831,931.9086048128341,928.6615105263159,98.0980025698324,1137.966129943503,1136.4245999999998,3.61172575,447.74721605839414,901.8161719557196,448.4001911439114,448.7366003649635,454.34647425373134,3.4244355,3.683199125,3.693273571428571,3.428059166666667,3.6180958,18.2421725,18.323735,18.3089525,18.30943,237.2721862903226,18.277388,469.0305451851852,453.69477765151515,454.30056666666667,451.47115289575294,16.754044,16.772048,16.758012,17.0,17.0,287.4564288888889,103.75119110576922,103.60234641304349,289.5477633699634
2021-07-22 21:00:00,294.18004684210524,294.1137728744939,294.8215319672131,294.2980128514056,294.6925962962963,930.2141898550725,930.757601369863,929.2559435114504,97.23347563451776,1127.9067823834196,1129.7413076923078,3.6533414,441.5828116981132,890.0656963235294,442.52323684210523,442.70617265917605,448.2215721804511,3.4465212000000003,3.6979707,3.70821275,3.45014495,3.6546128666666666,18.2211,18.28845,18.273956,18.273572,238.79711666666668,18.306975714285716,462.4734018796992,448.0640324528302,448.21237662835244,445.37093721804507,16.7922275,16.83128222222222,16.814157777777776,16.8,16.8,292.2292447368421,103.12792572864322,102.55248932291666,294.33380291970803
2021-07-22 22:00:00,299.93959047619046,299.67806194331985,300.45938816326526,299.9198652173913,294.6925962962963,948.4813380782917,950.2283401913876,947.9573527777777,99.61480379120879,1155.452451977401,1154.3767873563218,3.756866,453.39053768656714,915.2523773722628,454.84682121212126,454.30221449814127,460.9631159851301,3.532511833333333,3.7960914999999997,3.8031481666666664,3.5387423333333334,3.75801025,18.323706,18.389532,18.371222,18.374656,239.47558122270743,18.401358,475.25265355805243,460.4375653284672,460.80129027237354,458.04550617760617,16.88028,16.875192000000002,16.878546,16.8,16.8,300.1081,101.78008697297298,101.660137,299.9563609318996
2021-07-22 23:00:00,299.9349204545455,299.77348106995885,300.5272490039841,300.01177704918035,294.6925962962963,946.1994418181819,947.9553736585366,946.276115625,99.45924,1153.7659874213837,1154.7384417177914,3.7428565454545453,453.70125648854963,915.8012513011153,454.5379722007722,454.6013484848485,462.0961942528736,3.5290233125,3.7884545625,3.79918275,3.5350421333333335,3.7479023,18.301582,18.365502,18.35215,18.351768,238.3989076233184,18.36450125,475.4747298181818,461.2935521235521,461.9505739463601,459.1094969581749,16.82551777777778,16.855357777777776,16.83891222222222,16.8,16.8,300.1081,100.77364438502674,100.03186568965518,300.0282580882353
2021-07-23 00:00:00,281.30733010204085,283.4302150793651,283.63398114754096,283.48625059288537,274.8192903225806,892.8184903571429,890.0834319819819,882.7604734848485,95.25450308988763,1105.0191193181818,1087.5467743589745,3.41981992,431.95196133829,871.7442719557196,432.78369094339627,433.0151337121212,440.64037890625,3.2412384615384613,3.485036037037037,3.495674074074074,3.240827730769231,3.4378496296296297,18.099928333333335,18.160981666666668,18.141591666666667,18.142863333333334,231.59928782608694,18.14105,452.6217128404669,439.65775873605946,440.5745814671815,438.08150226415097,16.763103076923077,16.78618666666667,16.757471538461537,16.75,16.75,275.6741271428572,99.88004668478261,101.61675834319526,283.58395072992704
2021-07-23 01:00:00,288.8685618025751,289.47442840466925,290.0374046511628,289.6372071161049,288.63158793103446,929.0994077738516,928.1075512295082,927.3892384236453,99.37296994219652,1152.9789941860465,1154.5422793522268,3.652823172413793,451.3880883458646,912.2306498141264,452.7428850980392,452.4395114814815,461.31363045112784,3.4521992571428575,3.7192336000000004,3.7230868333333333,3.4683072285714287,3.665931892857143,17.900304545454546,17.988061,17.993002727272728,17.974519,239.97897438016528,17.977132307692308,473.3342007662835,460.26564752851715,460.6723857142857,457.799792578125,16.451240476190474,16.473908636363635,16.45661666666667,16.466666666666665,16.466666666666665,287.54669655172415,103.7281159223301,110.80479757575758,289.5570046263345
2021-07-23 02:00:00,307.83892542372877,307.79933939393936,308.5899606060606,308.187487732342,306.9521659574468,973.9265510714287,974.6385083665339,973.176844723618,103.28510515151515,1197.751915151515,1198.5342754237288,3.8733476315789472,465.4858872659176,939.0445505576208,465.8533347328244,466.4705606741573,474.3572053846154,3.6566446666666668,3.9202040689655173,3.9341671875,3.66895625,3.875368761904762,18.347982727272726,18.411034545454545,18.37705,18.392653636363637,258.2072860262009,18.383811666666666,488.28992689393937,473.6929177865613,474.2980125,471.64751891891893,16.77628294117647,16.800875294117645,16.77260411764706,16.84,16.84,307.4037920289855,107.25458795811518,113.70929865979382,308.1000057761733
2021-07-23 03:00:00,288.7540224,288.46322592592594,289.3607907407407,288.7544523809524,288.8353017699115,914.0266933098592,915.983445703125,914.4234184079602,97.43573747058822,1129.3652891566264,1129.1382886178862,3.6171068214285715,439.3338133828996,889.777947985348,440.34811330798476,440.16988727272724,450.0157821561338,3.4162452857142855,3.6654093157894736,3.67386325,3.421294117647059,3.619109357142857,18.24265,18.30498,18.287495,18.289085,240.32939409282702,18.319813333333332,460.4858076335878,449.6314845864662,450.0414485074627,447.201192481203,16.89421823529412,16.920869375,16.899244117647058,17.1,17.1,288.84449594594594,104.24075485576924,110.96461334951456,288.7099792253521
2021-07-23 04:00:00,285.7285297188755,285.4597549242424,286.2221157692308,285.84489274809164,285.89993032786884,896.7254060714286,898.3900773076923,896.7193456621004,97.41180577540106,1129.986320855615,1131.162353909465,3.526973771428571,444.1418629343629,896.6076025641025,444.98109509433965,445.231849609375,452.2336884169884,3.3351102500000005,3.5816135581395354,3.592341204545455,3.3389402682926828,3.530166857142857,18.202732857142855,18.276731428571427,18.254392857142857,18.25439,234.11178007968127,18.271092,464.71091115384615,451.77479541984735,452.20261538461534,449.40255648854964,16.91396411764706,16.93181388888889,16.917285294117647,16.925,16.925,286.21266496815286,100.33009875576037,109.12992849765259,285.83606738351256
2021-07-23 05:00:00,300.00162978723404,299.39510038314177,300.22098287937746,299.65718576923075,299.2135936,950.6943850533808,952.7672418604651,950.1963088372092,101.78691257309941,1180.5899166666666,1179.259390438247,3.752383916666667,463.50015192307694,932.448229588015,464.48155055762084,464.2110022727273,469.17262272727277,3.5494809574468085,3.8053096530612245,3.81368628,3.5515206458333335,3.7616039473684206,18.275506363636364,18.34167909090909,18.323993636363635,18.328501818181817,247.55254317180618,18.308473333333335,485.7196883895131,468.1693719101123,469.20464535315983,466.43276000000003,16.756539411764706,16.770419444444443,16.765065294117647,16.8,16.8,298.96514313725487,104.38653832512315,116.09193383838384,299.8274863309353
2021-07-23 06:00:00,303.60197280701755,303.41941472868217,304.33542835820896,303.3675353612167,303.27961562499996,963.2830334519574,964.7800665338646,961.5817057291666,101.93905375634517,1182.628387755102,1180.3603869565218,3.811189275862069,458.73037007575755,927.7343607272727,460.3640643382353,459.62743246268656,468.4007932330827,3.5980456363636364,3.8572211212121212,3.868468090909091,3.60491925,3.8102821785714283,18.197831111111114,18.286542222222224,18.268317777777778,18.24755222222222,252.97644268292683,18.294886249999998,480.4492688461538,467.787587593985,468.2680269372693,465.6969447761194,16.674703333333333,16.690461428571428,16.669209333333335,16.8,16.8,303.41922094594594,105.45131491712706,118.17643675675676,303.64003169014086
2021-07-23 07:00:00,297.6047661087866,297.46294141791043,298.4769365019011,297.78949204545455,297.5183950413223,936.705222261484,937.4483843373494,935.4532170731708,98.84307598984772,1146.5742588832486,1147.705011904762,3.72496075,445.63867132352937,902.6028312949641,446.40523880597016,446.60477545126355,457.4945025925926,3.5057355151515153,3.7622172857142857,3.7781709117647058,3.5103360606060603,3.726323107142857,18.299355384615385,18.36708846153846,18.348306153846156,18.348894615384616,245.06928872180453,18.342397857142856,467.3186648550724,455.93229094339625,457.62333246268656,454.51874535315983,16.87455,16.903671666666668,16.8914415,16.9,16.9,298.4351503030303,104.61903587443945,113.38049692982456,297.9860580645161
2021-07-23 08:00:00,266.90595975609756,266.6627734848485,267.45275665399237,266.89174603773586,267.56710725806454,822.7111922535212,825.0005898832685,822.0340522123893,90.06772463768117,1044.37263627451,1042.2154142857144,3.2622198235294118,402.5219656126482,818.8335311111111,403.2750368821293,403.44837056603774,415.39355627376426,3.073481536585366,3.3041980714285715,3.3151873809523806,3.0755562439024393,3.2648337352941175,18.075344444444443,18.124004444444445,18.105991111111113,18.10472111111111,222.52994576271186,18.112032,420.4310022813688,415.7784302238806,415.68727384615386,413.1438778625954,16.929585,16.950925454545455,16.930395454545454,16.85,16.85,266.7795632183908,101.88454957943925,107.92634167441861,266.86344184397166
2021-07-23 09:00:00,257.68020476190475,257.46342783882784,258.29108145454546,257.5891597785978,257.73142846715325,789.629236971831,791.381518076923,790.9007395454545,86.09843036649215,998.409982631579,997.9990988549617,3.146701909090909,383.251165917603,781.5466908759124,385.12067940074905,384.2060951492537,396.75079396226414,2.9753442162162163,3.2063911249999997,3.2156959268292686,2.978797837837838,3.146013205882353,17.751538333333333,17.81514,17.794794999999997,17.79384,216.35195191489362,17.812594999999998,400.5779151515152,397.188122761194,396.3125286821705,394.6051156133829,16.67493,16.69891133333333,16.69896142857143,16.6,16.6,257.7283506097561,102.03015714285715,107.0125362679426,257.56460704225356
2021-07-23 10:00:00,263.8658619246862,263.6447285714286,264.46158522727274,263.6209034090909,263.465161971831,814.7867308510639,816.7399581749049,814.8420577464789,88.43267447674418,1024.6023714285714,1028.6993501976285,3.2295640249999997,397.4809522727273,806.9095731617647,398.1207685823755,398.3737611940299,409.72660190839696,3.0464503617021275,3.2742885833333335,3.286455145833333,3.0511656808510637,3.234470463414634,17.789258888888888,17.835586666666664,17.82499125,17.84236888888889,217.6510473251029,17.817205833333333,415.5892038022814,409.55059233716474,409.33545373134325,407.3327301526718,16.643272105263158,16.667455,16.645788500000002,16.6,16.6,264.0771818181818,103.21583412037036,109.82719971428573,263.6436364912281
2021-07-23 11:00:00,258.57483827160496,257.41356666666667,257.8706018382353,257.42953863636365,258.83563816793895,803.1440480565371,806.0006836575875,804.2751203703704,86.81803177514793,1006.2205165644172,1006.9598475206611,3.1630628214285714,391.52019442379185,794.9106742424243,392.7734962264151,392.2791670454545,404.0786037037037,3.0127774054054055,3.2368305,3.2471391250000003,3.0074165675675673,3.1815884074074074,17.713395,17.77993375,17.784225,17.77182875,215.1742376068376,17.753365555555558,408.81173461538464,402.47369198473285,402.42215187969924,401.48882193308555,16.676127333333334,16.70659142857143,16.715084,16.725,16.725,256.70800121212125,100.75296966346153,99.80298409574468,257.96703556338025
2021-07-23 12:00:00,219.4981044715447,219.56212737642585,220.22205,219.49987819548872,218.9812147826087,686.9309111111111,687.4019593155894,686.2798493023255,77.21314404761904,895.435191017964,893.9212522088354,2.698641151515152,347.80267832699616,709.5323814126393,348.9120965779468,348.43354924242425,361.049216796875,2.5662612368421054,2.764647575,2.7748684285714282,2.567799564102564,2.7024246764705886,16.99090090909091,17.060539090909092,17.036613636363636,17.04424090909091,184.3451805429864,17.043186666666667,361.6002627376426,360.9687,360.44350329670334,358.83505447470816,16.170192222222223,16.17871,16.165539473684213,16.133333333333336,16.133333333333336,219.75859298245615,96.81094335051546,100.97646338383838,219.89784372759854
2021-07-23 13:00:00,208.28098055555554,208.03154603773586,208.93576567164178,208.114373800738,208.2678803030303,703.7371968085106,705.208508880309,703.0703810572687,77.62472442528735,900.5249195266272,902.580231174089,2.838386657142857,350.7738625,712.5065532319392,350.7652715909091,351.952108045977,363.6616866920152,2.69880985,2.886114523809524,2.9063313095238095,2.69611,2.840915028571428,17.175173,17.235658,17.168903333333333,17.221925,188.91772894736843,17.141250833333334,364.80364354243545,362.42327924528297,363.05846779026217,361.0112079847909,16.1808625,16.193792352941177,16.18365117647059,16.3,16.3,209.43769470588236,99.26369191919191,104.92103550505051,208.38514555160143
2021-07-23 14:00:00,272.9927405128205,272.75708,273.63322142857146,273.07675020242914,264.58125,891.3569385454546,893.3129593984963,887.1233449275363,94.67212693251534,1097.9443228395062,1110.1740769230769,3.5352880555555557,427.18356283524906,866.4175852398524,428.04765209125475,429.1089340909091,436.2436953667954,3.339679695652174,3.5797318333333332,3.6130426190476195,3.344904,3.5481545263157894,18.0640875,18.165116666666666,18.112983749999998,18.116084999999998,234.75895067873304,18.153035555555554,446.3057088122605,437.03002269230774,437.30896168582376,434.6279594594595,16.73729625,16.75942375,16.747025,16.75,16.75,259.81254615384614,105.90915502958579,115.78893306451613,272.25302637362637
2021-07-23 15:00:00,301.33002513368984,301.1159079497908,301.9027288702929,301.30248601694916,301.32126666666665,985.9906760869566,988.0485135416667,985.2777476190475,102.80128227848101,1192.3880967741936,1192.2743033707866,3.8212590625,464.03061072796936,938.9452456521739,465.70043320895525,465.16726603053434,473.144672868217,3.5973069000000004,3.8631682727272723,3.8751474782608697,3.599148052631579,3.8165146875,18.333244,18.39411,18.381902,18.381142,253.0714911894273,18.38985166666667,486.82545433962264,473.25552175572517,473.372236328125,470.28271590909094,16.709796,16.712544,16.695452,16.7,16.7,301.41474999999997,107.11389893048128,119.00348606060605,301.35330618181814
2021-07-23 16:00:00,302.21974043715846,302.10436597510375,302.8419594262295,302.2625544354839,302.1325125,991.4026628158844,993.174388764045,991.0599548387097,103.03459222222223,1195.2948977272727,1194.7480666666665,3.8340708,466.9374346863469,942.4667238970587,468.5939011320755,468.00737896678964,474.61033740458015,3.6156672777777774,3.882213611111111,3.89294705,3.6204354444444444,3.8329644999999997,18.475335,18.543065,18.524945000000002,18.524945000000002,253.1012541125541,18.551013333333334,489.46521396226416,474.1319581749049,474.5761696969697,471.59655864661653,16.900113333333334,16.925033333333335,16.907233333333334,16.7,16.7,302.2409307692308,106.89927939698494,118.24182380952382,302.2699170909091
2021-07-23 17:00:00,280.31541584699454,282.35698588235294,282.645850627615,281.7974395256917,268.96783870967744,915.9312815217392,892.1691428571429,869.2004030769231,97.67669272727272,1133.9881500000001,1093.5100024242424,3.4760705333333335,440.4741642585551,888.6567814126395,441.36129153846156,441.58654285714283,448.8312197718631,3.296932523809524,3.543237761904762,3.555208095238095,3.2947649444444442,3.4750788666666663,18.130866666666666,18.19181777777778,18.17592333333333,18.1755,238.3212061674009,18.177406666666666,460.90613231939165,448.680820610687,448.74803590733586,444.94485773584904,16.813603636363634,16.868672727272727,16.858406363636366,16.8,16.8,266.17158059701495,104.64167255555554,115.29777967914438,282.54807773722627
2021-07-23 18:00:00,280.3563352697095,280.73218178294576,281.3753352490421,280.74801460674155,280.8135390625,898.972535460993,901.9923342412451,899.6791745283018,96.71357967213115,1121.8557704918032,1120.6350641129031,3.4649697352941176,438.5188347490348,885.9442498127341,440.1859328358209,439.732844015444,446.37278648648646,3.286967340909091,3.529295022222222,3.541450488888889,3.2924203409090906,3.4589892,18.1468125,18.22529777777778,18.211524444444443,18.20368333333333,232.90449248826292,18.241636363636363,459.611661328125,446.85635852713176,446.6459273076923,443.57911346153844,16.802375555555557,16.80805588235294,16.791721764705883,16.799999999999997,16.799999999999997,279.7067646666667,100.97183951086956,113.44261632911392,281.25456985815606
2021-07-23 19:00:00,299.60302434782614,299.4868609848485,300.39722548262546,299.31071692307694,298.9115625,954.3379056737589,953.5606609756097,951.7896572815534,100.03093989247311,1160.6077213114754,1157.9303605150214,3.695188961538461,454.6046749019608,916.9669119133574,456.21048484848484,455.7477844106464,461.262008988764,3.486732484848485,3.7595567837837836,3.750773742857143,3.4906053714285714,3.69757392,18.335424285714286,18.39007857142857,18.371550000000003,18.381904285714285,242.15557375,18.360652857142856,476.8398127413127,461.03499433962264,461.3074673076923,458.40646781609195,16.81001714285714,16.827303846153846,16.813287857142857,16.75,16.75,299.0950626666667,103.37739359605911,115.6608936,299.7499391459075
2021-07-23 20:00:00,272.57972603305785,272.21801310861423,273.2666815789474,272.5095445736434,271.94125136986304,850.8172035460992,853.177278125,850.5031665217391,92.52872502890173,1073.0807802325583,1073.9527917695473,3.2970223421052633,422.69614694656485,854.5538844106464,423.91441007751934,424.28160643939395,431.7586775590551,3.1325942272727274,3.3619612173913045,3.3667649555555554,3.1228090487804874,3.30374585,18.060193333333334,18.127098,18.109552,18.112224,220.5196630952381,18.10372142857143,442.4320888461538,431.16399847328245,431.1320007722008,428.8564598455598,16.865473157894737,16.88921238095238,16.868858,16.9,16.9,272.2464743902439,97.42874257777777,109.31044522321429,272.50363237410073
2021-07-23 21:00:00,282.3159595833333,281.78468288973386,282.467087732342,281.9563274074074,281.85189852941176,893.4784003558718,895.0674632411068,893.934191904762,96.41557668711656,1118.0023888888888,1117.6496814516129,3.469928588235294,439.1169486792453,890.6933085185186,441.01747195571954,440.1805894736842,448.43769272030653,3.279848125,3.517848073170732,3.537813365853659,3.2854650249999997,3.4720064545454545,18.1019925,18.16519625,18.15004,18.153513750000002,228.6759395652174,18.149697500000002,459.670484375,448.96883449612403,448.19265399239544,445.9789287356322,16.72289875,16.751702666666667,16.733801333333336,16.7,16.7,282.1457269230769,99.08986559585492,109.46910758293839,281.92046582733815
2021-07-23 22:00:00,257.1688743801653,256.6546710526316,257.5107818181818,256.981882051282,258.6709704,795.1040320284698,794.7388182879378,792.1726295454546,87.95695575418995,1021.8208682080924,1020.7410546875,3.150863695652174,399.61944664179106,808.748354887218,399.4912181481481,399.3103648148148,410.8728825757576,2.9878823225806452,3.2033199411764706,3.2126161388888885,2.9913399032258066,3.15746108,17.82401181818182,17.883421818181816,17.87458,17.87666,214.67405847457627,17.86651076923077,417.493836121673,408.38359015151514,410.20528814814816,407.6101549242424,16.77448842105263,16.798368,16.79295842105263,16.75,16.75,255.97397407407405,95.90752377659575,97.9689145631068,256.73444654545455
2021-07-23 23:00:00,240.10512213114754,239.8002206766917,240.33436551724137,240.2700235741445,241.03894033613446,786.2946985765125,785.8187220472441,787.2821827751196,87.25403540816326,1012.8067474226804,1018.2923841698841,3.12736025,394.44184198473283,802.9883338129497,395.88793014705885,395.6360540740741,408.3777446096654,2.965491846153846,3.1727068409090906,3.194707,2.9691888974358975,3.1370155625,17.09507,17.178440000000002,17.157844,17.133048,212.27252544642857,17.112504285714287,412.3522313207547,408.0229748175183,408.0672490636704,405.1161606741573,16.018546666666666,16.035922777777778,16.022107777777777,16.125,16.125,241.17322278481012,97.70931083769634,98.71871875000001,240.2385182142857
2021-07-24 00:00:00,259.6945640316206,259.2041283018868,260.11522022058824,259.57725682656826,259.90996160000003,828.9754325088339,829.2392284046692,825.9994550925926,89.24606621468926,1035.3618789772727,1034.4046188461539,3.2531277999999997,402.7594086466165,818.0351516363636,404.152528358209,404.1596396226415,413.86535940959413,3.0816483018867924,3.309949509090909,3.3192845272727274,3.08323862962963,3.257561534883721,18.018075,18.08247,18.06411125,18.06149,215.0495559322034,18.04871,421.4468965648855,414.03294638783274,413.4965802238806,411.17271831501836,16.855647142857144,16.878750952380955,16.86676380952381,17.0,17.0,259.31849064327486,98.90481192118227,96.36185985645933,259.6345235714286
2021-07-24 01:00:00,263.30369788135596,263.1528275092937,264.0917526119403,263.4059113636364,263.1397785123967,843.3412594982079,843.75124,842.8046616113744,91.47024988571428,1061.1059586206895,1061.0427794466402,3.305128575,419.05068666666665,845.8749897810219,418.7364058823529,419.7396900735294,428.1090188888889,3.12523652,3.35821638,3.36969022,3.12962314,3.3067871463414633,17.910791666666668,17.967762857142855,17.961361666666665,17.95405,215.05259791666668,17.972801999999998,437.5069551330799,426.95361503759403,427.9122195488722,425.12608365019014,16.74426380952381,16.769841818181817,16.749131904761903,16.9,16.9,263.36746496350366,99.0781065700483,97.98115140271493,263.35098781362007
2021-07-24 02:00:00,259.71611512605045,259.3544022304833,260.28868603773583,259.6648362264151,259.8087427480916,818.8784106007067,821.7295703125,818.78424,88.88693942708333,1031.0761287234043,1032.2018611336032,3.229717078947368,407.1596145038168,824.2863729241877,408.4272249070632,408.25783157894733,416.62999343629343,3.052973162790698,3.281193465116279,3.2905167674418605,3.055589953488372,3.2307277027027026,17.836274285714286,17.931798333333333,17.88765857142857,17.909863333333334,207.79102033195022,17.893652857142857,425.53803598484853,415.44027358490564,415.87419923371647,413.7825561797753,16.730803157894737,16.751361578947368,16.73307380952381,16.75,16.75,259.81974591194967,96.76235151960785,94.02441817351598,259.6878697841726
2021-07-24 03:00:00,256.27716638655465,256.00737798507464,256.93780681818185,256.24060437956206,256.39507936507937,794.5697703180211,796.7050431818183,796.5270027397261,85.67439294736842,993.4514611702127,993.2238637096774,3.157352710526316,390.92581390977443,791.0702456521739,391.8175970260223,392.45970973782767,400.064404887218,2.9767026170212767,3.1983895714285717,3.2087599574468086,2.9794951333333333,3.157457230769231,17.880468,17.935996,17.925692,17.926838,201.95683651452282,17.91415625,408.1884602230483,399.19105447761194,399.4213174242424,396.97853636363635,16.792130625,16.823403529411763,16.800876470588236,17.0,17.0,256.3214658064516,94.89607154205608,89.06218570707071,256.09734626334523
2021-07-24 04:00:00,253.03472918454935,252.56683518518517,253.4753613899614,252.91925461538463,253.27497058823528,787.2079923344947,789.0023634920635,789.4897423255813,85.61275148514851,992.8540329949238,995.0357784552846,3.127315971428571,392.9800417293233,795.5980158088234,394.06954679245285,394.1023137931034,402.1321450184502,2.96068976744186,3.1803225111111106,3.1916068139534883,2.9629695581395348,3.130699235294118,17.77681,17.83977625,17.819483333333334,17.820755555555554,197.89783616071426,17.81487,410.22545320754716,401.46951520912546,401.45184923076926,399.1872178030303,16.6994196,16.719029130434784,16.7060728,16.6,16.6,253.42848639455784,90.98906658291457,87.73843342245988,252.78438140350877
2021-07-24 05:00:00,263.7011983122363,263.2066083941606,264.00033445692884,263.32586629629634,264.20082362204727,838.939916254417,839.944445724907,837.6816486363637,89.71584724137931,1041.197270520231,1041.7433964143427,3.2682330625,413.13887528957525,834.7105197802198,413.8141878326996,415.1303283464567,420.6423656826568,3.091417243243243,3.3246665945945946,3.3347902972972974,3.092471111111111,3.2708079375,17.852145,17.9050975,17.87744,17.867716,206.81952500000003,17.87485142857143,431.8225325490196,420.2228748062015,420.20478296296295,417.8135610909091,16.65576857142857,16.68003476190476,16.664861,16.5,16.5,263.5879441558442,93.3398171978022,89.14243826732672,263.7448911660777
2021-07-24 06:00:00,248.76869176954733,249.00658358778625,250.04264674329502,249.1202372262774,251.35276403508772,784.9389240282685,787.1065904580153,789.0297328888889,84.29704792553191,977.3857599999999,976.6433624505928,3.0983547647058822,386.39883992395437,782.8948625925926,387.8438226277372,387.0351161417323,396.2987632958801,2.922663833333333,3.148727027027027,3.153788611111111,2.9196345714285714,3.100755794117647,17.436497272727273,17.499029090909094,17.441449,17.440112,191.66411447963802,17.56451714285714,402.61046629213484,396.0786365384615,395.85799613899616,393.35458511450383,16.549782272727274,16.568507727272728,16.56129409090909,16.400000000000002,16.400000000000002,250.00780129032256,85.1087696373057,77.10503874251496,249.13356438848922
2021-07-24 07:00:00,238.39034752066115,238.36032794117648,239.27145471698114,238.5433989051095,240.17787211538462,735.9943219512196,737.7692843137255,737.8886575221239,80.04488644578313,929.1197225609757,931.0090136,2.97306509375,367.8859275471698,746.6036992565056,368.3723015267176,368.50799192307693,379.29135817490493,2.828766736842105,3.0438681707317077,3.049387825,2.823930567567568,2.9756399375,16.65488,16.718036,16.699726,16.700870000000002,182.70875265486725,16.65613,383.4261309160305,378.61528045112783,378.63294750957857,376.46605478927205,15.721369999999999,15.739244285714287,15.728345000000001,15.6,15.6,238.76514276729563,90.78943606217616,97.75116933333332,238.10086810035844
2021-07-24 08:00:00,267.83331161825726,267.47405283018867,268.52472361623614,267.7423188191882,267.63828852459017,824.6866848056537,826.6994724409449,824.2567565610859,89.54035629213483,1037.684863372093,1040.8685493975904,3.2626118421052634,403.87002676579925,821.81271875,405.45806436781606,404.91889029850745,416.6180734082397,3.0851742325581393,3.3167743255813953,3.3325958222222223,3.0898847441860466,3.2584391891891893,17.620131,17.678898,17.665547,17.664211,215.68343933054393,17.6119,422.6799288389513,417.0507313207547,416.0000731343284,413.82260304182506,16.347745625,16.380207647058825,16.372219411764704,16.475,16.475,268.3484375,106.60291774509804,114.60568571428571,267.7580392086331
2021-07-24 09:00:00,298.7898691629956,298.39337857142857,299.38802200772204,298.39467713178294,300.7407230769231,938.5840211267606,943.8469805785123,942.1038985436893,99.36212427027026,1152.9491092896176,1154.8852689075632,3.75841575,447.70385740740744,905.3941641025641,448.9090816793893,449.3936977272727,457.45099516728624,3.549328216216216,3.8067953947368416,3.8181242702702702,3.5534847631578947,3.7619751212121213,18.016166666666667,18.0781775,18.060536666666668,18.0622825,247.3010857142857,18.072931999999998,468.3439323529412,456.4643414179104,456.78030714285717,454.0518996309963,16.70811666666667,16.73202,16.717271666666665,16.6,16.6,300.4590962406015,103.10332430555556,118.41643333333333,298.6108186379928
2021-07-24 10:00:00,306.35656975806455,306.2846793357934,307.08563308270675,306.27032276119405,306.8781232758621,979.2456045296167,979.3672239043824,976.7423072815534,102.96713087912089,1194.2305944444445,1200.8327860082306,3.8240995185185187,469.2404468164794,947.7348380073801,470.9486706319703,470.9592090225564,477.41172819548876,3.6209474324324322,3.8831540769230766,3.8928566410256407,3.6170235,3.8266565185185186,18.39787666666667,18.460735555555555,18.44823222222222,18.44463,246.49437479338843,18.45438,492.18656188679245,476.69626176470587,477.0934569288389,474.1956454887218,16.8125565,16.82923705882353,16.816108333333332,16.866666666666664,16.866666666666664,306.8693698113208,104.37437297979798,117.28422,306.59337921146954
2021-07-24 11:00:00,292.1795786610878,293.4019751879699,294.2252148288973,293.10352575757577,292.103552991453,920.4133093189964,918.1520829268293,912.5071601010101,96.83545225433527,1123.3383023121387,1116.673946460177,3.667017,442.45544981132076,894.055756133829,443.50393854961834,443.1977555970149,452.1613221343873,3.47788565625,3.7303034848484846,3.73079646875,3.491023333333333,3.6834573103448274,18.36948,18.398305999999998,18.378471,18.380569,227.5513141025641,18.387452727272727,462.81254427480917,451.3571722007722,451.58886115384615,449.21009094339627,16.941309333333333,16.94914,16.953100625,17.025,17.025,293.1866391891892,98.69908783919598,110.73637379310345,293.7326647686833
2021-07-24 12:00:00,229.2485502074689,229.01874338235294,229.93333686131385,229.40065358490565,229.17390458715596,718.3118239436619,720.1505060377358,720.1183182222222,79.2408737878788,918.9441015306122,920.4217673228347,2.8728956111111112,360.58908036363636,737.304998561151,361.550219047619,361.91371338289963,376.33341580882353,2.7203922926829267,2.9255468863636365,2.9376404318181817,2.7234731904761906,2.8772611111111113,16.729975,16.789365,16.77720875,16.7710075,180.46784849785408,16.871569,375.78767089552235,376.1112733333333,376.45017881040894,374.17972575757574,15.949486470588237,15.927390625000001,15.95316705882353,15.75,15.75,229.74445189873416,86.15186490099009,106.95480922727273,229.17272043010752
2021-07-24 13:00:00,181.56875611814345,179.73274402985075,180.62067378277155,180.5955825925926,184.923247,629.6744572438163,633.805913580247,638.2495492146597,70.523771875,817.3662542857144,820.2408417391305,2.587683516129032,323.86074809160306,661.8508568345325,325.2101841911765,324.81028735632185,335.0526285171103,2.449492029411765,2.6320131428571427,2.644884257142857,2.458618878787879,2.5783998666666665,15.160302727272727,15.210179090909092,15.193705454545455,15.194919090909092,152.73837397260274,15.126005333333334,336.0871483271375,335.235834962406,335.3348969348659,333.23495291828795,14.391570588235295,14.411943529411765,14.400994705882354,14.333333333333334,14.333333333333334,183.80126734693877,83.81580806122449,67.86894474358974,180.64748960573476
2021-07-24 14:00:00,172.8450569672131,172.04884944649447,172.9934937984496,172.2657534351145,171.04015272727273,589.7073154929577,590.575857421875,590.2974066350711,65.7757586419753,763.256410625,766.8769613043479,2.4499407352941174,304.3850536121673,617.4591901515151,305.54857829457364,305.409348046875,311.4993031128405,2.328131095238095,2.507823659574468,2.521419043478261,2.328218853658537,2.4475221818181816,15.181383333333335,15.264964545454546,15.257165454545456,15.217328333333334,147.80015384615385,15.321305333333333,313.87141150793656,310.92344541832665,310.6429285171103,309.5207295719844,14.58748318181818,14.593705238095238,14.602533,14.583333333333334,14.583333333333334,172.69492337662336,85.00801160621762,53.00931861313868,172.55381014492755
2021-07-24 15:00:00,205.38362833333335,204.70322433460075,205.87421379310345,205.2213319852941,204.94987727272726,696.2140085409252,696.964090118577,695.8952952830189,78.24824494252874,908.0094189349112,909.3156583673469,2.7845590000000002,362.5590571969697,738.0765399239544,363.29517835820894,363.35292030075186,375.4813969924812,2.6493199714285716,2.8479573076923077,2.8600854358974357,2.64537227027027,2.7882156206896553,16.521373,16.582432,16.564883000000002,16.567745,169.38846877828055,16.6051575,377.3287536121673,374.82032727272724,375.1882684615385,372.98670235294117,15.665547,15.701861052631578,15.6748545,15.8,15.8,204.9411,87.18884246153847,87.09892417582417,205.10865376344088
2021-07-24 16:00:00,259.2501060869565,258.9385542307692,260.19861235955057,259.378498880597,261.6533543859649,834.9271163701068,834.0164848484849,831.2937511627907,91.08543250000001,1055.8269823529413,1054.8021799196788,3.2947437105263155,418.29268352941176,846.470947744361,419.47373914728684,420.1453633204633,427.81072623574147,3.1188926666666665,3.354945869565217,3.376699511111111,3.1300164418604655,3.292444947368421,17.808756363636363,17.78742,17.775021000000002,17.852214545454544,209.55423928571426,17.830333333333332,438.0421632183908,427.0496211538462,427.5346966165414,425.79060458015266,16.309787391304347,16.36392,16.33527,16.4,16.4,258.94702847682123,100.72652764397907,108.19398708108109,259.6186510638298
2021-07-24 17:00:00,272.2214444,272.10388653846155,273.0622618320611,272.48697234848487,272.8782111111111,879.9456468085107,880.8766777777778,879.848430875576,93.70698851190475,1088.5896908536586,1087.280050200803,3.427363676470588,428.7940027027027,870.0623706319703,430.868293258427,429.98663103448274,439.7425023076923,3.240330425,3.4815797857142856,3.486393333333333,3.2450792999999996,3.4297645882352943,18.14220333333333,18.211206666666666,18.20326,18.195948333333334,217.87394035874442,18.24696625,449.2871490118577,439.6043787072243,439.823724535316,437.3643766917293,16.889007777777778,16.907826666666665,16.889966842105263,16.966666666666665,16.966666666666665,272.7953278106509,99.14523324175825,101.7285576142132,272.5245120141343
2021-07-24 18:00:00,272.5585680851064,272.5320522727273,273.09009135338346,272.44646204379563,272.523047,879.6968092198582,880.3383143426295,880.0069313636363,92.55263530927836,1073.3207512953368,1076.5893471774193,3.4343994324324325,425.2448011450382,860.5914748175182,426.9758388278388,426.34833294573644,433.9128818181818,3.253974285714286,3.5048316444444443,3.5172838,3.2590251860465114,3.4368943243243244,18.082184545454545,18.144887272727274,18.133616363636364,18.131867,215.97418165938865,18.132693333333332,445.372369924812,433.7062183520599,433.4922924302789,431.53670229007633,16.769751578947368,16.7847115,16.77978842105263,16.8,16.8,272.1535236486487,98.57306973404256,99.93070659898477,272.44874584837544
2021-07-24 19:00:00,275.63916801619433,275.55594227941174,276.3334629770992,275.7860221374046,275.84721510791366,873.9732643356643,876.6340901140684,873.0468041095891,92.40615197740112,1071.5858457142856,1074.1099421455938,3.4069971621621624,425.808204477612,859.85795,427.24964552238805,426.9802529850746,433.2599847328244,3.241141818181818,3.4830828541666663,3.498651127659574,3.2493049333333337,3.4192641714285714,18.043615714285714,18.105082857142857,18.095002857142855,18.090914285714288,215.60943516949152,18.10774,445.14033307984795,432.5750432432432,433.3894315789474,431.4737842911877,16.766423809523808,16.7802875,16.770200952380954,16.9,16.9,276.48479610389614,97.48376056603773,99.77634595238095,275.7423795774648
2021-07-24 20:00:00,246.364245,246.17854274809162,246.99689210526313,246.1423015037594,245.941671875,808.8214915194346,810.4507462406016,810.1538389140272,85.7405327840909,993.960583908046,997.799506614786,3.1689333513513516,390.9406379182156,793.1429107407407,392.65521235521237,391.8026003703703,401.363036329588,2.9915118095238094,3.2173736,3.2300972272727275,2.9974239069767443,3.171746769230769,17.882183333333334,17.940696666666668,17.930525,17.929888333333334,200.84174394618833,17.9301275,408.5180423076923,400.83392958801494,401.1318011235955,398.6189567049808,16.761934545454547,16.782626666666665,16.763669545454544,16.700000000000003,16.700000000000003,246.38808012422362,93.6097863076923,93.79214286516854,246.26331920289854
2021-07-24 21:00:00,264.1464388646288,263.97712471910114,264.91580266159696,264.1124040892193,263.5799582089552,872.327915658363,873.4299494296578,871.4446288372094,91.93333564705883,1066.9599958333333,1063.0727699604743,3.433497542857143,420.43320671641794,850.0650716981132,421.904005204461,421.60696940298504,428.34888476562503,3.245001285714286,3.4867775531914895,3.495027934782609,3.245683348837209,3.436079864864865,18.001111428571427,18.071025714285714,18.05713,18.0416,214.67828155737703,18.042417777777775,439.5947930232558,427.39057593984967,428.23973726235744,425.67847083333334,16.72503818181818,16.744320000000002,16.730033181818182,16.6,16.6,263.90192034883717,97.3031291,100.23081848780488,264.3970928315412
2021-07-24 22:00:00,242.21705346938774,241.56874612546125,243.0962372180451,241.57760188679245,245.11047129629628,800.2294056737588,804.3354700404859,802.6498897674419,85.93192299465241,995.8659917582418,990.2940053719008,3.226411777777778,388.8373933579336,786.82898,389.41447566539927,389.7489487084871,397.4973686046512,3.0660756190476186,3.287651441860465,3.306049558139535,3.0727906976744186,3.228499166666667,17.837152222222223,17.92777,17.886023333333334,17.913869,205.998076371308,17.847706363636362,406.09912296296295,398.2907476377953,397.53067765151513,395.1090926070039,16.760115789473684,16.776577368421055,16.775422222222222,16.6,16.6,240.29058588957056,95.99988377358491,96.98492063492064,241.62133838028168
2021-07-24 23:00:00,208.01969836734693,207.10976538461537,208.0697459143969,207.7793711610487,207.9544782178218,704.1605897163121,706.5579971999999,705.7196177570094,76.77149775147929,890.5913065476191,891.4261238493724,2.854223342105263,348.366753307393,706.9597323529412,349.26040801526716,349.43473653846155,358.469292578125,2.70770526,2.9094680384615383,2.9181459615384617,2.7085139400000005,2.8563122162162164,17.37464076923077,17.437236923076924,17.413616923076923,17.419045384615384,182.6742946188341,17.416708571428572,362.31207490494296,357.96660446096655,357.8435891472868,355.7787330677291,16.515586842105265,16.547655555555554,16.509172222222222,16.6,16.6,207.42421528662422,90.67802227979274,91.44274038674033,207.52698932384342
2021-07-25 00:00:00,237.8736660944206,237.4974931818182,238.34728484848483,237.78673120300752,237.85479009009006,742.6174633802817,743.4687282352941,743.8554421052631,79.4930141509434,921.4827161290323,924.8998027888446,2.9406977,360.5302353159851,732.3668066420664,361.3495816793893,361.0413590225564,371.66287744360903,2.7833916363636364,2.994301638888889,3.0062557714285716,2.7863428823529413,2.9442706666666667,17.46817857142857,17.510844285714285,17.508073333333332,17.49831,191.20948933333332,17.53339777777778,374.95580505836574,370.4752,370.9243735074627,368.87787835820893,16.523039999999998,16.567694666666668,16.561081333333334,16.450000000000003,16.450000000000003,237.9527455621302,96.40443814634146,99.65045347222222,237.85191254480287
2021-07-25 01:00:00,247.04464741379311,246.9532969111969,247.75924980988592,247.0915,247.64307459016393,766.0689722419929,768.4575767441861,767.2242123762376,82.36289873626374,955.6219375690608,958.5482902542373,3.0594375945945944,369.604794921875,751.7851720149254,371.194833201581,370.489986328125,380.67979239543723,2.887587725,3.104332048780488,3.1172733658536584,2.890028975,3.0610475,17.482238000000002,17.53967,17.510616666666667,17.510935,205.6721685483871,17.499171666666665,385.27314074074076,380.7609894117647,380.12235758754866,378.27039765625,16.374497692307692,16.383065384615385,16.387174615384616,16.5,16.5,247.40589207317072,105.05214922018348,101.61303682608695,246.97744714285716
2021-07-25 02:00:00,251.00311004016066,251.047247148289,252.01301291512917,251.4494352713178,251.99343839999997,796.5803125874125,798.8497884920636,798.8194064814815,86.53873365168539,1004.0701194117647,1004.6184397590362,3.202855023255814,390.625015018315,790.0715397111912,391.1629924242424,391.0645705454545,400.6323141762452,3.0233207083333333,3.2516215490196076,3.263344387755102,3.0291284897959185,3.206608333333333,17.883774444444445,17.95595777777778,17.934763333333333,17.943242222222224,213.32741280991735,17.932316363636364,407.09805632183907,399.4218197761194,399.2726112781955,396.95862984496125,16.79272909090909,16.800183200000003,16.7843144,16.666666666666668,16.666666666666668,251.7464186746988,98.32836914798207,91.83128508695653,251.07699328621905
2021-07-25 03:00:00,253.7150881147541,253.55735225563907,254.4982662835249,254.0459344827586,254.11482711864406,796.3308160714286,797.688219245283,796.6305073275862,86.45926828402366,1002.8418506024097,1004.5252615094339,3.18430580952381,393.3967817490494,795.5927302919708,394.1171593155894,394.1180520754717,403.23048615384613,3.009677340425532,3.235137058823529,3.2451751428571427,3.012385875,3.185915097560976,17.61135666666667,17.681313333333332,17.65742857142857,17.634903333333334,207.76305267857143,17.679803749999998,410.37429227799225,401.75382044609665,402.9660667910448,400.472769348659,16.5200645,16.51919947368421,16.50073157894737,16.55,16.55,253.6794017751479,94.10074653061224,93.44156958333333,253.7317870967742
2021-07-25 04:00:00,255.2442489626556,254.9637334586466,256.02049479553904,255.48661573033706,256.2586992307692,764.6936468085106,766.1777941176471,763.9571915887851,82.46223,956.718225,956.099550996016,3.0835232647058826,370.45248736059483,753.1639740601504,371.30554942965784,371.54264609665427,382.2336775280899,2.9058776341463415,3.1220811304347826,3.1260316363636362,2.915349785714286,3.085812029411765,17.88631666666667,17.946101666666667,17.95523,17.93148,202.8804018348624,17.951505555555556,386.40950483271376,382.10365136186766,381.8978812030075,379.67805189393937,16.912858749999998,16.95094117647059,16.920010625,16.8,16.8,255.32555542857142,88.93926094736841,91.82629414634145,255.41667508896796
2021-07-25 05:00:00,250.28993879310346,249.64595037878786,250.48015581395347,250.08471872659177,250.28175338983053,788.0096512455516,790.3379798449613,788.6319945454546,85.33732316384182,989.9944471264369,990.5572909465021,3.1622029375,385.53797992424245,784.1955242647059,386.09626206896553,386.54202727272724,397.9471740601504,2.9926168611111112,3.214115375,3.221911794871795,2.9901787368421053,3.16512340625,17.7348475,17.7854175,17.80346714285714,17.8075875,205.5589447257384,17.764913999999997,402.50581115384614,397.53407509727623,397.2695861003861,395.6455474903475,16.693136363636366,16.71759761904762,16.700488636363637,16.733333333333334,16.733333333333334,249.3191875,89.45805645161289,94.60154522522522,249.77096413043478
2021-07-25 06:00:00,250.40775925925925,249.83876145038167,250.69467007575759,250.26350555555555,250.86200782608697,775.024414084507,777.8062177419355,775.4964493023256,82.23530773809523,954.4759193939393,951.2626279069767,3.1267049393939392,370.96473849056605,752.4297482014389,371.8892417582418,371.72530225563906,381.53651570881226,2.95906125,3.1815295348837207,3.1926446976744187,2.9590071428571427,3.12848075,17.66666625,17.740436666666668,17.7174725,17.7167575,201.4665273148148,17.720616363636363,386.3130140684411,379.8375690298508,380.68450270270273,378.705015234375,16.67649888888889,16.676838333333333,16.686621176470588,16.599999999999998,16.599999999999998,249.47232857142856,89.49066607142856,88.4801393442623,250.06488732394365
2021-07-25 07:00:00,223.70836708333334,223.88199503816793,224.4603162162162,223.8152396226415,223.80949999999999,663.4868448763251,664.4513627450981,664.1661243902438,72.02952055214723,835.3249820987654,837.5832157024793,2.6663488,328.15248377358495,665.431552434457,328.97676392156865,329.51640187969923,337.31862889733844,2.519660828571429,2.7125292777777776,2.722939945945946,2.521633514285714,2.6677982333333334,16.69636375,16.7607575,16.7419225,16.74406875,171.30544824561403,16.696084545454543,339.60558270676694,336.4574650190114,336.04872803030304,334.7082551724138,15.82563,15.863595,15.848439333333333,16.033333333333335,16.033333333333335,224.08853680981593,86.48985937823835,78.39774190697675,223.7567223021583
2021-07-25 08:00:00,222.48986708860758,221.93968007380073,222.72517732342007,222.25890561797755,222.75816335877863,660.4862791519434,659.9122042471042,660.6558627802691,72.5364544,841.7830052023121,844.9962854901961,2.6511719375,328.67512015209127,667.73321299639,330.31968981132076,329.8024965517241,339.2372516981132,2.5144558205128207,2.707614435897436,2.7094642894736842,2.518576375,2.65412821875,16.513585833333334,16.572807272727275,16.55255083333333,16.5515975,174.40215307017544,16.56167230769231,340.3031645038168,338.1985626415094,337.8589498084291,336.38833410852715,15.745346666666668,15.76374,15.747551666666668,15.866666666666667,15.866666666666667,222.3208754189944,92.87955238095238,72.30393666666667,222.16386428571428
2021-07-25 09:00:00,260.6298028,260.4117279245283,261.4601202247191,260.7556843065693,261.0280105263158,793.9303265017668,795.3195494117647,795.7850973094171,87.10203095505618,1010.0212317919076,1011.2908964566928,3.165769380952381,389.74412471910114,791.8199768115942,391.0768708333334,390.71385597014927,401.50230335820896,2.9876496444444443,3.214552583333333,3.2252886249999997,2.993002891304348,3.167912738095238,17.68409181818182,17.743328181818182,17.730150000000002,17.72945818181818,218.32661548672567,17.698821538461537,406.7850755474453,401.17930855018585,400.8157679245283,398.5780888475837,16.515507368421055,16.55808222222222,16.536635555555556,16.775,16.775,260.47615621301776,104.21593066326531,107.12402999999999,260.7110175
2021-07-25 10:00:00,268.18124115226334,268.08134612546127,268.9587659090909,268.2507538181818,268.10158809523807,828.9467068100358,830.03627890625,827.1479603686636,90.59199026595745,1049.7021618279568,1048.3151801587303,3.273122515151515,410.9636893129771,836.8975733576642,412.3223750915751,412.0357736434109,422.8882647509579,3.1068070833333334,3.336345717948718,3.3457030714285714,3.1072524864864866,3.2796204705882355,17.907552000000003,17.948326666666667,17.928618333333333,17.929255,211.8334117391304,17.969124285714287,429.22286516853933,423.179973880597,422.14766856060606,420.03953446969695,16.776319333333333,16.803988666666665,16.77525,16.7,16.7,268.655550955414,91.18497427230047,101.25521627906977,268.23870462633454
2021-07-25 11:00:00,293.2593147410359,293.5455852272727,294.3810996226415,293.7921682835821,293.49979612403104,922.6138695340502,924.2364770750988,921.9753437209301,97.48336435483871,1130.7434333333333,1128.035828451883,3.674631448275862,446.2356348314607,902.7303437956205,448.21926249999996,447.2606802973978,454.8673483146067,3.4658123421052633,3.7110646097560975,3.7220816666666665,3.4729794999999997,3.676814827586207,18.067183333333332,18.140003333333336,18.113938333333333,18.114256666666666,229.04580753138075,18.12379,466.98840615384614,454.4995364312268,454.70437819548874,452.20169652509657,16.682275,16.699344375,16.671549333333335,16.7,16.7,293.7358923076923,96.9757575117371,108.8218496923077,293.72386258992805
2021-07-25 12:00:00,292.1534484,292.18190916030534,292.77801015037596,292.463026199262,292.01336228070176,915.9114522807017,917.9227486486486,916.0955719626169,96.13795452830189,1115.01887012987,1119.4805182170542,3.649870266666667,439.63661323529413,887.017051291513,439.7610856603773,440.5653992481203,447.39365000000004,3.441554189189189,3.7012433846153843,3.707268,3.4469356756756757,3.6509255333333335,18.123175714285715,18.191317857142856,18.180118666666665,18.171836428571428,230.4533638888889,18.179525555555557,460.4581078947369,446.885760546875,447.2050725925926,445.0826426966292,16.769178,16.7917608,16.7776628,16.8,16.8,291.0127815286624,96.21113257777779,107.82926584821429,292.0033145390071
2021-07-25 13:00:00,229.72217478632479,229.53730310077518,230.35390470588234,229.8467928030303,231.8405880733945,728.0380528776979,730.2510285714286,729.1560181818181,80.17883683333334,930.1818094972067,928.0049743801652,2.905859,366.10248007518794,745.5428595419847,366.3100720754717,367.057290530303,378.54881564885494,2.722304794117647,2.9358873611111114,2.949474742857143,2.724043558823529,2.8936181212121213,17.08686833333333,17.147925833333336,17.067648181818182,17.06886090909091,183.24094857142856,17.113742307692306,380.8931268656716,378.90619104477616,378.6972332075472,376.7325522058823,16.029008235294118,16.051087058823526,16.03744411764706,16.16,16.16,229.74167290322583,85.04566130044843,93.28368708695652,229.5954932142857
2021-07-25 14:00:00,239.2841430894309,239.01581301115243,239.95907279693486,239.2286602996255,239.37405752212388,750.7211501779359,752.4401623574145,751.6964912442396,80.5463628313253,934.5827766871165,936.664934765625,3.0045476944444447,362.7388492366412,742.3687785185185,364.0396571984436,363.82890959409593,378.8084873517787,2.8367982,3.050214302325581,3.0597769111111113,2.8401851219512197,3.004409861111111,17.033146666666667,17.146653333333333,17.180822499999998,17.182252499999997,193.02564776785715,17.127708,378.2663138059701,377.91854150943396,378.5709623529412,376.3677976923077,16.130796875,16.145775294117648,16.132221764705882,16.16,16.16,239.0553144654088,94.99522965853657,103.6916507373272,239.2176039285714
2021-07-25 15:00:00,251.47189879518072,251.27469330855018,251.78614317343175,251.34404809160304,251.59442249999998,790.8222918439717,792.87839296875,793.1469488479263,84.71666751445088,982.6617028901734,984.0793610894941,3.1498031666666666,386.50309886792456,781.2759985185185,387.11238692307694,387.606415037594,396.60050038610035,2.9767583695652173,3.198857625,3.212712404255319,2.9851915652173915,3.152691142857143,17.722111428571427,17.828488333333336,17.81355,17.762054285714285,200.9640537117904,17.790873333333334,402.93046442687745,395.38022751937984,396.75679733840303,394.0818118773946,16.71209157894737,16.736102105263157,16.723413684210527,16.65,16.65,251.32462429378532,92.1135821025641,99.5821060986547,251.36428695652174
2021-07-25 16:00:00,282.87596024590164,282.85955018450187,283.2998312267658,282.63173814814814,282.36409734513273,908.6611003521127,909.2203175097277,907.9355859030837,95.50970133333334,1108.5539793296089,1136.4865624031008,3.5380019032258065,439.8979636363636,890.5080819188192,442.3992440613027,441.2622591078067,448.719252398524,3.3633208205128207,3.599310333333333,3.6111275227272728,3.3668713333333335,3.54621225,18.050126666666667,18.119554444444447,18.107048888888887,18.09815,223.19754872881356,18.099632727272727,461.22791165413537,447.75667816091953,448.73439887218046,445.33274172932335,16.714150909090908,16.738633181818184,16.718519545454544,16.833333333333332,16.833333333333332,282.7213270967742,93.20560845360825,99.42519245283019,282.8714219858156
2021-07-25 17:00:00,294.60031316872426,294.2061276752768,294.9574338403042,294.49785367647064,293.0912745901639,930.8907592857144,933.0366733067729,931.7860251162791,97.24062629213483,1128.1623247126438,1123.4051092,3.680675193548387,443.8667798507463,896.6536568181818,444.7885007874016,445.0055670411985,452.2690435114504,3.467749684210526,3.727457414634146,3.742504162790698,3.472893794871795,3.695391612903226,18.25170875,18.3137225,18.2982225,18.2998925,230.25086978723405,18.296253636363637,464.5946657692308,451.6579541666667,452.36178538461536,449.7707376425855,16.812887777777778,16.83645277777778,16.831749411764708,17.0,17.0,294.1413972413793,96.55001129533679,104.08038701923077,294.5848223021583
2021-07-25 18:00:00,268.9063898785425,268.54043003663,269.2813479400749,268.73325563909776,268.91433070866145,830.185370212766,829.5241741035857,829.9159679802955,88.83821694444444,1030.1942832402233,1040.3862563999999,3.2962386451612904,408.3498305660378,828.3092556776556,409.2570714828897,408.9269444444444,417.919019379845,3.106450923076923,3.32960785,3.3414041249999995,3.11256485,3.2935874375,17.865973,17.91781111111111,17.90128222222222,17.900644444444442,209.62583739130434,17.8907925,426.0004388461539,417.5978635338346,418.4211746268657,415.1564638132296,16.675618,16.701962666666667,16.684061333333332,16.85,16.85,268.92267564102565,91.39794401960785,96.71440894736843,268.8718292857143
2021-07-25 19:00:00,278.88759090909093,278.4251195402299,279.9564316793893,278.47449213483145,279.822496460177,877.396621708185,880.1505973076924,881.0200295652174,93.56117512048193,1084.2808731707316,1085.0645209677418,3.45338965625,426.0907595419847,863.8933562264151,427.6478183908046,426.70677651515155,435.1543787313433,3.288405,3.5317253714285712,3.5436484,3.2951305142857144,3.45600015625,17.528045454545456,17.59265636363636,17.584334545454546,17.57791818181818,222.04122326530612,17.567076923076925,445.40426015037593,436.4123316793893,435.206277037037,432.23840892193306,16.251867368421053,16.272745263157894,16.267699,16.26666666666667,16.26666666666667,279.05958999999996,95.0534602739726,102.58880134199134,278.36232918149466
2021-07-25 20:00:00,249.9220570212766,249.771380754717,250.73034252873563,250.00516305970152,251.30619915254238,776.9635638596491,777.591411111111,777.5341776785715,84.73930103825137,981.6918775280898,984.281558064516,3.073071363636364,385.8373744274809,784.850952398524,386.392187037037,386.6170011235955,398.47134210526315,2.910719657142857,3.1400475384615385,3.150728525,2.914098285714286,3.07674703125,17.12959,17.18607,17.255365555555557,17.12609777777778,200.3488082644628,17.25330083333333,401.62575136186774,398.04109299610894,398.0777435424354,395.330159469697,16.180535555555554,16.203506666666666,16.187653333333333,16.2,16.2,249.25056993464054,92.5160486574074,99.46518791111112,250.57471267605632
2021-07-25 21:00:00,264.6664128514056,264.47607072243346,265.32892737642584,264.85886569343063,265.1098949579832,824.039594385965,826.5599255725191,828.0459714285713,91.26533679775281,1058.0453960227273,1055.71632406639,3.3016606333333334,413.286331598513,838.1483903345725,415.3050617647059,414.31921660377355,423.17539073359075,3.1162267058823527,3.346574027027027,3.3582121944444445,3.1186843142857144,3.3038475999999997,17.450767,17.511253,17.498663999999998,17.497901,217.0394055319149,17.41355181818182,432.6497030188679,422.50630386100386,422.8710546153846,420.02032957198446,16.270902,16.27403157894737,16.25821210526316,15.88,15.88,264.85566258503405,98.57051125603864,103.0246997005988,264.7220752688172
2021-07-25 22:00:00,226.57505144032922,226.9928462406015,228.3473693181818,227.57878219696968,229.63600260869563,717.5507908127208,717.7373221789883,719.901195215311,79.27565906593406,919.6673854748603,921.7138227091633,2.852236878787879,362.0461429104477,736.7804690647482,363.60612264150944,363.38444135338347,373.39960223048325,2.7204434,2.9202335,2.92677672972973,2.7232987428571427,2.85934653125,16.381191,16.434620000000002,16.539344545454547,16.538997272727272,184.64688705357142,16.54870727272727,377.97661832061067,373.55966171875,373.6550514705882,371.38438148148146,15.65411294117647,15.67215294117647,15.755264736842106,15.64,15.64,227.35273006134972,87.24835574999999,84.05888909502264,227.33623865248228
2021-07-25 23:00:00,209.40852236286918,208.86113139534885,209.9264740458015,209.26058052434456,209.35562079207924,683.7420903571428,685.3152312000001,685.5812372641509,76.63464643617021,888.6887843243243,888.3701146938776,2.7756768571428574,351.8825341085271,714.8381904761904,352.71905303030303,352.89462755905515,363.6935988461538,2.6322875365853657,2.8300693333333333,2.8436388604651164,2.6312078717948717,2.7775732,15.520077142857144,15.574184285714285,15.59496125,15.558111428571427,173.56794318181818,15.593689166666666,366.1009436,362.8499812734083,363.3747322834646,361.5759549407115,14.635898947368423,14.65718052631579,14.641864444444444,14.666666666666666,14.666666666666666,209.39691564625852,88.74072348258706,64.5316589,209.53559133574007
2021-07-26 00:00:00,243.10384032258062,242.94659925373134,243.99277394636016,243.10221800766283,243.73106574074075,764.202147368421,765.8518444444444,765.254351091703,85.6866574137931,994.6578023529411,995.2730887096774,3.0756559069767446,392.85205859375,799.8263380952382,394.0538935114504,393.88173397683397,406.455429296875,2.9118808936170217,3.1238861200000003,3.137451469387755,2.9126217916666666,3.0764493170731706,16.69684,16.755580000000002,16.743047142857144,16.740595714285714,195.5359,16.6913825,410.3997919230769,406.01366162790697,406.5008957692308,404.26066117647053,15.413925,15.457263846153847,15.461331428571429,15.533333333333333,15.533333333333333,242.7933507142857,98.54459828571429,80.17461435555555,243.1800565371025
2021-07-26 01:00:00,238.90095840336133,238.59407153558053,239.57011455938698,238.74246844106466,237.8439217821782,719.7494325,721.151727027027,719.4351569444444,81.43319159090909,943.8467017341042,942.9737029411765,2.901461088235294,371.7549316981132,756.7382722222222,373.4510806818182,372.5934920754717,384.2596330827067,2.7434967567567567,2.9529949523809527,2.9651320487804878,2.7448593333333333,2.9025045,17.31669,17.37107,17.353524,17.355430000000002,186.90758755555555,17.39177857142857,387.2820220532319,383.65524389312975,383.98083423076923,381.66927556390976,16.470579999999998,16.50165090909091,16.48667090909091,16.45,16.45,237.87367905405404,96.42224551219512,72.70088727722772,238.9523957295374
2021-07-26 02:00:00,255.366937394958,254.642125,255.4103862962963,254.99854169741698,255.32675952380953,771.5971021276596,773.6261203065135,773.1516381578947,87.09308788888889,1009.767684180791,1013.741926122449,3.1065543142857144,400.5638102661597,810.1605325925926,401.9024,402.0974817164179,408.6684681102362,2.9437856904761905,3.1599290232558137,3.1707513488372094,2.946210619047619,3.108352542857143,17.40632833333333,17.466433333333335,17.449585,17.457531666666668,200.71849333333333,17.435917142857143,418.8169835249042,408.56900651340993,408.5962917322835,406.39180629921265,16.370867333333333,16.397837857142857,16.364271428571428,16.5,16.5,255.12953567251463,101.69972594871795,86.95149451612905,254.70176971830983
2021-07-26 03:00:00,256.07965708333336,255.79183626373626,256.6623659003832,255.99250187969923,255.93116397058822,772.2726691489362,774.451657751938,773.7036599009901,87.10294380952381,1010.0178546012269,1012.6903203463204,3.1091318333333335,398.3586213768116,804.5454043956045,398.6470620817844,399.29614555555554,406.9617763157895,2.9303719210526316,3.1524152093023257,3.163993325,2.936071641025641,3.1123529999999997,17.835458,17.897848,17.881893333333334,17.87687,207.55976308411212,17.88268625,415.7316248120301,405.3609064150943,406.50173496240603,404.1226082706767,16.84287181818182,16.849125,16.86603583333333,16.8,16.8,256.0896831395349,107.93364791666666,93.33173251141554,256.0925617857143
2021-07-26 04:00:00,262.37052,261.8061890151515,262.92849807692306,262.0848534090909,262.19994393939396,796.8127766784452,798.5191625954199,797.5480815668202,90.76679652941176,1053.2435813253012,1055.620117578125,3.1942236976744187,413.5262606177606,836.3857490566038,414.99591653846153,414.88307403100777,422.79981343283583,3.0310895652173913,3.2565873673469388,3.2646173541666665,3.033253804347826,3.196237302325581,17.67089,17.72939125,17.71274,17.74512625,216.185940969163,17.737067000000003,433.074526953125,421.915082745098,421.93665384615383,419.6315015625,16.584578666666665,16.60716066666667,16.591013125,16.66,16.66,262.46357398843935,108.84363284313726,102.04875240909091,262.0755449275362
2021-07-26 05:00:00,276.48912186234816,276.7934864150943,278.04028314606745,277.00803148148145,277.8107553846154,852.6838371428572,853.9551401544402,851.1692738532109,93.4050890229885,1083.501081871345,1083.60312751938,3.3857640238095237,422.9636867924528,854.5763690909091,424.5861278195489,424.2866829545454,430.54508074074073,3.2005068979591837,3.431422142857143,3.4484404509803923,3.2010070600000002,3.3878166428571426,18.25886111111111,18.324263333333334,18.30498,18.304766666666666,227.94297351598175,18.319538,442.2424888888889,429.6115058139535,430.05752218045114,427.39787338403045,17.083765,17.11819210526316,17.0791885,17.175,17.175,277.2711406779661,102.18675084745762,94.77502953703704,277.1105330935252
2021-07-26 06:00:00,294.59626707317074,294.20701947565544,294.9044614503817,294.32762575757573,294.3708142857143,916.891759859155,918.7561527777779,918.6674726415094,98.6771937804878,1144.6217283950618,1145.0485176470588,3.6497469411764705,451.19417049808425,910.1888847583643,452.4523114068441,452.3144820610687,458.73806692607,3.4444914473684207,3.694136285714286,3.70451911627907,3.4440418250000002,3.6525853235294115,18.206004285714286,18.276735714285714,18.259025714285716,18.257117142857144,235.59077393162391,18.243525555555557,472.61828962962966,457.82903018867927,458.47083382899626,455.6471690298508,16.799957692307693,16.834910666666666,16.804190666666667,16.85,16.85,294.37021420118344,101.84609434554973,96.69722637168141,294.3655204225352
2021-07-26 07:00:00,289.558322406639,289.0115839694657,289.963750929368,289.38061762452105,289.61298064516126,903.5093698581561,904.8733678030303,902.6993253456221,95.5181694512195,1108.2520375,1109.8237063492065,3.5791909655172414,432.852057751938,876.450797761194,434.3026038610039,433.9409262172285,442.91921450381676,3.3772711219512197,3.626198441860465,3.635193340909091,3.380311725,3.5762942258064516,18.151294,18.213302,18.19652,18.197665999999998,231.580494921875,18.205486666666665,453.42267669172935,442.4305855513308,442.73767376425855,439.91608076923075,16.813268333333333,16.83821923076923,16.822493076923077,16.6,16.6,289.48094593023256,101.135638,92.92967536796537,289.51691921708186
2021-07-26 08:00:00,272.64981152263374,273.711773880597,273.91285075757577,274.244663099631,274.31872695652174,846.3642570422535,847.2540322957199,850.852014953271,90.06957564705883,1044.068761904762,1038.1534465020577,3.3646718235294117,406.01487041198504,825.0865475836431,407.55099201520915,407.1766121771218,417.4275837735849,3.1878133714285717,3.424310171428571,3.434565685714286,3.1912681714285713,3.3673756470588234,17.965842727272726,18.029411818181817,18.013115454545456,17.968194166666667,215.70384871794872,18.01058,423.3570189393939,417.46111060606063,417.1643096525097,415.29041123595505,16.787176842105264,16.813035789473684,16.794965789473686,16.8,16.8,270.8840405882353,93.9554996,83.52831036842105,273.145429749104
2021-07-26 09:00:00,272.5404158590309,273.26160789473687,273.9267011627907,273.20681954887215,272.3451952830189,861.9623798586572,862.5551242914979,859.7540971014492,94.05237378378378,1091.1754888888888,1088.013409638554,3.3632134242424243,432.16789210526315,873.9064916058394,433.63728778625955,433.08460037878785,440.1068393822394,3.180751394736842,3.4186234736842103,3.4294343947368424,3.1848369736842104,3.366681,17.824015,17.89079166666667,17.88062,17.878713333333334,216.62011838565022,17.8865,451.61573670411985,439.93550265151515,439.51255758754866,436.72560919540234,16.63133411764706,16.627250555555555,16.60297294117647,16.549999999999997,16.549999999999997,272.76133513513514,94.69262841269843,89.71417778894472,273.3754217857143
2021-07-26 10:00:00,294.09340541666666,294.57390562249,294.78282248062015,294.29245249042145,291.98268833333333,928.0176703571428,928.4287047244095,923.1793368932039,96.38078011049724,1118.012888888889,1119.7434049586775,3.6491523235294117,439.7952110687023,888.3178250909091,440.6844045454545,440.87632115384616,448.6207354961832,3.4548809473684208,3.7161908292682924,3.725460285714286,3.4594985263157896,3.6548018285714288,18.083078333333333,18.146043333333335,18.102813333333334,18.085191428571427,231.6193050420168,18.101752222222224,460.56503509433963,447.6051921052632,448.4591552529183,446.3284162264151,16.6770675,16.68432238095238,16.672551428571428,16.75,16.75,292.5069470238095,97.57808659292036,91.73818806866953,294.3767443262411
2021-07-26 11:00:00,263.0424151898734,261.9383430769231,263.480898091603,262.3255087121212,263.987647107438,844.400458781362,846.2688795366796,844.2440378504673,90.33229005988024,1044.3370863095238,1040.284375390625,3.373846125,407.7512292592593,828.7458357664234,409.7422213235294,410.0283258302583,418.36308634686344,3.2224095,3.452508095238095,3.456630414634146,3.2245623846153846,3.382072441176471,17.621083,17.687292,17.668789,17.671842,214.74444696356275,17.639196666666667,427.61220339622645,418.4255308880309,418.7295180147059,415.7740664206642,16.473401904761904,16.50664409090909,16.479721428571427,16.400000000000002,16.400000000000002,262.53703850931674,93.89057165048544,90.1588520909091,262.3022328467153
2021-07-26 12:00:00,252.66961046025105,251.64729333333332,252.8602525096525,252.51088927203062,250.96081747572813,802.7856876325088,804.1491243346007,801.5274490196077,87.18864360465116,1010.4283711764706,1012.1767019607844,3.210474677419355,393.06686766917295,797.6039850187266,393.97518858267716,393.7535941391941,403.3526444015444,3.066417789473684,3.304537275,3.318319897435898,3.072674810810811,3.2012766333333333,17.55247125,17.58063,17.58396875,17.57514625,210.61002179487178,17.648661818181818,410.2281147859922,404.22595534351143,402.99370383141763,401.83202969924815,16.51089238095238,16.53210761904762,16.51961,16.5,16.5,252.33998758169935,89.10256523316062,93.45628118181818,252.10930854092527
2021-07-26 13:00:00,217.6194142857143,217.5206509578544,217.71466603773584,217.61208421052632,219.66435090909093,706.8510482269503,709.4402593023256,708.8623270270269,79.82365642857143,926.280027840909,927.364226,2.88316290625,368.19555608856086,747.7215894160584,368.83340418250947,368.7404972972973,379.52059285714284,2.6998387435897437,2.9031412249999997,2.9199138974358974,2.711012,2.879620090909091,17.11373705882353,17.229221250000002,17.21312875,17.221473125,182.12705848214287,17.177737368421052,383.24198867924525,377.9519034351145,378.68767992424245,376.67317819548873,16.329904285714285,16.350536666666667,16.337969523809523,16.428571428571427,16.428571428571427,218.55386646341464,86.22546799019608,77.82994576190475,217.37292464285713
2021-07-26 14:00:00,212.3287469879518,211.9452588888889,212.75829060150377,212.09839630996308,211.74248715596332,700.0839763250883,700.665034765625,698.4114239631336,78.66006795811519,912.9364053475936,914.6836331950208,2.8429643846153847,360.6067667938931,733.5334071161049,361.9784535580524,362.02007786259543,372.9186435797666,2.6939059375,2.897813848484849,2.9116816470588236,2.697218714285714,2.844328846153846,16.735255714285714,16.702825,16.68852125,16.64496,181.1821411214953,16.689805999999997,375.64489141791046,371.1338620300752,372.70325291828794,370.59478458498023,15.72007625,15.75786588235294,15.749072352941178,15.5,15.5,212.2707073619632,89.78969561855669,89.94197671568628,212.37543906810035
2021-07-26 15:00:00,241.07049868421052,241.8670459143969,243.23621022727272,242.34379201520912,243.38279464285714,785.45909390681,785.5149683127572,781.3384489690721,85.60853239263804,992.0182093167701,1004.7815141666667,3.1373534,391.86184423076924,794.2843200743495,392.81251984732825,392.52892068965514,402.44265461538464,2.966375525,3.1976075,3.1999542888888888,2.976481071428571,3.1405794,17.114903,17.144535555555553,17.158606,17.158606,206.3919875576037,17.121396363636364,408.32030766283526,402.19681389961386,402.9656125475285,400.12111111111113,15.8781655,15.912902105263159,15.922921764705881,16.05,16.05,242.78974931506846,97.58236365591398,102.92807792792793,241.38579855595668
2021-07-26 16:00:00,250.86836946902653,250.04133676470587,250.80689310344826,250.39786044776122,251.56478278688525,793.8315021276596,795.9268896825397,795.3784588516746,85.07950416184971,987.4599238372094,986.6857074380165,3.1697975882352942,386.30601216730037,783.9727092592592,387.2486524904215,387.5831288973384,396.2937387596899,2.998639139534884,3.222517608695652,3.236132266666667,3.004262926829268,3.17918921875,17.81534272727273,17.870938181818182,17.856653,17.858109090909092,207.26819220779223,17.887613333333334,403.89280661478597,395.8695196911197,396.7219764705883,393.93870608365023,16.779950526315787,16.822094,16.794646315789475,16.75,16.75,250.8840178343949,95.20128606965174,97.32162967889907,250.61499999999998
2021-07-26 17:00:00,235.5930963114754,235.51252230483271,236.33085736434109,235.7065866920152,236.51416019417476,743.6128864285714,745.2635212,744.481023300971,82.404490726257,956.1781651685394,956.1279029787235,2.9719904444444443,377.8598501886793,765.7325794117647,378.28146165413534,379.0634640449438,388.42674636015323,2.813814818181818,3.0258462941176467,3.039152,2.8118444375,2.9744347037037038,17.153621,17.230997777777777,17.208957777777776,17.217855555555555,189.48174117647056,17.15694090909091,394.24061152416357,387.6596241509434,388.0013120622568,385.86596860465113,16.151878823529415,16.13966,16.163410625,16.400000000000002,16.400000000000002,235.2956144654088,92.79057843243244,93.0588525,235.5992793478261
2021-07-26 18:00:00,244.8213025862069,244.94600392156863,245.77138326996197,245.3196496212121,244.20249210526316,791.2625992907801,792.2354808764941,790.8084781818181,85.1043431446541,986.4278032258064,988.9053704,3.1208347419354836,387.99714456928837,785.5223257246377,388.83844924242425,390.00092368421053,398.57525900383143,2.952692138888889,3.173428189189189,3.1838200810810813,2.9575238333333336,3.127047066666667,17.3781975,17.445610833333333,17.4201825,17.420181666666668,201.9807779661017,17.424155833333334,404.97553735849056,397.65141064638783,398.278036329588,396.1303154135338,16.271782105263156,16.301748333333332,16.284953684210528,16.299999999999997,16.299999999999997,244.74712866242038,92.04357739795918,94.17949894009217,244.7812826714801
2021-07-26 19:00:00,287.2419857142857,287.1760305343511,288.5019069852941,288.44827953667954,287.9394770992366,936.5628911660779,937.9526767716536,939.9460281818182,97.88206715189872,1135.9741082802548,1157.938226720648,3.6707906896551723,447.02817578125,904.3167274074074,448.25317547892723,448.50443473282445,455.16669849056603,3.4755438,3.7217522972972974,3.734535891891892,3.479532657142857,3.6735396206896556,18.28709,18.351388,18.30908181818182,18.310297272727272,230.95681279069768,18.299893076923077,468.9838511627907,455.4701015151515,455.2074203125,452.60227854406133,16.74831,16.773204736842107,16.75915,16.933333333333334,16.933333333333334,288.4328946308725,99.31523182222222,104.74055993103448,287.93921075268815
2021-07-26 20:00:00,245.31352966101696,245.05218992537314,246.36328378378377,245.50521811320755,247.7952256,799.0642838028169,800.9762617529881,800.4162949074074,86.02014642857142,996.4042858757061,997.2055228915663,3.1636215625,393.6441076045627,799.6618213235295,395.0069037453183,394.77884980842913,405.83790669291335,3.010976075,3.2365548809523808,3.247889333333333,3.0142661,3.1818643636363637,17.185956363636365,17.246926363636366,17.1511025,17.254904545454547,197.02830635593222,17.21863846153846,411.9569492424243,404.55410570342207,405.11196640625,402.1759239543726,16.197571666666665,16.161026875,16.135088125,16.125,16.125,246.27002434210527,91.62504248803829,96.23198936274511,245.4839508896797
2021-07-26 21:00:00,254.08126974789914,254.0261342307692,254.76377007575755,254.23065795454545,254.35515952380953,826.5208942857142,827.6896758490566,826.4785309734513,89.11960820224719,1033.6997903954802,1030.620386328125,3.25447245,405.83763833992094,821.8175829629629,407.2890940520446,406.6865468992248,415.6640896946565,3.077874,3.308453465116279,3.3211588181818184,3.08252075,3.2592691250000003,17.644944444444445,17.742600000000003,17.725243,17.726581,209.93068636363634,17.73587181818182,424.2751722007722,415.413561423221,415.5853660305344,412.73032316602314,16.456108333333333,16.460805294117648,16.44869,16.580000000000002,16.580000000000002,254.19942345679016,94.66343102040817,112.96851076923076,254.20427400722022
2021-07-26 22:00:00,228.75397165991902,228.5516803030303,229.7638813432836,229.36322703703703,232.2497596330275,763.7904280141844,765.7159599236642,762.7888859090908,82.77917205555555,960.7130853932586,960.6140902439024,3.0553658157894734,382.586218503937,778.5550736842106,383.96609625468164,384.1886125,392.90400426356587,2.8848625111111112,3.1029010217391306,3.113863434782609,2.890237395348837,3.0563344054054054,17.115858,17.173481000000002,17.163373,17.170622,183.02813776824036,17.177226363636365,399.933636802974,393.0696558490566,392.46526501901144,390.2348619607843,16.0671345,16.0914695,16.077738500000002,16.0,16.0,229.62866405228758,83.07264197044334,93.78983149999999,229.22521843971631
2021-07-26 23:00:00,247.85814560669456,247.9558569230769,249.3809453846154,248.56835358490568,247.4119950413223,785.8414784946236,786.0171761133603,783.0253333333334,84.14984571428572,976.3228953757225,978.2584184549356,3.1550961,386.43155131086144,783.3877757352941,387.5135565055762,387.86989067164177,396.36241915708814,2.979517282051282,3.202196463414634,3.2127517500000002,2.978822871794872,3.16012884375,17.33075375,17.36810222222222,17.372025,17.37536,197.57272633744856,17.366735454545452,403.5793713740458,396.3883518939394,396.0159665427509,393.5770885931559,16.255010666666667,16.236867857142858,16.270572666666666,16.333333333333332,16.333333333333332,248.4420153846154,95.52808674208146,101.98216428571429,248.05376093189963
2021-07-27 00:00:00,253.4920335,253.2302749003984,254.0058483870968,253.22640460251046,259.54675000000003,824.8348178947368,825.0586031250001,821.7206158227848,87.31707317204301,1012.6863412087912,1010.4621761421321,3.2768369444444443,397.55169405204464,807.9173282051282,399.2472488970588,398.85394398496237,408.1711124031008,3.1003967619047623,3.330114181818182,3.33811725,3.1028346521739127,3.283691842105263,17.79869909090909,17.870766363636363,17.857761818181817,17.856722727272725,205.7537595744681,17.844223333333332,416.16392613636367,408.1831810810811,408.38464444444446,406.0377569811321,16.662755384615384,16.679235714285713,16.66474142857143,16.733333333333334,16.733333333333334,252.79146976744187,90.15806785714285,100.9984128342246,253.25023381294966
2021-07-27 01:00:00,243.76885947368422,243.32656593886463,244.20048189655174,243.6990189873418,241.4612,781.4309701067616,789.6046861702129,791.8092641666666,84.33526429378531,978.072074566474,986.6282134146342,3.1301496,386.61687425373134,783.0186386029411,387.7183526717557,387.6877883458647,396.20080268199234,2.9506788333333334,3.179610333333333,3.192198,2.954302833333333,3.1341928,17.544286666666668,17.64533,17.589448333333333,17.59199166666667,196.07455176991152,17.576505714285712,403.8872015564202,395.5467329501916,395.6846757692308,393.33499807692306,16.535375714285713,16.512245,16.496415,16.6,16.6,245.2489530612245,91.3905411675127,102.59201088235294,243.59394909090906
2021-07-27 02:00:00,234.33874880952382,234.5283098765432,235.2012181069959,234.6498419087137,233.341,722.6898892473118,722.4645447674419,719.4116322580645,79.59113725609755,923.4588837499999,920.4107968,2.835291,364.9908537037037,741.999497368421,366.8096441064639,366.17612536764705,375.12539847908744,2.6663105,2.9090376666666664,2.9096733333333336,2.681187,2.837199,17.232497142857145,17.288514285714285,17.275164285714286,17.274892857142856,180.6920206140351,17.283338571428573,380.57881296296296,374.805733976834,374.75903955223885,372.4831785185185,16.1964075,16.341165714285715,16.324818571428573,15.95,15.95,235.81523559322036,90.12887292929292,99.6900328488372,234.69314431818182
2021-07-27 03:00:00,195.5781719387755,195.05754691358024,196.1628611570248,195.4652818181818,198.49551428571428,619.365684,619.5438518716577,622.9822146153847,70.14154434782608,812.7376166666667,809.7679729323308,2.5338214999999997,327.56106949806946,666.540793258427,329.42984045801524,329.13945914396885,338.68221699604743,2.4048925000000003,2.5697411666666667,2.5804215,2.4215310000000003,2.5413488,15.0806975,15.129835,15.11767625,15.11505625,148.317481773399,15.12647,340.1385912350598,337.26631394422316,337.4225423664122,335.567475984252,14.12172,14.291186666666666,14.275252222222223,13.75,13.75,195.94461904761906,79.60043606741573,74.07408543999999,195.8785873188406
2021-07-27 04:00:00,164.9616568181818,164.76925530973452,165.676681938326,164.96869442060088,165.5503,517.7194362989324,518.7490558441559,518.3832216666667,59.38611158227848,688.8001474025974,690.2418444444444,2.119698,284.6592958333333,575.87887732342,286.09440476190474,286.0662455938697,290.47063787878784,2.010986,2.1927445,2.180729,2.034254,2.123131,13.833811428571428,13.877024285714286,13.862852857142856,13.86258142857143,112.67868161434978,13.85079625,293.2481426294821,289.7976208494208,289.5080436293436,288.129300754717,13.201971428571428,13.28043875,13.217228571428572,13.35,13.35,166.7587333333333,78.36813735576924,37.66044361702128,164.92379926199263
2021-07-27 05:00:00,206.06024285714284,207.61995601659748,208.42397627118646,207.82351686746986,200.10479999999998,642.3409578571428,631.7949305555555,621.7699189189188,69.65840892655368,808.479852631579,802.0814448717949,2.5286630000000003,320.5220840304182,650.8087301115241,322.08494676806083,322.07013053435116,328.9178245136187,2.4211932000000003,2.617554636363636,2.627749727272727,2.4624101818181816,2.5308427142857144,15.132484444444446,15.28289125,15.24593875,15.25928875,159.1564134883721,15.148002,331.9578677165354,327.9413282352941,328.57977821011673,326.6732215686274,14.335063,14.428507777777778,14.343456,14.5,14.5,200.5812988764045,82.87172760638298,88.78080226190475,208.47041050724638
2021-07-27 06:00:00,208.46546344086022,211.09245421686745,211.25207791164658,211.2629469387755,215.02239999999998,653.0641640569395,644.3106551886792,630.0302882758621,72.41387568965517,841.0577385964913,820.1493074074075,2.415191666666667,333.21936061776063,677.1831562962963,335.2801950381679,334.58475692307695,341.8040749049429,2.3126461666666667,2.5112525,2.508964,2.3247891666666667,2.4172261666666666,15.06091,15.1048025,15.082395,15.0852525,159.24701209302327,15.205271428571427,345.72644313725493,341.37966349809886,340.8383736641222,338.7485747126437,14.347398571428572,14.389683333333332,14.530313333333332,14.05,14.05,196.89342164948454,86.96886147208123,81.95038606451612,211.81297355072465
2021-07-27 07:00:00,184.88012872928178,184.52409827586206,185.85427350427352,185.35429835390946,204.68993846153847,586.2972017793595,580.102449704142,578.999206451613,65.62685274725274,761.8642922222223,784.8304288043478,2.4900823333333335,307.5651789272031,620.7264127340824,308.006819924812,309.35349133858267,315.1654450757576,2.3606025555555554,2.554130727272727,2.570949272727273,2.3615348888888885,2.506627625,14.64418,14.622016923076924,14.666455833333332,14.674564166666668,136.5303511627907,14.58211076923077,317.8705531835206,312.8140976653697,313.8761992277992,312.00405862068965,13.797461428571427,13.818931428571428,13.80618142857143,14.5,14.5,183.10948372093023,80.7381318226601,71.52881742857143,185.8532771217712
2021-07-27 08:00:00,231.58549933333333,231.3677846153846,232.21044212765958,231.60227238493724,231.81066428571427,720.1024686832741,720.5666511363636,717.5226270833333,77.74369892045455,901.9184574712643,901.5844866171004,2.8897294285714286,354.8570363636363,720.6073404411765,356.439122761194,356.20021283018866,364.6384313207547,2.727771375,2.935325625,2.947246,2.731156625,2.8916362857142857,16.169965,16.2171925,16.203846,16.210997499999998,181.14417668161437,16.200665,369.4623486486487,364.22250113636363,363.85184486692015,361.9973711026616,15.225814,15.27922,15.233752,15.6,15.6,231.1896125,88.85431180904523,112.48657528735632,231.60511272727274
2021-07-27 09:00:00,234.44541520467834,235.16373544303798,236.0356058577406,235.76142222222222,230.4367722222222,722.0901744525547,708.4941026086957,694.0554786666667,78.42778285714286,909.5414011173185,909.900363099631,2.7292494285714284,360.27161365313657,731.3797722627737,361.6763003717472,361.370236329588,370.57774337349395,2.64027675,2.792187888888889,2.84587675,2.577672125,2.7309382857142857,15.686552857142857,15.743112857142858,15.724858571428571,15.728127142857144,179.7727306976744,15.9299175,375.3588325842697,370.58722790697675,370.3454053278689,368.1951791505791,14.77592857142857,14.71188,14.78290142857143,14.3,14.3,230.04366086956523,90.29156030769231,106.54429981927711,235.58186466165412
2021-07-27 10:00:00,169.1174069620253,169.1479623931624,169.81493230088498,169.2420410041841,174.4669041666667,564.6911314285715,568.7588640350876,572.7216170212766,60.41348465240642,700.7741229946524,700.3614650735294,2.2738023333333337,277.0089980988593,560.1693413919413,278.5785191011236,277.976521875,282.5812796078431,2.160004333333333,2.325059,2.3370268750000003,2.1572977142857144,2.2856270000000003,14.623917500000001,14.66804625,14.651595,14.6542175,140.1445929648241,14.613372499999999,283.4090754789272,282.0695525096525,281.68752637795274,280.45654980237157,13.91840875,13.93499875,13.925464999999999,14.0,14.0,172.60861111111112,81.52577555555555,60.81131475609756,168.93441235955058
2021-07-27 11:00:00,159.80429798657718,159.7412056451613,160.46617467248907,159.86424092827005,159.90814166666667,553.9855133574007,554.7880776699029,553.9399315789474,59.822747125,693.9165506329114,693.6732291970802,2.217984,274.55331860465117,555.1066823308271,275.7101293233083,275.781852851711,280.22524015444014,2.1156546,2.2835674,2.2944766000000003,2.118096,2.2211623333333335,14.691192000000001,14.73909,14.718876,14.723452,138.97090102040818,14.715885,280.5305405405405,279.4253430894309,279.41518185328187,278.0486868913858,14.028072,14.046384,14.03723,14.0,14.0,159.9445888888889,79.71918368715083,60.680123058823526,159.93841834532373
2021-07-27 12:00:00,158.35086492537312,158.16373826086956,158.93316234309626,158.33474050632913,158.41423333333333,556.7021604240283,557.305106521739,556.4555541666667,59.78961383233533,693.5811975609756,693.6691350746269,2.246338,274.0622879245283,554.372686231884,275.33079999999995,275.3415370786517,279.2248471698113,2.132286,2.277998,2.28906,2.136863,2.258926,14.72349,14.775326666666666,14.75689,14.756889999999999,139.11797743589744,14.744813333333333,280.24711787072243,278.94771212121213,278.4516232824427,277.05672567049805,14.070286666666666,14.086563333333332,14.06978,14.0,14.0,158.51493333333335,79.89763106951871,60.82341534090909,158.3460778597786
2021-07-27 13:00:00,153.30881818181817,153.1305345991561,153.87847685185187,153.2624557939914,153.9930625,553.9317551601424,554.8453813953488,553.0734288888889,59.735230529411766,692.9416693251534,692.9794396226415,2.2177296666666666,273.8513433962264,553.6763516605166,275.12323258426966,275.15862709923664,279.8622027888446,2.11597875,2.2815265,2.2933512499999997,2.11903025,2.215695333333333,14.640841666666667,14.692684999999999,14.691408000000001,14.688355999999999,139.52625671641792,14.690864285714285,279.96008275862073,278.6151937743191,279.02962270916333,277.65744902723736,13.990948333333334,14.025938,13.98169,14.0,14.0,153.97143999999997,79.93264912790698,61.06195811111111,153.24194343065696
2021-07-27 14:00:00,152.8803036764706,152.72284273504272,153.47940901639345,152.87930132743364,152.90857999999997,559.1487903571428,560.0801923076923,558.2921475,59.791479322033894,693.5126786127167,693.7128172284644,2.2415700000000003,273.9995042635659,553.530094095941,275.511895703125,275.282073540856,279.3276938931298,2.1185535,2.2833383333333335,2.297197666666667,2.1206515,2.220018,14.825206666666666,14.874506666666667,14.857339999999999,14.880225,139.86905324074073,14.868780000000001,280.0895980842912,278.1436404580152,278.39845019455254,277.0505216216216,14.177093333333334,14.19591,14.193876666666668,14.0,14.0,152.73828333333333,79.7570127225131,61.85447859375,152.83889245283018
2021-07-27 15:00:00,153.37444370860928,153.01558607594936,153.91050560344829,153.2369150862069,153.72166666666666,554.6329553571429,556.2432868217055,556.3146965517242,59.85928069767442,694.3211801204819,694.2222360594795,2.2371835,274.4451437735849,553.7533923636364,275.5587217557252,275.80161529850744,278.8932687258687,2.1324126666666667,2.2950363333333335,2.310548333333333,2.13343,2.239091,14.527554,14.566298,14.552944,14.551418000000002,140.07008450704225,14.555616,280.6024387218045,278.21648074074074,277.9417213740458,276.74801699604745,13.873664,13.894416000000001,13.883734,13.9,13.9,154.44304285714287,79.92431285714285,61.98923325203252,153.08490547445257
2021-07-27 16:00:00,155.39279384615384,155.18198940092165,155.99166153846156,155.3565871794872,155.37682857142858,555.1042590747331,555.7013532710281,554.9937428571428,60.00867126315789,696.1628306010929,695.3493799270072,2.2371835,275.00323684210525,555.1154035842294,276.41831918819184,276.30481954887216,279.46362537313433,2.1324126666666667,2.275328,2.310548333333333,2.13343,2.239091,14.60937,14.65422,14.630379999999999,14.631335,139.9651383561644,14.637532499999999,281.2768152416357,278.73312290076336,278.63586654275093,277.31730335820896,13.954075,13.97391,13.962465000000002,13.9,13.9,155.33824166666668,79.4806989,62.37484565891473,155.36088455882353
2021-07-27 17:00:00,155.87070903614458,155.65607287449393,156.4731581589958,155.86951666666667,156.24885882352942,542.9380534965036,543.8147559701492,542.9345887323943,60.23537880952381,698.7165975460123,698.2773827838828,2.227037,275.0183505791506,554.3175467153285,275.7341833333333,276.33319341085274,279.96591780303027,2.1315225,2.2933105714285715,2.306170857142857,2.134510666666667,2.2282576,14.598036666666665,14.647543333333333,14.631014444444446,14.631015555555555,144.48752477876107,14.634001000000001,281.2329128301887,278.5795550185873,278.99188239700374,277.66970150943393,13.971791111111111,14.002748,13.975687777777777,13.9,13.9,155.37715,80.24866228426396,65.39972429530201,155.82138974358975
2021-07-27 18:00:00,156.3972657142857,156.46529639639638,157.24973710407238,156.6051514893617,156.21106363636363,541.7371335740072,542.188009375,538.6646410714286,60.00385552486188,695.9326147727272,695.6548158490566,2.21277075,274.09864007490637,554.3405376383764,275.6505333333333,275.49720294117645,279.4965700374532,2.110543,2.2764724999999997,2.287248,2.1130225,2.2147735,14.683436666666667,14.75244,14.735913333333334,14.735278333333333,141.50958712446354,14.693699,280.14062462686564,278.73351576923073,278.58487777777776,277.2037640625,14.061205714285714,14.097824285714285,14.082131428571428,14.2,14.2,156.47236923076923,79.36626629268292,62.027683971631205,156.59962454212456
2021-07-27 19:00:00,154.45148287671233,154.26301806722688,155.1099350877193,154.44759957446806,154.547,540.0160783393502,540.9644366972477,538.9459276595744,59.34405125,688.4782042424242,688.9447254681648,2.177550666666667,274.12959543726237,553.850365909091,275.28572548262554,275.4664889298893,279.9028474509804,2.082793,2.24118875,2.25358575,2.0824115,2.178695,14.796418571428571,14.825871666666666,14.82982142857143,14.828731428571428,135.15132152466367,14.841265714285713,280.11789884169883,278.44495752895756,278.74363035019456,277.4362319230769,14.194638333333332,14.214726666666666,14.204046666666665,14.2,14.2,154.47885,75.61330223350254,56.46797313253012,154.48104322344324
2021-07-27 20:00:00,154.14754791666667,153.8986263829787,154.66200956521737,154.04464464285712,154.83682307692308,545.8110157706093,547.3976984496124,546.8315366666667,59.26699224852071,687.5110848484849,687.771453763441,2.19408,273.3367488461538,553.6137403773586,275.57438735632184,274.70073015873015,279.30780395256915,2.087529,2.2500253333333333,2.26541025,2.0886733333333334,2.195987,14.959031666666666,14.998748571428573,14.994341666666665,14.994660000000001,133.97246009615384,14.978686249999999,279.20983524904216,278.11144108527134,278.03875960784313,276.80320118110234,14.307865,14.32674875,14.31473,14.1,14.1,153.963875,74.54593840425532,63.28682445544554,154.02840439560438
2021-07-27 21:00:00,158.19515694444442,158.03622763157892,158.79766403508773,158.0280371794872,158.88445384615383,549.15781,549.6394025,548.763472,59.35393274390245,688.5123981012658,688.8375433962264,2.184670666666667,275.18353692307693,554.7614144981412,276.331380620155,276.410987109375,279.9644923076923,2.083206,2.2251043333333334,2.2434775,2.085177,2.1867056666666667,14.678351666666666,14.7343225,14.7216875,14.721652857142857,134.06992626262627,14.723595,280.8432752895753,278.443722007722,278.5109294776119,277.388753256705,14.066218333333333,14.088452857142856,14.074285714285713,14.1,14.1,158.784975,74.36444822222222,64.74984122222222,158.2032772893773
2021-07-27 22:00:00,151.2524502673797,150.8583079365079,151.68545600000002,151.171393385214,151.0097675,524.5195721014493,523.9839945578232,521.0299936842105,57.12971710059171,663.1142596385541,663.3115558490566,2.138802083333333,271.8395225680934,548.4380849264705,272.87432099236645,273.02460077220076,276.99612730769235,2.0436884,2.1893902352941175,2.200542,2.0438918,2.138961,13.810561111111111,13.85816,13.844387777777778,13.929281,115.39996717391305,13.787234615384616,277.0769853383458,275.3087804597701,275.3153822393822,274.3193071969697,13.322654166666666,13.208881,13.253807272727272,13.175,13.175,152.65215454545452,75.23504242990654,46.09676779069767,151.12603503649635
2021-07-27 23:00:00,97.30464503267973,92.13228170917432,98.5856045125,94.78618965990783,114.59559863636363,352.9793993209876,337.14326104,334.01902525975606,44.49326228571429,515.1714531791907,538.7448104347826,1.4102075285714286,230.80121647940075,468.3411630434783,231.0920475285171,231.79455817490495,238.3041151291513,1.3591954733333333,1.4927525933333332,1.5058234666666666,1.3678669466666666,1.4113517928571429,9.351940384615386,9.383288615384615,9.618167999999999,9.611497666666667,86.21588544827586,9.219942882352942,232.2854520295203,236.58963255813956,236.5756026119403,235.91084242424242,8.832010166666667,8.858458083333334,8.759887461538462,8.599999999999998,8.599999999999998,152.65215454545452,68.25963251748252,24.393936822222223,99.07980072649573
2021-07-28 07:00:00,38.77102504963334,37.12734556786947,38.06233550516619,37.60370681863378,49.97433,239.74804787005974,239.62313126364756,239.52993465420212,35.46868933121292,411.05177184071476,430.0,1.4102075285714286,174.5963730086228,365.79423152492404,177.5246470622989,177.99990999916926,187.80972642405658,1.3591954733333333,1.4927525933333332,1.5058234666666666,1.3678669466666666,1.4113517928571429,9.351940384615386,9.383288615384615,9.618167999999999,9.611497666666667,52.77952583100047,8.547984075956942,232.2854520295203,236.58963255813956,236.5756026119403,235.91084242424242,8.832010166666667,8.858458083333334,8.759887461538462,8.599999999999998,8.599999999999998,153.953575,56.770655782697716,0.0,38.088617506692046
2021-07-28 15:00:00,38.77102504963334,37.12734556786947,38.06233550516619,37.60370681863378,49.97433,239.74804787005974,239.62313126364756,239.52993465420212,35.46868933121292,411.05177184071476,430.0,1.0479808250000002,174.5963730086228,365.79423152492404,177.5246470622989,177.99990999916926,187.80972642405658,1.3591954733333333,1.4927525933333332,1.5058234666666666,1.3678669466666666,1.4113517928571429,9.351940384615386,9.383288615384615,9.618167999999999,9.611497666666667,52.77952583100047,8.547984075956942,232.2854520295203,236.58963255813956,236.5756026119403,235.91084242424242,8.832010166666667,8.858458083333334,8.759887461538462,8.599999999999998,8.599999999999998,153.953575,56.770655782697716,0.0,38.088617506692046
2021-07-28 23:00:00,38.77102504963334,37.12734556786947,38.06233550516619,37.60370681863378,49.97433,239.74804787005974,239.62313126364756,239.52993465420212,35.46868933121292,411.05177184071476,430.0,1.0479808250000002,174.5963730086228,365.79423152492404,177.5246470622989,177.99990999916926,187.80972642405658,1.3591954733333333,1.4927525933333332,1.5058234666666666,1.3678669466666666,1.4113517928571429,9.351940384615386,9.383288615384615,9.618167999999999,9.611497666666667,52.77952583100047,8.547984075956942,232.2854520295203,236.58963255813956,236.5756026119403,235.91084242424242,8.832010166666667,8.858458083333334,8.759887461538462,8.599999999999998,8.599999999999998,153.953575,56.770655782697716,0.0,38.088617506692046
2021-07-29 07:00:00,38.77102504963334,37.12734556786947,38.06233550516619,37.60370681863378,49.97433,239.74804787005974,239.62313126364756,239.52993465420212,35.46868933121292,411.05177184071476,430.0,1.0479808250000002,174.5963730086228,365.79423152492404,177.5246470622989,177.99990999916926,187.80972642405658,1.3591954733333333,1.4927525933333332,1.5058234666666666,1.3678669466666666,1.4113517928571429,9.351940384615386,9.383288615384615,9.618167999999999,9.611497666666667,52.77952583100047,8.547984075956942,232.2854520295203,236.58963255813956,236.5756026119403,235.91084242424242,8.832010166666667,8.858458083333334,8.759887461538462,8.599999999999998,8.599999999999998,153.933,56.770655782697716,0.0,38.088617506692046
2021-07-29 15:00:00,38.77102504963334,37.12734556786947,38.06233550516619,37.60370681863378,49.97433,239.74804787005974,239.62313126364756,239.52993465420212,35.46868933121292,411.05177184071476,430.0,1.0479808250000002,174.5963730086228,365.79423152492404,177.5246470622989,177.99990999916926,187.80972642405658,1.3591954733333333,1.4927525933333332,1.5058234666666666,1.3678669466666666,1.4113517928571429,9.351940384615386,9.383288615384615,9.618167999999999,9.611497666666667,52.77952583100047,8.547984075956942,232.2854520295203,236.58963255813956,236.5756026119403,235.91084242424242,8.832010166666667,8.858458083333334,8.759887461538462,8.599999999999998,8.599999999999998,153.933,56.770655782697716,0.0,38.088617506692046
2021-07-29 23:00:00,38.77102504963334,37.12734556786947,38.06233550516619,37.60370681863378,49.97433,239.74804787005974,239.62313126364756,239.52993465420212,35.46868933121292,411.05177184071476,430.0,1.0479808250000002,174.5963730086228,365.79423152492404,177.5246470622989,177.99990999916926,187.80972642405658,1.3591954733333333,1.4927525933333332,1.5058234666666666,1.3678669466666666,1.4113517928571429,9.351940384615386,9.383288615384615,9.618167999999999,9.611497666666667,52.77952583100047,8.547984075956942,232.2854520295203,236.58963255813956,236.5756026119403,235.91084242424242,8.832010166666667,8.858458083333334,8.759887461538462,8.599999999999998,8.599999999999998,153.96044999999998,56.770655782697716,0.0,38.088617506692046
2021-07-30 07:00:00,38.77102504963334,37.12734556786947,38.06233550516619,37.60370681863378,49.97433,239.74804787005974,239.62313126364756,239.52993465420212,35.46868933121292,411.05177184071476,430.0,1.0479808250000002,174.5963730086228,365.79423152492404,177.5246470622989,177.99990999916926,187.80972642405658,1.3591954733333333,1.4927525933333332,1.5058234666666666,1.3678669466666666,1.4113517928571429,9.351940384615386,9.383288615384615,9.618167999999999,9.611497666666667,52.77952583100047,8.547984075956942,232.2854520295203,236.58963255813956,236.5756026119403,235.91084242424242,8.832010166666667,8.858458083333334,8.759887461538462,8.599999999999998,8.599999999999998,153.933,56.770655782697716,0.0,38.088617506692046
2021-07-30 15:00:00,38.77102504963334,37.12734556786947,38.06233550516619,37.60370681863378,49.97433,239.74804787005974,239.62313126364756,239.52993465420212,35.46868933121292,411.05177184071476,430.0,1.0479808250000002,174.5963730086228,365.79423152492404,177.5246470622989,177.99990999916926,187.80972642405658,1.3591954733333333,1.4927525933333332,1.5058234666666666,1.3678669466666666,1.4113517928571429,9.351940384615386,9.383288615384615,9.618167999999999,9.611497666666667,52.77952583100047,8.547984075956942,232.2854520295203,236.58963255813956,236.5756026119403,235.91084242424242,8.832010166666667,8.858458083333334,8.759887461538462,8.599999999999998,8.599999999999998,153.933,56.770655782697716,0.0,38.088617506692046
2021-07-30 23:00:00,38.77102504963334,37.12734556786947,38.06233550516619,37.60370681863378,49.97433,239.74804787005974,239.62313126364756,239.52993465420212,35.46868933121292,411.05177184071476,430.0,1.0479808250000002,174.5963730086228,365.79423152492404,177.5246470622989,177.99990999916926,187.80972642405658,1.3591954733333333,1.4927525933333332,1.5058234666666666,1.3678669466666666,1.4113517928571429,9.351940384615386,9.383288615384615,9.618167999999999,9.611497666666667,52.77952583100047,8.547984075956942,232.2854520295203,236.58963255813956,236.5756026119403,235.91084242424242,8.832010166666667,8.858458083333334,8.759887461538462,8.599999999999998,8.599999999999998,153.933,56.770655782697716,0.0,38.088617506692046
2021-07-31 07:00:00,38.77102504963334,37.12734556786947,38.06233550516619,37.60370681863378,49.97433,239.74804787005974,239.62313126364756,239.52993465420212,35.46868933121292,411.05177184071476,430.0,1.0479808250000002,174.5963730086228,365.79423152492404,177.5246470622989,177.99990999916926,187.80972642405658,1.3591954733333333,1.4927525933333332,1.5058234666666666,1.3678669466666666,1.4113517928571429,9.351940384615386,9.383288615384615,9.618167999999999,9.611497666666667,52.77952583100047,8.547984075956942,232.2854520295203,236.58963255813956,236.5756026119403,235.91084242424242,8.832010166666667,8.858458083333334,8.759887461538462,8.599999999999998,8.599999999999998,153.96044999999998,56.770655782697716,0.0,38.088617506692046
2021-07-31 15:00:00,38.77102504963334,37.12734556786947,38.06233550516619,37.60370681863378,49.97433,239.74804787005974,239.62313126364756,239.52993465420212,35.46868933121292,411.05177184071476,430.0,1.0479808250000002,174.5963730086228,365.79423152492404,177.5246470622989,177.99990999916926,187.80972642405658,1.3591954733333333,1.4927525933333332,1.5058234666666666,1.3678669466666666,1.4113517928571429,9.351940384615386,9.383288615384615,9.618167999999999,9.611497666666667,52.77952583100047,8.547984075956942,232.2854520295203,236.58963255813956,236.5756026119403,235.91084242424242,8.832010166666667,8.858458083333334,8.759887461538462,8.599999999999998,8.599999999999998,153.96044999999998,56.770655782697716,0.0,38.088617506692046
2021-07-31 23:00:00,38.77102504963334,37.12734556786947,38.06233550516619,37.60370681863378,49.97433,239.74804787005974,239.62313126364756,239.52993465420212,35.46868933121292,411.05177184071476,430.0,1.0479808250000002,174.5963730086228,365.79423152492404,177.5246470622989,177.99990999916926,187.80972642405658,1.3591954733333333,1.4927525933333332,1.5058234666666666,1.3678669466666666,1.4113517928571429,9.351940384615386,9.383288615384615,9.618167999999999,9.611497666666667,52.77952583100047,8.547984075956942,232.2854520295203,236.58963255813956,236.5756026119403,235.91084242424242,8.832010166666667,8.858458083333334,8.759887461538462,8.599999999999998,8.599999999999998,153.933,56.770655782697716,0.0,38.088617506692046
2021-08-01 07:00:00,38.77102504963334,37.12734556786947,38.06233550516619,37.60370681863378,49.97433,239.74804787005974,239.62313126364756,239.52993465420212,35.46868933121292,411.05177184071476,430.0,1.0479808250000002,174.5963730086228,365.79423152492404,177.5246470622989,177.99990999916926,187.80972642405658,1.3591954733333333,1.4927525933333332,1.5058234666666666,1.3678669466666666,1.4113517928571429,9.351940384615386,9.383288615384615,9.618167999999999,9.611497666666667,52.77952583100047,8.547984075956942,232.2854520295203,236.58963255813956,236.5756026119403,235.91084242424242,8.832010166666667,8.858458083333334,8.759887461538462,8.599999999999998,8.599999999999998,153.933,56.770655782697716,0.0,38.088617506692046
2021-08-01 15:00:00,38.77102504963334,37.12734556786947,38.06233550516619,37.60370681863378,49.97433,239.74804787005974,239.62313126364756,239.52993465420212,35.46868933121292,411.05177184071476,430.0,1.0479808250000002,174.5963730086228,365.79423152492404,177.5246470622989,177.99990999916926,187.80972642405658,1.3591954733333333,1.4927525933333332,1.5058234666666666,1.3678669466666666,1.4113517928571429,9.351940384615386,9.383288615384615,9.618167999999999,9.611497666666667,52.77952583100047,8.547984075956942,232.2854520295203,236.58963255813956,236.5756026119403,235.91084242424242,8.832010166666667,8.858458083333334,8.759887461538462,8.599999999999998,8.599999999999998,153.933,56.770655782697716,0.0,38.088617506692046
2021-08-01 23:00:00,38.77102504963334,37.12734556786947,38.06233550516619,37.60370681863378,49.97433,239.74804787005974,239.62313126364756,239.52993465420212,35.46868933121292,411.05177184071476,430.0,1.0479808250000002,174.5963730086228,365.79423152492404,177.5246470622989,177.99990999916926,187.80972642405658,1.3591954733333333,1.4927525933333332,1.5058234666666666,1.3678669466666666,1.4113517928571429,9.351940384615386,9.383288615384615,9.618167999999999,9.611497666666667,52.77952583100047,8.547984075956942,232.2854520295203,236.58963255813956,236.5756026119403,235.91084242424242,8.832010166666667,8.858458083333334,8.759887461538462,8.599999999999998,8.599999999999998,153.9467,56.770655782697716,0.0,38.088617506692046
2021-08-02 07:00:00,38.77102504963334,37.12734556786947,38.06233550516619,37.60370681863378,49.97433,239.74804787005974,239.62313126364756,239.52993465420212,35.46868933121292,411.05177184071476,430.0,1.0479808250000002,174.5963730086228,365.79423152492404,177.5246470622989,177.99990999916926,187.80972642405658,1.3591954733333333,1.4927525933333332,1.5058234666666666,1.3678669466666666,1.4113517928571429,9.351940384615386,9.383288615384615,9.618167999999999,9.611497666666667,52.77952583100047,8.547984075956942,232.2854520295203,236.58963255813956,236.5756026119403,235.91084242424242,8.832010166666667,8.858458083333334,8.759887461538462,8.599999999999998,8.599999999999998,153.9467,56.770655782697716,0.0,38.088617506692046
2021-08-02 15:00:00,38.77102504963334,37.12734556786947,38.06233550516619,37.60370681863378,49.97433,239.74804787005974,239.62313126364756,239.52993465420212,35.46868933121292,411.05177184071476,430.0,1.0479808250000002,174.5963730086228,365.79423152492404,177.5246470622989,177.99990999916926,187.80972642405658,1.3591954733333333,1.4927525933333332,1.5058234666666666,1.3678669466666666,1.4113517928571429,9.351940384615386,9.383288615384615,9.618167999999999,9.611497666666667,52.77952583100047,8.547984075956942,232.2854520295203,236.58963255813956,236.5756026119403,235.91084242424242,8.832010166666667,8.858458083333334,8.759887461538462,8.599999999999998,8.599999999999998,153.9879,56.770655782697716,0.0,38.088617506692046
2021-08-02 23:00:00,38.77102504963334,37.12734556786947,38.06233550516619,37.60370681863378,49.97433,239.74804787005974,239.62313126364756,239.52993465420212,35.46868933121292,411.05177184071476,430.0,1.0479808250000002,174.5963730086228,365.79423152492404,177.5246470622989,177.99990999916926,187.80972642405658,1.3591954733333333,1.4927525933333332,1.5058234666666666,1.3678669466666666,1.4113517928571429,9.351940384615386,9.383288615384615,9.618167999999999,9.611497666666667,52.77952583100047,8.547984075956942,232.2854520295203,236.58963255813956,236.5756026119403,235.91084242424242,8.832010166666667,8.858458083333334,8.759887461538462,8.599999999999998,8.599999999999998,153.9879,56.770655782697716,0.0,38.088617506692046
2021-08-03 07:00:00,38.77102504963334,37.12734556786947,38.06233550516619,37.60370681863378,49.97433,239.74804787005974,239.62313126364756,239.52993465420212,35.46868933121292,411.05177184071476,430.0,1.0479808250000002,174.5963730086228,365.79423152492404,177.5246470622989,177.99990999916926,187.80972642405658,1.3591954733333333,1.4927525933333332,1.5058234666666666,1.3678669466666666,1.4113517928571429,9.351940384615386,9.383288615384615,9.618167999999999,9.611497666666667,52.77952583100047,8.547984075956942,176.3701286419752,236.58963255813956,236.5756026119403,235.91084242424242,8.832010166666667,8.858458083333334,8.759887461538462,8.599999999999998,8.599999999999998,153.933,56.770655782697716,0.0,38.088617506692046
2021-08-03 15:00:00,38.77102504963334,37.12734556786947,38.06233550516619,37.60370681863378,49.97433,239.74804787005974,239.62313126364756,239.52993465420212,35.46868933121292,411.05177184071476,430.0,1.0479808250000002,174.5963730086228,365.79423152492404,177.5246470622989,177.99990999916926,187.80972642405658,1.3591954733333333,1.4927525933333332,1.5058234666666666,1.3678669466666666,1.4113517928571429,9.351940384615386,9.383288615384615,9.618167999999999,9.611497666666667,52.77952583100047,8.547984075956942,176.3701286419752,236.58963255813956,236.5756026119403,235.91084242424242,8.832010166666667,8.858458083333334,8.759887461538462,8.599999999999998,8.599999999999998,154.0154,56.770655782697716,0.0,38.088617506692046
2021-08-03 23:00:00,38.77102504963334,37.12734556786947,38.06233550516619,37.60370681863378,49.97433,239.74804787005974,239.62313126364756,239.52993465420212,35.46868933121292,411.05177184071476,430.0,1.0479808250000002,174.5963730086228,365.79423152492404,177.5246470622989,177.99990999916926,187.80972642405658,1.3591954733333333,1.4927525933333332,1.5058234666666666,1.3678669466666666,1.4113517928571429,9.351940384615386,9.383288615384615,9.618167999999999,9.611497666666667,52.77952583100047,8.547984075956942,176.3701286419752,236.58963255813956,236.5756026119403,235.91084242424242,8.832010166666667,8.858458083333334,8.759887461538462,8.599999999999998,8.599999999999998,153.9879,56.770655782697716,0.0,38.088617506692046
2021-08-04 07:00:00,38.77102504963334,37.12734556786947,38.06233550516619,37.60370681863378,49.97433,239.74804787005974,239.62313126364756,239.52993465420212,35.46868933121292,411.05177184071476,430.0,1.0479808250000002,174.5963730086228,365.79423152492404,177.5246470622989,177.99990999916926,187.80972642405658,1.3591954733333333,1.4927525933333332,1.5058234666666666,1.3678669466666666,1.4113517928571429,9.351940384615386,9.383288615384615,9.618167999999999,9.611497666666667,52.77952583100047,8.547984075956942,176.3701286419752,236.58963255813956,236.5756026119403,235.91084242424242,8.832010166666667,8.858458083333334,8.759887461538462,8.599999999999998,8.599999999999998,153.99706666666665,56.770655782697716,0.0,38.088617506692046
2021-08-04 15:00:00,38.77102504963334,37.12734556786947,38.06233550516619,37.60370681863378,49.97433,239.74804787005974,239.62313126364756,239.52993465420212,35.46868933121292,411.05177184071476,430.0,1.0479808250000002,174.5963730086228,365.79423152492404,177.5246470622989,177.99990999916926,187.80972642405658,1.3591954733333333,1.4927525933333332,1.5058234666666666,1.3678669466666666,1.4113517928571429,9.351940384615386,9.383288615384615,9.618167999999999,9.611497666666667,52.77952583100047,8.547984075956942,178.81640862068963,186.24729856727987,186.01369123898104,186.08533747545584,8.832010166666667,8.858458083333334,8.759887461538462,8.599999999999998,8.599999999999998,153.99706666666665,56.770655782697716,0.0,38.088617506692046
2021-08-04 22:00:00,51.521994687500005,46.799985380927836,46.02900343222772,41.61560673456221,63.851509,239.74804787005974,239.62313126364756,239.52993465420212,49.05644295918367,569.1729402061856,596.4766529411764,1.0479808250000002,260.8240932835821,523.28664375,262.032986259542,262.05074867924526,263.9535567669173,1.0208648875000004,1.1083388375000007,1.120066715277778,1.0246650178571417,1.0500056999999998,8.488412499999997,8.509436250000004,8.506505327380953,8.509140153769843,85.72151249999999,8.547984075956942,267.1834953307393,261.57683167938933,262.2817407692308,261.43384770992367,8.345407635957791,8.377919873376618,8.361919945211042,8.599999999999998,8.599999999999998,153.9879,77.82055182608696,26.242933846153846,51.32910145365853
2021-08-04 23:00:00,160.18174884210526,158.74471792828686,159.55081151020408,158.71775404,162.4618874074074,528.5290967625899,532.1651931818182,522.5791732673267,70.43539961956522,817.7344153005464,792.7256297029703,2.150066923076923,317.27882586872585,642.6281577777778,319.58686254681646,318.6989984496124,324.40537218045114,2.0553395,2.2337504210526316,2.2456956315789474,2.0604889444444447,2.1585759999999996,13.305399,13.356728100000002,13.342041900000002,13.343568600000001,172.55017668161437,13.054369833333332,329.4609186507937,322.33188112449795,323.6051934108527,322.05207794676807,12.656668999999999,12.569932916666666,12.559379833333333,11.733333666666667,11.733333666666667,181.252945,93.62067265,86.24638795180724,158.5565182783883
2021-08-05 00:00:00,197.3924246696035,196.61647547892719,197.57632319391632,196.88266865671642,196.3495574074074,628.3959906810036,629.0076630434783,630.2945949152543,75.10457614457832,871.3299409937888,872.91440729927,2.5571671739130433,346.38000190114064,702.0641645283018,347.5061042145594,347.2952723076923,356.1801696153846,2.430831090909091,2.619697857142857,2.6305309714285716,2.4296612666666664,2.5565812500000002,15.29859875,15.3474975,15.33748375,15.3382,168.2194832512315,15.32156,361.1452944223107,354.9642399224806,355.11540617760613,353.35325,14.54035625,14.560575,14.55161,14.399999999999999,14.399999999999999,192.99774347826084,84.97131229885058,79.4496917293233,197.14751854545455
2021-08-05 01:00:00,150.51168943661972,150.09503392857144,150.80345159817352,150.24989824561402,151.0294909090909,554.054643115942,555.3453144444445,557.1523447368421,67.8976405882353,788.4414087719298,787.4245966292135,2.2887421666666667,318.63119333333333,648.3027578358209,319.45306055776894,319.63628223938224,329.945613671875,2.186308125,2.3581495,2.3713094999999997,2.1896935,2.2902044999999998,15.110022,15.088878,15.147618,15.0266075,139.3618535,15.066498333333334,330.8462934108527,328.9636116981132,329.1121640151515,327.65308910505837,14.516934000000001,14.531584,14.523344,14.4,14.4,152.02423,76.77723431034482,59.310702210526316,150.26306739130433
2021-08-05 02:00:00,151.20756119402986,151.0022417040359,151.83598251121077,151.24006826086958,151.53921666666668,557.3893856630824,557.1226178082192,557.646035483871,66.66926567251461,773.7769526946107,772.9332761904762,2.320529,312.23795912698415,636.0173803703703,313.3530088803089,313.35872890625,323.64038288973387,2.2024714999999997,2.3759026666666667,2.3865833333333333,2.2038706666666665,2.306607,15.609716666666666,15.665371666666667,15.651065000000001,15.671725,137.3226787735849,15.667912857142856,324.05576121673005,322.6802440613027,322.9014258687259,321.01731089494166,15.063428571428572,15.081085714285715,15.073238571428572,15.25,15.25,151.50438571428572,74.9819503125,59.91783893203883,151.22679592592593
2021-08-05 03:00:00,150.9861725,150.76125594713656,151.6039174107143,150.98811822033898,151.27536,552.6337876363636,551.5333440860215,551.2617173076923,65.31284451086957,757.5586162011174,757.8441719557195,2.3029830000000002,307.28620639097744,625.2041724014338,308.59248834586464,308.33309511278196,317.37115364963506,2.1910285,2.3638235,2.3788910000000003,2.189884,2.2944,15.82714,15.878185,15.87008,15.865310000000001,132.4602443298969,15.8958275,318.7655523255814,316.5676883895131,316.4964288888889,315.08016900369006,15.288883333333333,15.305666666666667,15.300580000000002,15.25,15.25,151.64797,70.41923341317364,60.7426617,151.05547022058823
2021-08-05 04:00:00,148.99284662576687,148.84631958333333,149.61772587719298,148.95956359649122,149.00019,554.1944938628159,554.2142331210191,553.833302247191,65.07146818681319,754.77736875,754.2026102564103,2.307751,307.257837890625,623.8196533834587,308.2188080769231,308.3247588461539,316.8717337121212,2.189121,2.3586745000000002,2.3525076666666664,2.188358,2.3094675000000002,15.834389999999999,15.894492,15.872366,15.876566,130.54601534391534,15.884574,318.451746303502,315.7627748120301,315.96773103448277,314.51462911877394,15.2525175,15.263580000000001,15.260909999999999,15.2,15.2,150.7942285714286,68.3147507913669,61.310530649350646,148.9916625
2021-08-05 05:00:00,150.79873543307087,150.39616016949154,151.2184155172414,150.58772370689655,153.04517272727273,537.9959975088967,538.8766898989899,541.50993125,63.381088787878795,735.304199375,735.3056474074075,2.2078118,297.0902090196078,603.2574548148148,298.5318623574144,298.2064673151751,305.763991796875,2.0908712857142855,2.2524412857142857,2.2646475714285716,2.091688857142857,2.2184162,15.429347142857143,15.478824285714285,15.464657142857144,15.465745714285715,131.40070666666665,15.461659999999998,307.51876852589646,304.7179654618474,304.9217274131274,303.5788569767442,14.857882857142856,14.879900000000001,14.865077142857142,15.2,15.2,152.22771818181818,69.02821754601227,61.61672021052632,150.55357262773722
2021-08-05 06:00:00,150.72810887096776,150.487600877193,151.34063317972348,150.65701287553648,151.16276,538.3204784452297,539.1782785714286,538.52629,63.127269941176465,732.2524307692307,732.4534045283019,2.146018,296.142927734375,600.6229436293436,296.94353269230766,297.2127162162162,304.7138744274809,2.059429,2.222688,2.229936,2.067058,2.148306,15.207926666666665,15.268030000000001,15.250863333333333,15.252136666666667,131.60064402173913,15.220984999999999,306.611850390625,303.69908832684825,303.9637984375,302.60398482490274,14.631776666666667,14.652123333333334,14.637880000000001,15.2,15.2,151.17871428571428,69.53990891566265,61.6566475490196,150.74650111524164
2021-08-05 07:00:00,148.7611792857143,148.43957647058824,149.2594704845815,148.6785283018868,148.75408333333334,532.6062173758866,534.4933597938144,533.8338771428572,62.91965360465117,729.8718169590644,729.9492298892989,2.134574,295.07507698113204,599.8407116981132,296.4432236641221,296.2625842696629,304.52957857142854,2.0327285,2.188104,2.209719,2.0392126666666663,2.129997,14.899464,14.951174,14.95728,14.9140775,130.57026262626263,14.956513333333334,305.4500352490421,303.48141811320755,303.66422546816483,302.3410180451128,14.319194,14.34788,14.357135,14.2,14.2,151.1454,71.72180512345679,59.60884752293578,148.64322973977696
2021-08-05 08:00:00,150.23709552238805,150.15702964601772,150.86682488687782,150.32770412844036,150.70502,541.735388172043,542.3664274509804,542.381978125,63.35959353658537,734.9693417177914,734.9154886861314,2.16954,295.7396749034749,600.4716195571956,296.7944085603113,296.91293496240604,304.46277830882354,2.07278,2.2285055,2.24700575,2.0746870000000004,2.1746263333333333,14.915102,14.9856,14.91694,14.97082,134.64689595959595,14.941256000000001,305.99746420233464,303.58691937984497,303.68327196969693,302.35463030303026,14.3156875,14.35078,14.278682499999999,14.3,14.3,150.3901,77.1413976,57.377175925925926,150.32952014925374
2021-08-05 09:00:00,150.89404238410597,150.83318362831858,151.53617244444445,150.99134978354977,151.1282,552.880495289855,553.9184243055556,553.5063819277108,63.58779027777777,737.6748671328671,737.8313499999999,2.190456,296.150821484375,601.0354195402299,297.3363462450593,297.32192440944885,304.27720846153846,2.0773574999999997,2.2389,2.251297,2.0861305000000003,2.19408,14.886875,14.924854,14.9145575,14.916464,136.31552565445025,14.926818571428571,306.3450967871486,303.6533050387597,303.4506309803922,302.1405093385214,14.242448333333334,14.25808625,14.267113333333334,14.2,14.2,151.52091739130435,77.15890577639752,56.215531022727276,150.9607984496124
2021-08-05 10:00:00,175.52753658536585,175.1289373390558,175.43596212765956,173.73697727272727,182.3913043478261,627.4453215827338,620.1946024844721,625.4790838095238,69.89787099378883,811.2311018749999,844.3757305555555,2.6327433636363637,327.7352559386973,660.2028922222223,328.15360874524714,328.1670913207547,334.89182123552126,2.4674817499999997,2.629104846153846,2.641106,2.4698975,2.634789272727273,15.573796666666667,15.635808333333335,15.619278333333332,15.624048333333334,151.71507204301076,15.474647777777777,338.86604942084944,333.03725846153844,333.5432090909091,331.5718295019157,14.64885,14.75562,14.58880125,14.7,14.7,168.06737297297298,79.71280253012048,67.58948166666666,174.01956218181817
2021-08-05 11:00:00,214.78870167597768,214.3102951417004,215.54098825910933,214.48351361702126,219.56687727272728,719.4116594982079,721.2745440993789,720.007893939394,80.79166851428572,937.5395052325582,939.2347340248963,2.9480724166666668,376.65605763358775,762.4140089219331,377.816573880597,377.7431888475836,385.63937318007663,2.7986725714285714,3.00462975,3.015000375,2.8010703571428572,2.94991625,16.453031666666664,16.376258,16.49851333333333,16.503278333333334,176.20253317307694,16.39289875,393.5141447876448,384.9097633204633,385.4542375464684,383.3894426923077,15.433977142857144,15.453157142857142,15.439208571428571,15.6,15.6,218.60516428571427,86.15746617977527,80.1681689312977,214.57742095588236
2021-08-05 12:00:00,291.2221546875,293.49124801587305,294.97959549180325,293.684150390625,287.8361151515152,916.9868339285714,912.2386395939086,902.2397138686132,99.83619610465117,1156.935616766467,1168.6369139344263,3.5038325294117647,453.5920734848485,913.5419394052044,454.90451328125,455.1985164794007,459.42908203125,3.34663625,3.5799543333333332,3.591742148148148,3.357574565217391,3.498096888888889,18.2617225,18.316105,18.307522499999997,18.3113375,247.25290508474575,18.2512575,477.2149600760456,459.2918456273764,459.9745854901961,456.8959805343511,16.83247,16.84925,16.873665,16.8,16.8,281.83792,106.8524064676617,94.47607631944445,293.93399350180505
2021-08-05 13:00:00,315.44051037037036,315.383294893617,316.08204914529915,315.52031844262297,315.6018285714286,987.2361761732852,990.4815270833333,988.3349734375,104.0758852071006,1207.1526526946107,1207.3359961685824,3.9745956,474.48314360902253,956.33475,475.656382962963,475.7467168539326,481.54205245283015,3.752336375,4.023258875,4.0319365,3.75758125,3.975435,18.569106666666666,18.630480000000002,18.626026666666665,18.624126666666665,249.8793872881356,18.616495,498.656516796875,480.598930078125,481.6220587121212,478.6731321428571,16.986573333333332,17.01353,16.987083333333334,16.8,16.8,314.9198666666667,106.2163415,86.40425741258741,315.48401007462684
2021-08-05 14:00:00,325.69135343915343,325.3461008163265,326.23346184738955,325.6877787755102,325.43391481481484,1005.5447673913044,1007.0351953642385,1004.4890352380953,105.56795428571428,1224.5799476744185,1224.4927132616488,4.0606360909090915,474.7871927203065,954.7121050541515,476.55644089219334,475.9589483018868,478.76475916030535,3.8321380833333336,4.108941,4.119485357142858,3.8480610000000004,4.062612727272727,18.496448571428573,18.56227571428571,18.549195714285712,18.548105714285715,270.03895247933883,18.55975375,498.4331768060837,478.08853992395433,478.77815037878787,475.8742206766918,16.88064,16.905269999999998,16.890664285714287,16.8,16.8,325.93414615384614,106.59144220183487,92.26688771929825,325.585073992674
2021-08-05 15:00:00,327.9599522580645,327.64191837606836,328.4522787755102,327.8753345833333,327.98206666666664,1011.2712260714285,1012.5628476190476,1009.7240755102041,105.44362906976744,1223.0164647058823,1223.0243978494623,4.09683025,475.00604588235296,954.6630907142857,476.5208177536232,476.28244679245284,478.7070486590038,3.8748964285714287,4.143216857142858,4.157820714285714,3.879691714285714,4.106957599999999,18.46103,18.51732,18.52685,18.5135,268.40139603174606,18.570083333333333,498.86342605363984,478.13405,478.6433015325671,475.8715218045113,16.837809999999998,16.855355,16.837045,16.8,16.8,328.77864,106.31556985645932,99.52839198895028,327.885049270073
2021-08-05 16:00:00,328.07833851351353,327.7901560165975,328.6715553191489,327.99960933333335,328.3026705882353,1014.2152426470587,1016.800238095238,1014.6785306122449,105.1184731707317,1219.352,1219.5761119402985,4.095845,475.4831948616601,955.7960427509294,476.84129607843136,476.76249465648857,479.2689644787645,3.87215825,4.151663,4.16062725,3.877594,4.106398333333334,18.43738,18.4720225,18.451995,18.4524725,263.9731434262948,18.47345,499.55298984375,478.99824722222223,479.2459197628458,476.527166535433,16.80409,16.828806,16.773725,16.8,16.8,327.94756666666666,105.57496574074074,111.03485400943397,328.024137867647
2021-08-05 17:00:00,327.4392798701299,327.1803080168777,328.04018953974895,327.4725737288136,327.3055,1011.9683866425994,1013.4632822580645,1011.3316756756756,105.02811987577641,1218.2573125000001,1218.861129963899,4.087199,475.4799007751938,954.9678024822695,476.96371764705884,476.7169397683397,478.4871423664122,3.863099,4.1333535,4.1438435,3.863671,4.081096,18.29319,18.35711,18.33804,18.339945,263.955109486166,18.342805,499.4442417624521,477.97321323529417,478.5073121568627,475.68844807692307,16.66845,16.67989,16.662345000000002,16.7,16.7,326.55397,105.4878797413793,114.9696371559633,327.4272281021898
2021-08-05 18:00:00,281.88106105263154,281.3868242063492,282.7073118577075,282.1708995934959,287.11307931034486,892.765215248227,887.1505363636364,880.5326233870968,96.40058104395605,1119.9374101123594,1129.0085644444443,3.5668511904761906,441.5387629770992,887.8323264492755,442.36980293040295,442.3409309160306,444.4706799242424,3.348108,3.5970542222222224,3.623543,3.3568313076923078,3.5669419523809527,18.0504975,18.114256666666666,18.102494166666666,18.101861666666668,230.19131992031873,18.117238461538463,463.14921264367814,443.45434460966544,444.5534914814815,441.8745724907063,16.729985,16.750330833333333,16.737615833333333,16.9,16.9,272.51456666666667,99.52510520179372,107.80334856435643,281.33767906137183
2021-08-05 19:00:00,263.5453935672515,262.7601655870445,263.54588143459915,263.1545288537549,266.20369117647056,871.2773978571428,873.0002945812807,871.7441976744186,93.30885921465968,1082.184935483871,1085.3625444444444,3.4524516842105264,431.70937835820894,868.0186370786516,433.0516786259542,432.95005095057036,435.372555859375,3.261462541666667,3.4990668461538466,3.5097327307692305,3.2618554399999997,3.455061631578947,18.019314,18.089334,18.075602,18.07255,215.17394655172416,18.086918333333333,452.7789843137255,434.9627914728682,435.8882003816794,432.788694921875,16.768604285714286,16.79498,16.783207142857144,16.9,16.9,264.58807108433734,99.12480134615384,111.8633884065934,263.0501272727273
2021-08-05 20:00:00,275.01751270718233,274.71793805668017,275.4182695473251,274.9600646090535,271.2196692307692,911.6037660714286,911.9822011173185,910.4541911764705,97.6675055737705,1132.871232044199,1132.0819300699302,3.5642899999999997,452.0611917647059,907.9640224334601,453.92485610687027,453.3974685823755,454.9905233716475,3.3883463333333332,3.6339067999999997,3.6534368,3.3915462222222224,3.5688402142857143,18.01255857142857,18.069664285714286,18.056587142857143,18.05685857142857,225.41323021276597,18.060945714285715,475.00947159533075,454.17604448669204,454.7946111111111,452.0708128787879,16.644626666666667,16.67192222222222,16.659208888888887,16.7,16.7,274.42581224489794,102.43059836448597,115.32775064935066,274.99358131868127
2021-08-05 21:00:00,275.7587652849741,275.1941649402391,276.230497254902,275.60565846774193,274.27442,906.8809529824562,908.9876497674418,906.4440410071942,97.73682604395606,1133.9092099447514,1132.1938697916667,3.5499074375,452.7128364661654,909.0530214285715,454.3998965250965,453.94376642335766,455.4369804347826,3.354266636363636,3.608665739130435,3.6145690909090913,3.3541676190476193,3.55279225,18.191837142857143,18.250034285714285,18.23314,18.231777142857144,226.48647711864407,18.256982,475.22173670411985,454.6892315589354,455.0460787313433,452.4717419117647,16.859255555555553,16.881633333333333,16.873665555555554,16.7,16.7,275.7404755102041,103.1832789047619,113.29517422680412,275.5423574468085
2021-08-05 22:00:00,266.94095988700565,267.2171854330709,268.1633910505837,267.28027154471545,272.44301666666667,881.7907714285715,882.5550843049327,877.5250382550336,95.35376210810811,1106.6952166666667,1102.3678391534393,3.444419,441.7970223076923,887.4867818181818,442.9593196226415,443.10108277153563,445.1415327205882,3.2606207391304345,3.5053767391304347,3.537845148148148,3.2554719545454547,3.4461354444444443,18.169396363636363,18.224124545454547,18.213895454545455,18.21164,218.08464391304346,18.222173333333334,463.72163977272726,444.8455071428571,445.27401048689137,442.24196851851855,16.855473076923076,16.87929923076923,16.865919230769233,16.833333333333332,16.833333333333332,269.9672761904762,100.0884408910891,108.50079149253732,267.1729811594203
2021-08-05 23:00:00,251.7861014354067,251.56551048387095,252.51102409638554,251.78273705179282,241.12054444444442,827.3220565217391,827.2212881057269,823.4568946107785,90.2499972631579,1046.7735880434782,1043.876043069307,3.3731602307692308,421.2226913857678,847.7060552238805,422.921946969697,422.48766346153843,424.9713262357414,3.1697040000000003,3.407975304347826,3.423689818181818,3.180066863636364,3.3828725384615383,17.495967999999998,17.585826,17.559890000000003,17.568664000000002,201.23571541850222,17.60032,441.58558093385216,425.25763203125,424.602191796875,422.44966679245283,16.331792857142858,16.331575714285712,16.36448857142857,16.0,16.0,249.26009298245614,93.77348797979798,99.2397251764706,251.73861962962962
2021-08-06 00:00:00,165.62365,163.9199638211382,164.90269709543568,163.82317782258065,194.17344,620.3013741935484,626.8544697560975,633.0642746666666,69.44228144444445,804.942952247191,821.6725389221558,2.65286475,324.96318339622644,656.6209749999999,325.97334448669204,325.9900296577947,331.53455,2.540433444444444,2.7445071,2.7564085,2.543188222222222,2.66106575,14.268718888888891,14.300215555555557,14.2992375,14.29017625,147.3546,14.380385384615384,338.03598576923076,330.88842196078434,330.7239337037037,329.41452921348315,13.33308,13.35320125,13.341375,13.200000000000001,13.200000000000001,177.70614285714288,81.70541029585799,69.94301702898551,163.30518587360595
2021-08-06 01:00:00,149.7385097744361,149.48886796536797,150.27768689956332,149.68426059322036,194.17344,538.5969405797101,539.7819552631579,539.3941352941176,63.18436470899471,733.0593308510638,732.8159166666667,2.236802,301.9164391304348,612.9159887640449,303.4761041984733,303.2839195402299,310.09421564885497,2.13343,2.298215,2.308132,2.16509,2.237565,13.328667142857142,13.3746,13.360705714285714,13.36343142857143,119.37042654028436,13.363704285714286,313.0660909803922,309.5477099236641,309.4041932330827,307.99948212927757,12.6230175,12.63789375,12.625305,12.7,12.7,149.75536666666665,88.22046174358975,38.6859275,149.7094755639098
2021-08-06 02:00:00,149.65685,149.47218325991187,150.26101601731602,149.70708638297873,194.17344,541.8844928825623,542.6470728571429,541.8532235294118,63.64284302702703,738.273025,739.0963510204082,2.236802,303.8879459259259,616.7251938181818,305.25479026217226,305.2948854961832,312.25400817843865,2.13343,2.298215,2.308132,2.140677,2.237565,13.19834,13.202493333333331,13.2292,13.19169,121.89684128440366,13.199192,315.1420524714829,311.57802528301886,311.62700674157304,310.12440646387836,12.432714,12.458348,12.459872,12.7,12.7,149.768725,89.1550056060606,41.94037246575343,149.72196153846156
2021-08-06 03:00:00,149.724090990991,149.52041643835616,150.3382375565611,149.76099345794393,194.17344,545.3651260869566,546.0918077519381,545.5629680851064,63.80894952095808,740.0849944099378,740.554958974359,2.236802,303.1523205323194,614.4754499999999,304.6586055762082,304.49036615969584,310.6524747211896,2.151739,2.317669,2.324535,2.152121,2.271132,13.1865775,13.2271325,13.2147325,13.20377,125.94883219512195,13.239242,314.49636454183263,309.74991825095054,309.95079540229887,308.4701515151515,12.501066,12.510222,12.50534,12.7,12.7,149.7584,91.11042028571428,44.90782457142857,149.76807462121212
2021-08-06 04:00:00,149.78516101694916,149.54621590909093,150.3575927927928,149.7749592920354,194.17344,539.5303264285715,540.2392219298246,538.818115625,63.45344005524862,736.1219567415731,735.6348620689655,2.236802,302.1719265625,612.0365447761194,303.55085209125474,303.5562988505747,309.7156526717557,2.151739,2.317669,2.324535,2.152121,2.271132,13.229489999999998,13.281329999999999,13.258443333333332,13.255263333333332,123.65132432432432,13.223476666666665,312.6775992424242,308.4264056818182,308.8870140151515,307.33092988505746,12.493643333333333,12.515003333333333,12.502286666666668,12.7,12.7,149.76234285714284,88.06301989417989,45.810335106382986,149.77434790874526
2021-08-06 05:00:00,149.81814084507042,149.56618815789474,150.3849108108108,149.7845734883721,194.17344,541.9090669039145,543.134979389313,542.700251923077,63.48778239263803,736.437873125,737.2442209302326,2.23108,303.32405,615.5203864661654,304.7000780303031,304.62737715355803,312.0346692607004,2.151739,2.317669,2.324535,2.152121,2.271132,13.242840000000001,13.281330000000002,13.262893333333333,13.264803333333333,121.04183316326531,13.26925,313.8886131782946,310.7379759541985,310.8028151162791,309.3754871698113,12.532803333333334,12.550096666666667,12.538906666666668,12.7,12.7,149.75842857142857,84.85401862433862,45.546681428571425,149.79332947761193
2021-08-06 06:00:00,149.73751971830987,149.54145489361701,150.36481046025105,149.75280173160172,194.17344,543.6880710714286,544.6891681818182,543.8669842857144,63.67664810526316,738.6739935828878,739.0331164179105,2.23108,304.4331106060606,617.7265699999999,306.0693082352941,305.65054865900385,313.08434630350195,2.151739,2.317669,2.324535,2.152121,2.271132,13.193253333333333,13.232376666666667,13.215846666666666,13.214576666666668,121.5804827027027,13.234283999999999,315.56673307393,311.6723123595506,311.7247911538461,310.3761379310345,12.477495,12.5041975,12.493897500000001,12.7,12.7,149.75343636363638,84.02028851190477,45.634560192307696,149.74901365313653
2021-08-06 07:00:00,149.71196013986014,149.5363153508772,150.30931762114537,149.72774657534245,194.17344,543.097975,543.2702840277777,543.0534655737705,63.5747498245614,737.4046082840237,738.7047655737705,2.244812,304.0541615094339,617.9150498168498,305.46592988505745,305.3622541044776,313.7849921875,2.1334299999999997,2.302029,2.3151895,2.1441105,2.249771,13.248184,13.289976,13.274718000000002,13.28721,120.03482959183674,13.262256666666666,315.4544359848485,312.47351679389317,312.575186,311.13964140625,12.531788333333333,12.551621666666668,12.539212000000001,12.4,12.4,149.76147777777777,81.93358165562914,45.12287222222222,149.7549590405904
2021-08-06 08:00:00,149.74429504132232,149.60710265486725,150.3650394618834,149.79808723404255,149.7035,534.9953867383513,535.4874297709924,533.4152265625,63.52997327683616,737.0233936781609,735.5989276595744,2.215822,302.66615884615385,615.5533611111111,304.0739806949807,304.0052624521073,312.91903218390803,2.111306,2.2848645000000003,2.29955,2.119698,2.2165855,13.26509,13.308666666666667,13.303580000000002,13.287053333333333,120.78396173469389,13.2771975,313.8061097744361,311.37076771653545,311.556596969697,310.2364375,12.585065,12.6033725,12.5877325,12.4,12.4,149.77216666666666,83.2191706122449,41.411442931034486,149.78686937269373
2021-08-06 09:00:00,149.9264656716418,149.7659512820513,150.490028,149.96863605150213,150.61593333333334,532.3356356115107,532.9128925675675,531.2800245283019,62.80461065476191,728.6444981595092,722.5444279569892,2.203998,300.33859074074076,609.7118667883211,301.831525,301.68689094339624,308.2944445283019,2.100244,2.260452,2.273039,2.102151,2.205523,13.2895675,13.3286925,13.318202,13.317730000000001,119.32653418367347,13.328555714285715,311.4458072243346,307.9423026717557,306.9927942528736,305.67584176245214,12.631218333333335,12.646983333333333,12.636811666666667,12.4,12.4,150.7856,81.640828375,33.296553191489366,149.97280227272725
2021-08-06 10:00:00,212.5503761363636,211.78918713692946,211.490925,210.27611774193548,207.12881612903226,676.9008269090909,672.6715211678832,673.7560877192983,76.46258145454546,886.7540092024539,898.9249764705881,2.7645093125,355.0980052631579,719.0044026217229,356.9972542307692,356.7403708333333,364.3458943181818,2.618418111111111,2.8316175263157897,2.8249922777777776,2.619625777777778,2.7471774,15.3512,15.404368181818182,15.392057272727271,15.389456363636363,171.05851952380954,15.5156525,370.15580384615384,362.1505297297297,362.93765947955393,360.64725858208953,14.458207272727272,14.479569090909091,14.46874909090909,14.35,14.35,207.15608333333333,92.0721864361702,91.86141952702702,211.79702700729928
2021-08-06 11:00:00,297.8624806629834,300.9997572,301.54564634146345,300.3194705394191,293.79258846153846,941.4087274021351,934.3500317829457,939.4012705263158,100.70778715976331,1168.289151234568,1169.0444025641027,3.6428808823529413,465.4051753787879,936.4490627819548,465.46996450381675,465.9349394833948,471.64385830115833,3.4438509,3.719604736842105,3.7004691999999997,3.429143210526316,3.6418039411764704,18.20764,18.26856,18.257661428571428,18.252212857142858,232.89099074074073,18.281244444444443,488.27144606741575,471.0828011494253,471.92128984375,468.8241528957529,16.84721777777778,16.874344444444446,16.862136666666668,16.9,16.9,294.00707916666664,100.19617621052632,108.58523726708074,301.6069667883212
2021-08-06 12:00:00,296.0638966850829,296.46950573770494,297.39836265560166,296.73901774193547,295.64785,926.8399276595744,930.3159449275362,927.2553164835165,101.19572614035089,1173.5584642857143,1174.8497722007723,3.6315371874999998,468.885199245283,947.3142514492754,470.21423763837635,470.403534082397,477.3506752851711,3.4379768235294117,3.6902935789473683,3.6998700526315784,3.4398166470588234,3.6233852,18.350681428571427,18.425497142857143,18.403971428571428,18.402064285714285,226.86977723214287,18.34137625,492.34174904214564,476.86938030303025,477.0992359848485,474.37718674242427,16.970007142857146,16.99093285714286,16.9772,16.866666666666667,16.866666666666667,298.34664444444445,101.36234094972068,101.00982911392406,296.53171785714284
2021-08-06 13:00:00,274.09721,274.3677008733625,274.81958677685947,274.1728134693878,276.74662,866.9168816849817,866.9841743016759,861.6604680412372,93.73275815217391,1088.6846480446927,1083.2387721088437,3.408488,431.8226003773585,871.0022545787547,433.0816865671642,433.04140795454543,438.8628511538462,3.2327825625,3.4754300625,3.4819861875,3.234951875,3.4127719230769227,17.947029999999998,18.00904,17.99712125,17.99306625,216.80326711711712,18.00975625,452.9082577946768,437.86395055350556,438.6120060150376,436.17039807692305,16.681874,16.70142,16.700334,17.0,17.0,273.4251222222222,100.67996819512194,99.54940571428571,274.3422811111111
2021-08-06 14:00:00,248.66074619565217,251.4316012145749,250.7832844897959,249.73022510121456,222.19670952380952,815.7547684587814,822.8956201058202,800.3748917431193,89.10747598802395,1033.716617791411,1007.9820549222798,3.267043882352941,412.9111657794677,838.2597644444444,416.25019209486163,413.4629596153846,423.9327534351145,3.1289326190476188,3.3345717826086956,3.346015,3.134015863636364,3.271009166666667,17.837364285714283,17.819015333333333,17.75946642857143,17.85300625,197.68436077586205,17.908910588235294,433.54300187969926,421.7854683018868,422.5606756554307,419.90109427480917,16.747114705882353,16.76719888888889,16.759316666666667,16.75,16.75,227.8740463414634,95.26518516431925,79.99640089171974,252.01857372262774
2021-08-06 15:00:00,178.895277486911,177.90617920000003,179.1209723140496,178.64025252100842,181.10464,612.6355113879004,612.2089280898876,611.8292921568627,68.00319160714287,788.628446060606,796.9752562962963,2.5108075333333333,320.2974419230769,648.5892813186813,320.87860566037733,321.2980394636015,327.0133935114504,2.3909275,2.574911833333333,2.5794613684210526,2.3918386666666667,2.529289642857143,15.450463571428571,15.470069333333333,15.49588,15.456210714285715,140.94849132420092,15.533509999999998,332.7326609195402,326.6739105882353,326.3382812030075,324.6132479087452,14.697023571428572,14.68132857142857,14.664326428571428,14.9,14.9,169.76847647058824,89.06920220512819,65.3951114074074,178.4154087591241
2021-08-06 16:00:00,208.0321672955975,208.03702142857145,208.9134653508772,208.2220504385965,207.66004285714286,716.5378730215828,717.1678335877863,710.2512969696969,82.02227821621622,951.3841209944752,947.3860764705883,2.8765511666666668,384.60853294117646,779.1667724264706,385.7114003773585,385.38818023715413,394.05563682170543,2.7265156666666663,2.93585025,2.947770375,2.7371507142857143,2.880429166666667,16.048925714285712,16.105488571428573,16.09377,16.097584285714284,172.82065952380952,16.08822,402.1021285171103,393.7670519230769,394.0409645038168,391.15027181467184,15.076071428571428,15.095254285714287,15.084352857142857,14.7,14.7,208.26099285714284,88.62850226190476,87.41226709876544,208.27185766423358
2021-08-06 17:00:00,212.8997301204819,212.68794125000002,213.47581772151898,212.80152168141595,212.9301142857143,730.6518096428572,732.7687140625,732.1698196969697,82.65432883977901,958.7711122222222,959.2245738095238,2.9552182,385.1901861423221,783.2455167272727,387.42948321167887,386.59910115384616,396.3776264705882,2.793822571428571,2.9998582857142857,3.0171143333333332,2.800834,2.957583,16.24864,16.3483175,16.287382,16.291577500000002,175.50068970588237,16.359692857142857,403.4591879245283,395.8848824175824,396.0578701149425,393.80568721804514,15.336945,15.348388333333332,15.335926666666666,15.350000000000001,15.350000000000001,213.29673571428572,88.81725059139785,79.65449685534591,212.81695942028983
2021-08-06 18:00:00,218.07086126760564,217.58963571428572,218.45538898305085,217.7880655172414,218.51165999999998,749.288793115942,750.6957619834711,749.3594514705883,84.67764983516484,982.2639456043956,981.7744205882353,3.025204,397.8561587121212,804.6292723636365,399.5596122137405,398.97641221374045,404.84428725868725,2.862458888888889,3.0795019999999997,3.092810222222222,2.8686043333333333,3.030735,16.58939833333333,16.649185,16.627248333333334,16.646641666666667,177.79292019704434,16.65427,416.7451543396226,405.1773326923077,404.58619239543725,402.309125095057,15.596835,15.610059999999999,15.604465,15.350000000000001,15.350000000000001,218.19906842105263,87.9478575,90.06711209580838,217.77277797833935
2021-08-06 19:00:00,219.49670263157896,219.16094449152544,219.9428698630137,219.29772259414227,219.82270833333334,758.5158133093526,760.3546629032257,760.9525410714285,85.37363541666667,990.4252946236559,992.4813186274511,3.0332625,400.9392888888889,808.8519732851986,402.05482097378274,402.22597360594796,407.31438,2.86981225,3.0913946,3.103906,2.8825906666666667,3.0363135,16.612286666666666,16.671116666666666,16.669843333333333,16.659036666666665,181.07840324074076,16.662726,420.51682999999997,406.88463246268657,407.23557592592596,404.8081447368421,15.544706666666668,15.56454,15.551823333333333,15.350000000000001,15.350000000000001,219.21251,91.42544352331606,89.87510771929824,219.32638856088562
2021-08-06 20:00:00,229.88370986842108,229.7308175,230.4577379310345,229.63404728033473,229.4321875,777.4951905797101,778.6200778688525,777.6357888888889,87.0307727368421,1009.6925113513513,1008.6003228571428,3.091433,406.6330821969697,820.2242679856116,408.0156534798535,408.0467235955056,412.4630866920152,2.92578975,3.1452548,3.1568508,2.9279830000000002,3.095057,16.855520000000002,16.913336,16.89846,16.902656,189.03277314814815,16.878685,426.19815285171103,412.1049119850187,412.1805980842912,409.7816279245283,15.771795,15.820262,15.78222,15.8,15.8,229.27497142857143,96.48259814070352,89.88867718562874,229.75519151291513
2021-08-06 21:00:00,235.30924233128832,235.03555129310345,235.95326437768242,235.28224851063828,235.50218333333336,785.293376344086,786.8805555555556,785.4406346153846,87.41821686486486,1014.0006505434783,1013.926952293578,3.1176251666666666,406.56267076923075,822.259146494465,408.3023555970149,407.8994467924528,414.271465,2.9394807142857142,3.163607857142857,3.174288428571429,2.947564,3.1181065714285716,17.10403,17.166045,17.15651,17.154600000000002,191.82977402597402,17.153013333333334,426.37611297709924,414.02629,414.046253256705,411.66054470588233,15.94217,15.971924999999999,15.965060000000001,15.8,15.8,235.38106923076924,98.54530127450981,81.15758975,235.29980545454544
2021-08-06 22:00:00,205.39723426573426,205.52453405172412,207.58414784482758,206.11354767932488,205.567956,715.8991681978799,721.790595035461,711.7444625,78.94523288135593,916.0740626436782,916.3468902439024,2.840795,365.6366946768061,739.980853505535,367.92586729323307,366.3685741444867,372.658806870229,2.6794494444444443,2.8725207,2.8859857,2.6805088888888893,2.844337142857143,15.790267777777778,15.90229,15.838505555555555,15.837232222222221,173.05469866666667,15.88238909090909,381.468596641791,371.73519999999996,372.35825735849056,370.7365973880597,14.830805555555555,14.853016666666669,14.833858888888889,15.25,15.25,203.14764,90.16168005076142,77.45093198717949,205.93338260869564
2021-08-06 23:00:00,169.70236785714286,169.68260625,170.40207629310345,169.6006045081967,171.86091538461537,613.5189992857142,617.0090014218009,616.701242384106,67.89977318435754,787.754447752809,796.0772925465839,2.529991375,317.8344776119403,642.4903238267148,319.5822284644195,319.30344372623574,323.44699431818185,2.4000132499999998,2.5904875555555558,2.6013376666666668,2.4097666666666666,2.531135625,13.941365,13.9905025,13.9747675,13.977628750000001,145.87040234741784,14.005953,330.68004082397005,323.28306380597013,322.77874598540143,321.44245488721805,13.118704,13.138083,13.125572,13.2,13.2,170.7794265060241,76.85468081967214,66.56062621301776,169.6178783882784
2021-08-07 00:00:00,225.6085899408284,226.69333659574468,228.2164829268293,227.63771012658228,212.62954137931035,747.8581689285714,748.6848868686868,741.5203750000001,83.08699870588235,963.6817899408284,957.3831538011697,2.9695003157894737,384.9446996197719,778.2031836363636,386.29647620817843,386.6418992537313,391.44545338345864,2.787892565217391,3.0162183636363635,3.031902217391304,2.8064228636363637,2.9633002352941173,15.8762525,15.944036666666667,15.927085555555557,15.930686666666666,183.58373738317758,15.897162,402.7077973076923,391.37944486692015,390.744277394636,389.1467475285171,14.691237272727273,14.729797272727273,14.71537090909091,14.7,14.7,222.7529579710145,91.56996345945946,96.08224442622951,227.3207670289855
2021-08-07 01:00:00,226.95507607361964,226.54229295154184,227.47288396624472,226.77747238493725,225.6419,741.7753070671379,742.9853907317074,742.4054472,82.08360323529412,952.138322754491,951.5214772727272,3.0129180000000004,381.3735786516854,771.4673172932331,382.4974535849057,382.7815954887218,389.1073226923077,2.84358775,3.060789833333333,3.070186,2.8479745,3.016987,16.81477,16.868198333333332,16.851986666666665,16.85452666666667,179.8419153846154,16.85588,399.1712650190114,388.8549923664122,388.8894876865672,386.7165526717557,15.8380375,15.85653875,15.8429975,14.7,14.7,226.5105046511628,91.348163125,95.2879105625,226.81722608695654
2021-08-07 02:00:00,217.91483209876543,217.4436092827004,218.52417773109244,217.83125872340426,215.233,707.0008373188406,709.5562730263158,708.7508309859155,78.61459818181818,912.2088895604396,911.4254579365079,3.0129180000000004,367.1710309433962,743.7091692307692,368.57657500000005,368.3872837735849,375.856492481203,2.84358775,3.060789833333333,3.070186,2.8479745,3.016987,16.356080000000002,16.40219666666667,16.320186666666668,16.39520333333333,168.5905345,16.4556,383.9738155038759,375.3265544117647,375.5093875939849,373.35830566037737,15.39022,15.4054775,15.396705,15.7,15.7,217.7768232142857,84.18185543352601,92.65698321428572,217.74822452107279
2021-08-07 03:00:00,209.09237409638556,208.96267058823528,209.7035852173913,209.0891,215.233,672.8374227758007,673.1663005988024,672.2538804123711,74.89282784530387,868.7424127777778,867.6512627906977,2.685383,350.47027376425854,708.6007535055351,351.30912509363293,351.77640651340994,358.28598853754943,2.53433,2.73192,2.7426,2.538145,2.686527,15.906767499999999,15.974025,15.906953333333334,15.953045,159.83029949748743,15.970685,365.94441042471044,357.3256872180451,357.70504186046514,355.8773698473282,15.048313333333333,15.088495,15.078195000000001,15.7,15.7,209.01231818181816,79.80363617142856,87.00993754716981,209.03712164179106
2021-08-07 04:00:00,205.06242608695652,204.81716194690264,205.6655399103139,205.07781228070175,205.0163,678.9910025270758,680.2322851239669,678.8411189189189,76.1646298265896,883.5102736842106,883.5537921052631,2.755569,356.5779,720.6288030075187,358.011195,357.9263593984963,362.9134098814229,2.596506,2.81126,2.822513,2.6106195000000003,2.757476,15.96065,16.00549,16.00168,16.00168,163.00167089201878,15.875803333333332,372.5807700757576,362.52183115384616,362.4382736434108,360.44831999999997,14.943545,14.958805,14.942779999999999,15.0,15.0,205.30212592592594,81.63468911242603,93.55803388235294,205.07896119402986
2021-08-07 05:00:00,211.59597083333335,211.42051615720524,212.28695611814345,211.69984852320675,206.417,705.8708678571428,708.2890077380953,708.5153870967741,78.10937547058823,906.1550309523809,908.8856276595744,2.853855,364.36888636363636,737.2209525925925,365.7935097744361,365.5336713740458,372.16902137404577,2.708079,2.9385363333333334,2.947309333333333,2.7466055000000003,2.8548723333333332,16.111318333333333,16.166653333333333,16.143768333333334,16.145991666666667,169.06541391752577,16.156437142857143,380.7035929961089,371.57611697416974,371.8577076923077,369.72610037878786,15.1775625,15.19511125,15.18213875,15.0,15.0,211.81301666666664,83.98188163636364,94.52271375,211.58729003690036
2021-08-07 06:00:00,212.08473529411765,212.18619020408164,213.0146156378601,212.26682540983606,212.94426666666666,679.7029615107914,680.3255684491978,680.7880608695651,75.32688712707181,873.7950563535912,869.5868717948717,2.7885644999999997,349.5163776061776,710.4145677777778,350.9703969924812,351.1445544747082,360.570738372093,2.583664,2.7850673333333336,2.8353865,2.587351333333334,2.794095,16.0145275,16.0722475,16.160616666666666,16.058419999999998,163.06492156862745,16.040458333333333,365.11827431906613,359.7358236641221,359.70573204633206,357.6864905882353,15.126334,15.146170000000001,15.132131999999999,15.1,15.1,212.3663245901639,81.0885013772455,87.65004425675676,212.42182710622708
2021-08-07 07:00:00,202.94859865771812,202.7823117154812,203.51311924686192,202.9593205882353,203.7529,648.4472442028986,649.3022060606061,648.1442434782609,73.0386809248555,847.1443174418605,848.2524899159664,2.6136714999999997,341.522652434457,695.3512663043477,343.1128600775194,342.9691066666667,352.7890189189189,2.514686,2.689833333333333,2.7155175,2.5162115,2.6161505,15.53025,15.592893333333334,15.587806666666667,15.575093333333333,152.68805700000001,15.581132499999999,356.46421744186046,352.49428565891475,352.2481148288973,350.4806395522388,14.7471,14.7627425,14.753585,15.1,15.1,203.36157500000002,78.06004172839506,83.856335,202.9760082733813
2021-08-07 08:00:00,192.79026132596684,191.18737727272728,192.02036,191.02947037037038,207.58883,627.3997932384342,632.4443807692309,635.4237623931624,71.57457993589743,830.3613738562092,843.6753757142857,2.6961676363636364,335.2061664092664,679.4865431734318,336.04990651340995,336.1619339920949,344.4736463601533,2.5590924166666666,2.7421303846153844,2.7545714615384616,2.5797221818181817,2.7145116363636363,14.617322222222223,14.650511111111111,14.715633,14.704187999999998,151.5701386597938,14.619455454545454,348.8128705645161,344.08912890625,344.13871042471044,342.2621717472119,13.681721,13.700335,13.687059999999999,14.0,14.0,189.96478510638298,81.068302125,80.72973978723404,191.64587335766421
2021-08-07 09:00:00,163.26306807228917,158.36206557377048,158.45080532786886,158.1236472,166.16547352941174,502.86717056737587,527.1169030075188,531.8582753246753,61.25799278106509,711.2415648809523,697.2047860655738,2.179000266666667,298.2750685606061,601.8919353612167,301.0365023809524,299.32905132075473,303.00975513307986,2.061612222222222,2.242862722222222,2.218894052631579,2.0606796666666667,2.1652806875,13.408134166666668,13.51054,13.455365,13.4510725,109.960865,13.309684,308.92864015151514,302.3262124031008,302.57902699619774,300.7466936329588,12.75099,12.7380225,12.725435833333334,12.683333333333332,12.683333333333332,192.716752,83.79083552486188,46.91076306666667,157.01918036363637
2021-08-07 10:00:00,222.29292499999997,222.64578,223.41071554621848,223.07358855932205,211.13637777777777,686.8940339416059,688.1689605633803,677.6882945205479,78.54400379888268,911.6420284090909,898.9744042016807,2.6470688888888887,368.1915041825095,743.4427199248121,369.567270411985,369.4424645038168,374.29887159090913,2.510744,2.7050909166666663,2.731919461538461,2.5142723333333334,2.6483826666666666,15.939122857142857,15.993231428571429,15.983424285714287,16.0114525,167.75501312217196,15.907357272727273,384.80238264150944,374.5904894736842,373.95457556390977,372.0354530075188,15.082562222222224,15.102396666666667,15.09517125,15.35,15.35,213.98708181818182,91.20607653631285,94.67615987804878,223.84978644688644
2021-08-07 11:00:00,260.35429345238094,257.83334715447154,258.19925039370077,257.61587073170733,270.739905,817.2106379061372,803.0160863905325,811.706131,91.01702459016393,1055.0202988950277,1045.0962033112583,3.338037923076923,416.3915176691729,841.3288765799257,419.0950291666667,418.62476900369,422.5767239852398,3.1593937333333333,3.4117046875,3.421240875,3.1782116875,3.3411188461538464,17.320504285714286,17.37788142857143,17.369164285714284,17.365075714285716,208.89474915254237,17.365774444444444,436.4325157692308,422.5287802281369,422.18240112781956,419.5310318518518,16.17142375,16.18897,16.17657125,16.099999999999998,16.099999999999998,254.93938181818183,96.3694933497537,101.87108464285714,257.2449210144927
2021-08-07 12:00:00,245.7787839160839,246.00633991596638,246.32370526315788,246.3681012552301,248.157875,792.0946572953736,796.3905046296296,802.3518584905661,85.74338548717948,994.9351336787564,1002.8759240963856,3.1463882857142855,398.92523033707863,806.5239978021978,401.4289238636364,400.8770367647059,405.3011992307692,2.9701326249999997,3.213734,3.21998025,2.973947125,3.13925,16.3952575,16.439151250000002,16.42794625,16.44034125,190.22438723404255,16.360047,418.687224137931,404.9238625,405.12508823529413,402.8310833976834,15.17203125,15.161224444444445,15.1802325,15.05,15.05,251.898725,87.57595824742268,98.35562182795698,245.83421459854014
2021-08-07 13:00:00,267.55080670731707,267.47391457489874,268.89642953586497,267.28682125,269.16998461538464,870.7061633093525,855.9146581395349,862.7288428571428,92.98363692708334,1079.4266331550803,1074.1173520325203,3.4617323888888887,429.9305918215614,867.2247403041825,431.7261947368421,431.89798384615386,436.5990146616541,3.273142086956522,3.50970392,3.5210557999999996,3.2953821304347826,3.453122588235294,17.589848888888888,17.648042222222223,17.697018,17.57947909090909,219.02764439655172,17.5732375,449.946173828125,436.32019425287353,436.70151078066914,433.0907856603774,16.354342727272726,16.375425454545454,16.350472,16.1,16.1,261.5310695652174,98.15664725118484,107.12108165137614,267.8271351449275
2021-08-07 14:00:00,289.00030584415583,288.80682083333335,289.6555036,289.02963037974683,288.93202142857143,941.112029710145,942.9114742857143,940.1345304347826,101.33831057142856,1175.5590462427745,1176.7340588235293,3.6739186363636365,472.162118359375,945.8583186131386,473.3884107279693,473.59286973180076,473.1439515503876,3.4655771428571427,3.7241961764705884,3.73583875,3.4726591538461538,3.675964545454545,18.27253,18.339946666666666,18.32405,18.32405,230.27955593220338,18.331225714285715,495.684990625,472.6355115241636,473.2288523255814,470.39024435797666,16.803985,16.82356833333333,16.8078,16.1,16.1,289.5683125,101.44247610859728,105.20586263157895,289.054810408922
2021-08-07 15:00:00,290.79196386138614,290.5743141762452,291.3156567346939,290.7100609561753,290.8067857142857,946.3782607017545,948.116824778761,946.3750931818181,101.55989694117646,1178.0345266272188,1178.0572368421053,3.6987377777777777,473.0068247104247,949.930166304348,474.24102061068703,474.595293385214,476.3423070588235,3.491704148148148,3.7461601333333334,3.758154965517241,3.4946761428571427,3.701054421052631,18.41144,18.48108,18.468685,18.46582,227.93374913793104,18.391820000000003,496.86249042145596,475.60515811320755,476.23548984962406,473.5035847908745,16.943085,16.95682,16.945375,16.1,16.1,290.2088888888889,100.64589637254902,109.73052787878788,290.7784594890511
2021-08-07 16:00:00,289.81453063583814,289.6747850622407,290.43135106382977,289.8684604938272,289.57052,941.0499523465703,942.9273588235295,940.2769535714286,100.31410518987342,1163.7181572327045,1161.9208761061948,3.6983523,465.84812424242426,936.0544396296297,467.0600980988593,467.37481977186314,469.5041609195402,3.492005928571429,3.749593066666667,3.7580818125,3.495111857142857,3.6999455555555554,18.250596666666667,18.317696666666667,18.30307,18.306886666666667,228.0281136752137,18.28416,489.3107924242424,469.0711138461538,469.50092641509434,466.68309358490563,16.779065,16.805385,16.82077333333333,16.1,16.1,290.0184,100.97496404040405,107.76443901098901,289.85351544117646
2021-08-07 17:00:00,287.2760807228916,287.04328923766815,287.786275,287.16416626016263,287.20036315789474,931.537938768116,933.8732084905661,930.0246065217391,101.27478694444446,1174.7126704545453,1174.4016732283465,3.656302818181818,473.3244728346457,951.7857184210526,474.80262386363637,474.75656860465114,477.2912388461538,3.4577032142857145,3.7152435294117647,3.7270893125,3.4621351333333332,3.6658044545454547,18.228663333333333,18.284000000000002,18.271921666666668,18.270966666666666,223.13759406779658,18.255211428571428,496.96652142857135,476.83299571984435,477.424880620155,474.6458641221374,16.811361666666667,16.838571666666667,16.823566666666668,16.1,16.1,286.31166,100.59088526315789,98.87922194285716,287.2162858156028
2021-08-07 18:00:00,287.9380418181818,287.7503620833333,288.62073531914893,288.01188625000003,287.93325454545453,934.5433381294964,936.2481973333332,934.286364,101.3737730319149,1175.9720962566846,1176.2878821292775,3.68019525,474.08308754716984,952.724920295203,475.3366100775194,475.61560488721807,477.16926679245285,3.4746594166666664,3.7287661666666665,3.7403368333333336,3.4782194166666667,3.683289222222222,18.279206666666667,18.3237325,18.3103825,18.311335,223.09445633187772,18.3137225,497.7470069498069,477.35561317829456,477.1778632958801,474.3274119850187,16.8565,16.874045,16.885363333333334,16.1,16.1,288.45727857142856,100.96521343283582,97.4206211904762,288.0563539285714
2021-08-07 19:00:00,286.2340717948718,286.5072540650406,287.30942677824265,286.6833646090535,285.0760785714286,927.4361731617647,926.756951948052,921.289905882353,101.36496844444444,1175.9172897727274,1175.1742676579927,3.63513725,473.03905968992245,950.9419022140221,473.99586515151515,474.5236768939394,477.5817111538462,3.43626025,3.6840683846153843,3.696626923076923,3.4407103333333335,3.638236125,18.079202,18.107264999999998,18.169058,18.127100000000002,224.13206652360518,18.14540857142857,497.0297083333333,476.8208874524715,477.75963778625953,474.74864410646387,16.675006000000003,16.684466666666665,16.686908,16.7,16.7,286.87551875,101.03830234972678,98.82867959064328,286.74911547169813
2021-08-07 20:00:00,244.45674387096773,243.70412033898307,244.23454556962025,243.67599746835444,252.10435,772.3051658181819,775.7369903030303,775.985321590909,87.93841863636364,1019.3906000000001,1032.3500530487804,3.1048891111111114,406.7984046511628,821.6091255555556,407.9085840148699,408.49552451361865,413.9903239382239,2.9487197272727275,3.164244846153846,3.177478230769231,2.9521873636363636,3.12094725,17.49883125,17.563225,17.550352222222223,17.54939625,197.89027499999997,17.581733636363637,426.888025390625,413.0612242537313,413.7811690476191,411.66678828125,16.463906666666666,16.485963,16.46458555555556,16.45,16.45,245.99392173913043,95.38030804347827,89.61438694805194,243.7457542124542
2021-08-07 21:00:00,236.31170949720672,235.53521333333336,236.59684185022024,236.09425338645417,234.9934,772.7949551601423,773.6746178082192,773.2123794520548,86.20954513661202,999.8319154696133,999.5564754189944,3.10001525,398.44477671755726,804.2974903703704,399.60799580152667,399.80603787878783,404.8415789473684,2.931707588235294,3.153142166666667,3.1645470588235294,2.9370660625,3.0967413333333336,17.16373,17.221544,17.209336,17.210102,196.27461756756756,17.173353333333335,417.45988127340826,404.2299320895522,404.2719465116279,402.0240385496183,16.06004,16.07339,16.06137375,15.8,15.8,235.50566329113926,100.97516240566038,107.2441466847826,236.00937653429602
2021-08-07 22:00:00,235.97183806818182,235.83304708333333,236.6989481012658,236.05529711934156,237.5246666666667,786.1542605734767,788.1259771844659,786.6886466216216,87.37247309782609,1013.5069412087912,1014.4866335260116,3.1539265555555556,403.6240588888889,814.4245225925926,404.987273880597,405.10500597014925,409.48629293680295,2.9880753846153847,3.209081857142857,3.2202900625,2.9902173846153848,3.1554943333333334,17.621847142857142,17.678954285714287,17.66669,17.666145714285715,199.40104224137932,17.668409,422.84960261194027,409.641750390625,409.4150735074627,407.1993288389513,16.560185454545454,16.579189090909093,16.566426363636364,16.6,16.6,235.58389066666666,103.0834467873303,108.46131840796019,236.05717191011237
2021-08-07 23:00:00,242.72181952662723,241.83128230452675,242.68479458333334,242.11158744588747,245.30072,779.0038863309353,783.0595888888889,787.1791,88.01317048387097,1021.1237421621622,1025.8852278145696,3.179992,405.93949204545453,820.2875230188679,407.46974144486694,407.6698221374046,412.9875988505747,2.959071,3.1793560000000003,3.1957582,2.960692,3.1821533333333334,17.87850285714286,17.941061428571427,17.928254285714285,17.926074285714286,200.5804060085837,17.93125285714286,425.78251623616234,412.9043319391635,412.8798359550562,410.5635666666667,16.849908571428575,16.871702857142857,16.85600857142857,16.6,16.6,242.07361298701298,104.60415170731707,107.4916764102564,242.01249770992368
2021-08-08 00:00:00,226.1328693430657,225.97390260869565,227.02970353982303,226.2073048888889,230.6266,729.2853306859206,729.4432631578948,728.290802,80.87151906976744,938.1258918604652,934.3712510791368,2.974138,364.6998829457364,743.7080629629629,365.9641469230769,366.09681320754714,378.4409403846154,2.8255645,3.038316,3.04775725,2.80925775,2.986217,16.62508,16.7544,16.741259999999997,16.742742222222223,191.64603596491227,16.761816666666665,381.8860367816092,378.17720428015565,378.26035396226416,376.10264763779526,15.751195555555556,15.764587777777779,15.75017888888889,16.1,16.1,226.81183555555558,99.82941608910892,108.88280898876404,226.27876776556778
2021-08-08 01:00:00,215.6512217105263,215.47639217391304,216.30018423423422,215.85218033472802,219.6272,694.6367974820145,695.5396642384106,694.2960323529412,77.12796759562842,894.7020943502824,893.018801010101,2.8265184999999997,349.16633201581027,710.2111608208955,351.0987787072243,350.5537563432836,359.2510691729323,2.6312175,2.86924,2.8809376666666666,2.640372,2.8276624999999997,16.186084,16.246566,16.229784000000002,16.230548,184.68963454545454,16.224508333333333,364.70710223048326,359.0175367816092,358.9368892307692,356.90817364341086,15.272098333333332,15.292445,15.277948333333335,15.3,15.3,215.73882580645162,96.22710938461537,106.80326375661376,215.7118783882784
2021-08-08 02:00:00,204.52202397660818,204.47815608695652,205.2334316239316,204.65057222222222,203.7529,668.9728183098591,668.5995457142857,667.4714333333334,74.28706304812835,861.708986631016,861.8507211678832,2.8265184999999997,339.4522143911439,690.627450367647,340.79898988764046,340.8995443223443,350.231916730038,2.553402,2.742981,2.756713,2.640372,2.8276624999999997,16.043293333333335,16.107846666666667,16.097040000000003,16.09322333333333,171.98554844444442,16.10467,354.11101870229004,349.59742045454544,349.7190060377359,348.0006126923077,15.213099999999999,15.234973333333334,15.222256666666667,15.3,15.3,205.9983189189189,90.10248218009478,91.15169,204.6811820143885
2021-08-08 03:00:00,195.4248025477707,197.2176650406504,198.09219166666665,197.76647860262008,187.96105,650.9761122743682,649.7864209039549,643.7136779069768,71.56185424870466,829.8463881081082,821.2985654411765,2.629565,327.0549274509804,665.8984812274368,328.79575115384614,328.7541733082707,337.6297061818182,2.4610925000000003,2.617485333333333,2.6321076666666667,2.4588035,2.630836,15.267178000000001,15.321940000000001,15.307066,15.30592,163.6464480952381,15.297273333333335,341.2821382022472,337.01378277153555,336.9845468401487,335.5530044609665,14.41842,14.486725999999999,14.472384,14.7,14.7,188.321388,85.52187826815643,87.51208602564103,197.8303193430657
2021-08-08 04:00:00,173.83537841726618,173.65692606837607,174.50799608695652,173.86161121076233,187.96105,596.6674726618704,597.6934015625,596.9568591836735,65.9940358988764,765.5461182857143,766.1237614285715,2.478258,305.3712733333333,617.8786749077491,306.9427590225564,306.9950494464945,311.55443749999995,2.35238,2.617485333333333,2.6321076666666667,2.4588035,2.480928,14.788174999999999,14.83636,14.815380000000001,14.8182425,147.32078986175117,14.817288,316.6560411067194,310.828638996139,310.7102817490494,309.1912295454545,14.00427,14.055155000000001,14.0486725,13.9,13.9,173.89945,78.07561756476684,77.44759208053692,173.8476969581749
2021-08-08 05:00:00,192.6485240740741,193.21703675213675,194.2491086419753,193.28993512396693,188.7438,640.733705376344,644.6040396551724,635.9217789473685,70.55273913793104,818.4256105263158,826.7213488888889,2.6386938,327.69206007604566,663.5141238095238,328.8240840909091,328.78551500000003,336.43160076628357,2.4948506666666668,2.6868451666666666,2.6980343333333336,2.498347,2.6386176,15.568393333333333,15.621184999999999,15.603701666666666,15.607835,158.27423175355452,15.60116,340.5064366795367,334.76026463878327,335.37095338345864,333.657407003891,14.83826625,14.86306125,14.84742125,14.899999999999999,14.899999999999999,189.30794791666665,83.61140839779006,85.92922901408451,193.30512921348316
2021-08-08 06:00:00,184.36277647058824,185.56825487804878,185.98299832635985,185.77999357429718,182.9869888888889,647.9056376344087,645.0125916666667,636.5319945121951,72.93214408045976,846.2672865497076,846.9169157232703,2.5061030000000004,340.3710675182482,691.9740981617647,342.47787602996254,342.2827747211896,350.9431239543726,2.3992981666666666,2.584236,2.5937086666666667,2.3846123333333336,2.5061796000000003,14.837925,14.885628333333335,14.819467142857144,14.823555714285714,155.69623333333334,14.89143,354.15374962406014,350.0159444015444,349.93683074074073,348.3390073929961,14.10798875,14.081095,14.10379125,13.8,13.8,176.24984591836733,87.75157928961748,83.13621820895523,186.64593443223444
2021-08-08 07:00:00,149.605762992126,149.39974136363634,150.24130552995393,149.63460175438595,182.9869888888889,516.3498223826715,516.9199978571429,516.00378,60.73478005952381,704.4431698224852,703.4743703703704,2.117409,295.0535703846154,596.9544466165413,296.82454404761904,296.6854976833977,301.565525,2.007553,2.145636,2.164709,1.994583,2.5061796000000003,13.471073333333331,13.465602857142857,13.384576,13.393728,107.43198909090908,13.31582,305.0531521235521,299.99562355212356,300.3306961685824,299.11128237547894,12.74050375,12.664675714285712,12.63808375,12.4,12.4,149.76756666666665,77.47060528089887,35.86826309090909,149.6437704980843
2021-08-08 08:00:00,149.7135265151515,149.54559241071428,150.36110275229356,149.76690000000002,182.9869888888889,509.05414911032034,509.14897310344827,507.66832407407406,60.23141187878788,698.6186615853659,695.5000287878788,2.117409,291.9179335907336,590.8423205992509,293.66188666666665,293.59930769230766,298.3278088122605,1.995919,2.1515484999999996,2.164327,1.9968720000000002,2.5061796000000003,13.22377,13.264085,13.24882625,13.24692,107.8620309090909,13.24858875,301.554083908046,297.14232846153845,297.26850079365084,295.9817427480916,12.599768888888889,12.623206249999999,12.612525,12.8,12.8,149.7584,76.24744352272727,35.69151711111111,149.75026356877322
2021-08-08 09:00:00,149.81068083333332,149.64765840336133,150.3763391891892,149.81168041666666,182.9869888888889,508.5637682142857,509.40918402777777,508.90862156862744,60.57881106666667,702.8297405405406,699.8512968253968,2.097955,291.5589380769231,592.005484386617,293.5389061776062,293.41428702290074,300.30332906976747,1.995919,2.1515484999999996,2.164327,1.9968720000000002,2.095667,13.02105857142857,13.059637142857143,13.060408333333333,13.041381428571428,109.62473782608696,13.052462222222223,301.18866858237544,298.5800278810409,299.1511235741445,297.71700826771655,12.390907142857143,12.405510000000001,12.399622857142857,12.6,12.6,149.7584,79.15618565476191,36.31700464285714,149.80092605363984
2021-08-08 10:00:00,149.79415,149.66973405172413,150.3778040909091,149.83055813953487,182.9869888888889,507.6570551851852,508.2740612244898,507.61575,59.84743797297297,694.2495087248323,691.7753484375,2.097955,286.5703885931559,581.4094585271317,288.44429299610897,288.3550424,294.4199342857143,1.995919,2.1515484999999996,2.15708,1.9968720000000002,2.095667,13.144046,13.17974,13.151636666666667,13.165246,112.53275863636364,13.163334,295.6570614785992,293.04132857142855,293.21316549019605,292.0160333333333,12.514188,12.529751999999998,12.526398,12.7,12.7,149.7584,81.6626802105263,35.372513636363635,149.8440858778626
2021-08-08 11:00:00,150.58833012820514,150.32782991071426,151.08367272727273,150.28406051502145,156.35806,511.01836389891696,511.9236703947368,512.2585386666666,60.25740367088608,699.0846529032258,698.3181528846154,2.1382362,290.27910037593983,588.8046611320755,291.97453422053235,291.8326593023256,297.79636550387596,2.0324228,2.1921726,2.209643,2.0343304,2.1390754000000003,13.282573333333334,13.347902857142858,13.33591142857143,13.33318857142857,110.56385852534562,13.312207142857144,299.8740381679389,296.79160946969694,296.49432904411765,295.31831444866924,12.63923,12.66059,12.6432325,12.75,12.75,156.127825,79.59748467105264,35.41856388888888,150.3999342007435
2021-08-08 12:00:00,149.7412125,149.66904615384615,150.33508482142858,149.7789243119266,156.35806,511.0965095238096,511.70660903225803,511.0837254545454,61.012803777777776,707.7584401129943,705.8396555555555,2.10711,295.0227940711463,598.261729856115,297.258171042471,296.8842357976654,301.8804409961686,1.9949645,2.158033,2.163183,1.9968720000000002,2.108254,13.062291111111112,13.067929999999999,13.098024444444444,13.096326666666666,109.54163886255925,13.087852222222223,304.83388754863813,300.9758221789884,300.8296703125,299.5576376470588,12.435832222222222,12.451598888888888,12.444648888888889,12.5,12.5,156.127825,76.43813546511628,36.751040789473684,149.79192813688212
2021-08-08 13:00:00,180.51393641618498,182.108193852459,183.02813907563024,182.6345181434599,175.84911363636363,610.4736035971223,614.9455193370165,624.4576989583334,71.01424729729729,823.1789533333334,851.0056676258993,2.5325500666666665,335.56648082706766,677.9306145522388,336.9776056818182,337.2600867424242,342.4782057034221,2.4036213333333336,2.5857490666666667,2.5969637333333333,2.4051979333333335,2.533770666666667,14.32403,14.370146666666667,14.365273333333334,14.361671111111113,146.80388111587985,14.368324000000001,348.60710230769234,342.2279799227799,341.5031707865169,340.2554520754717,13.490827777777778,13.508292222222222,13.499134444444444,13.1,13.1,183.55765555555556,85.29395084745762,83.98806100719425,181.29873284132842
2021-08-08 14:00:00,214.9156493150685,214.76460043290044,215.5458143478261,214.93984649122808,215.0,705.8218785454545,706.4609103225806,703.6946805970149,79.7528690052356,925.0416096256683,923.9882225490196,2.841394,368.00254789272026,749.3329879562043,369.66447902621724,369.44779433962265,380.5556255905512,2.6951099999999997,2.8967039999999997,2.907194,2.6943475,2.848642,16.7106675,16.765206666666668,16.7540825,16.7569425,175.7204391705069,16.761518000000002,384.2675234848485,379.711929118774,380.26127769230766,378.17950193798447,15.812100000000001,15.837654,15.823926,15.7,15.7,215.14084705882354,88.51504211640213,98.52517517441859,214.96476629213484
2021-08-08 15:00:00,215.03556041666667,214.85058016528927,215.5997824034335,215.0124390350877,215.0,700.6202092198582,701.206,700.4172660714286,79.23335626373627,918.9576067039105,918.7974528846154,2.841394,366.52000112781957,744.3724971014492,367.8467064885496,368.06575494505495,377.15785378787876,2.6951099999999997,2.8967039999999997,2.907194,2.6943475,2.848642,16.583835,16.6820825,16.6301125,16.63202,173.8542873873874,16.64518,382.55293884615384,376.509915037594,377.0323610687023,375.0457741444867,15.7312325,15.7278,15.71445,15.8,15.8,215.55857142857144,87.17405901554405,98.42555081967214,215.01244065934065
2021-08-08 16:00:00,214.97457299270073,214.80613246753248,215.54602317596567,214.95183141592918,215.0,697.2829516245488,698.1357143835617,697.5144771929824,79.2040135828877,918.843752972973,918.731593939394,2.834338,368.992026459144,747.114912,370.45407806691446,370.7357863468635,377.32473445692887,2.6781355,2.8831629999999997,2.8949879999999997,2.6825225,2.8328119999999997,16.243236666666665,16.307151666666666,16.28394833333333,16.28712833333333,171.48392155963302,16.290306666666666,385.29065055350554,376.78658730769234,377.05721310861423,375.1288750957855,15.340248333333333,15.35678,15.347625,15.3,15.3,215.29179285714287,86.16529983240223,97.53573966101695,214.96599557195572
2021-08-08 17:00:00,209.7596794520548,210.1350886554622,210.86009375,210.23614628099173,207.5,703.3782143356643,704.4237229813665,703.0804731707317,80.65839483333333,935.5969,935.7817528925619,2.871529,375.59143195488724,762.9998459259259,377.50472803030306,377.03220338345864,386.0819262962963,2.7160895,2.919591,2.9333235,2.7172335,2.873055,16.154546666666665,16.17905,16.161883333333332,16.163156666666666,172.83844669603525,16.1761925,392.730651119403,385.45354772727273,385.96523396226416,383.66578925925927,15.189706666666666,15.213103333333335,15.200896666666667,15.3,15.3,212.40413333333333,87.35887889447237,100.37591011049724,210.42499597069596
2021-08-08 18:00:00,193.13161975308643,193.06424089068827,193.88603279352228,193.21618060344827,192.61251666666666,686.7907435714286,687.0329918367347,685.9398264957266,79.17091301136364,918.5629643678161,915.2002780821917,2.763833833333333,367.5089280898876,746.1036464684014,368.7169357142857,368.9473866920152,377.6406362962963,2.6215724285714286,2.833479625,2.8379192222222223,2.6342215,2.764151666666667,15.7556175,15.8228775,15.810955,15.80285,169.09294311926604,15.753356,383.87619411764706,376.9726900735294,377.53040566037737,375.6071885931559,14.801954,14.833688,14.807749999999999,14.850000000000001,14.850000000000001,192.21633333333332,84.69797433862433,97.5734932994924,193.2663336996337
2021-08-08 19:00:00,199.56014825174825,199.25508034188036,200.01977167381975,199.61597850877192,200.4298,712.9618733096086,714.9030773333333,714.8424011494253,80.71690357142857,936.2006379888268,936.9190385245902,2.910055,375.3868238636363,757.1706486988847,377.0113299625468,376.76443026819925,380.4577251879699,2.7395484999999997,2.9482,2.960215,2.7469865,2.912534,16.20172,16.261062,16.243136,16.24466,178.2066367256637,16.278501428571428,392.4117819607843,380.11186856060607,380.2176270992366,378.2358915057915,15.255024285714285,15.274422857142858,15.263525714285715,15.3,15.3,199.5143138888889,89.90030073298428,104.04611087912087,199.39404007633587
2021-08-08 20:00:00,198.72935472972975,198.57323898305083,199.29525454545453,198.69530214592277,197.2439,693.2887309608541,692.5773531034482,689.5252034482758,78.126106,906.3037139784947,904.4651696969697,2.8077,366.182050929368,736.6574296028881,366.7756352272727,367.6239460377359,370.8109667870036,2.65652,2.860721,2.872927333333333,2.662369,2.8076365,16.26708,16.324633333333335,16.308743333333336,16.29984,169.81547224880384,16.304927499999998,382.6315352059925,369.8343496268657,370.6110871794872,368.61790038022815,15.414506666666668,15.4146325,15.39785,15.3,15.3,199.04872142857144,85.53805145833333,96.654987740113,198.69939114391144
2021-08-08 21:00:00,197.74088431372547,197.69877749999998,198.5335038961039,197.90339612068965,196.67636666666667,691.4405439285714,694.1009139534883,692.7142795454546,78.28297896551724,907.9503093567251,909.584993548387,2.827281,366.60038854961834,741.8026258302583,368.3325862453532,368.3389225680934,374.33495917602994,2.7168520000000003,2.889075333333333,2.900645666666667,2.722002,2.8614205,15.972472,16.03372,15.995957999999998,16.01007,168.22609201877933,16.041411666666665,383.3267132075472,373.76738022813686,374.082362406015,371.93883074074074,15.108331428571429,15.099683333333333,15.084935,15.3,15.3,196.91599117647058,84.34667747126437,96.7297140229885,197.87142052238806
2021-08-08 22:00:00,194.67041468531468,194.49174100418412,195.30350954545455,194.69330852017936,194.6806,670.3651505376345,672.5311141104294,672.4193022988505,76.47051952380953,887.0583488095237,887.9572438016529,2.7338265,356.6541145522388,727.0989345864662,359.1734084291188,358.42333446969695,367.9893447761194,2.583536666666667,2.780236,2.790789333333333,2.587096666666667,2.733064,15.504818,15.554115000000001,15.512279999999999,15.545848000000001,159.88075505050506,15.55848625,372.76862433460076,367.95083816793897,367.53974732824423,365.67291412639406,14.597953333333335,14.629846,14.592104999999998,14.5,14.5,194.80291799999998,79.67770720238096,90.749216875,194.64979022556392
2021-08-08 23:00:00,194.75085491329483,194.615855186722,195.36262076271188,194.709124291498,191.9571,676.1633280575539,678.9189485576923,680.2057974576271,76.48330874285715,887.4138754385965,890.5037731250001,2.754711,356.94852566037736,723.9724708955224,358.73176589147283,358.76978441064637,366.0129670542635,2.6402194000000003,2.8375036000000002,2.8535242,2.6380836000000003,2.7540432,15.489288571428572,15.535497142857142,15.51009,15.530591428571428,162.33278300970875,15.515335,373.3423875471698,365.6211643137255,365.717466539924,363.80810078125,14.56343375,14.578502499999999,14.571445,14.5,14.5,195.04680561797755,80.86169826347304,93.58219283870969,194.4772837735849
2021-08-09 00:00:00,179.28358819875777,178.6709313253012,179.49683606557377,179.19389416666667,187.2538625,632.6866195729538,634.6385285714285,635.8734169491526,72.18423555555555,837.3227637426901,839.2268587096775,2.659254,338.577935546875,687.290426394052,340.1591768939394,340.1707027131783,347.5810288973384,2.5265105,2.7007934,2.7131524,2.53003875,2.701912666666667,14.74908,14.7731825,14.697677142857144,14.737606666666668,150.57755748792272,14.708573636363637,353.14135859375,346.96425500000004,347.17064237918214,345.230799609375,13.767546666666666,13.788271666666667,13.777083333333332,13.8,13.8,181.69510833333334,77.74691512820513,83.19430198675497,178.97864962962961
2021-08-09 01:00:00,169.6653606666667,169.66801680672268,170.41570223214285,169.83671695652174,168.1319,597.8660155234658,598.0771204081633,597.292263768116,69.06028467836258,801.2256554216867,802.3634395348837,2.435154,324.2425192307692,657.685515648855,325.6543766283525,325.89024085603114,333.22884166666665,2.286009,2.47368,2.486649,2.288679,2.39968,13.930209999999999,13.975816,13.96323,13.961704000000001,143.43376581632654,13.961704000000001,337.702323828125,332.140768503937,332.68912945736434,331.09008403041827,13.122976,13.139148,13.1184,13.1,13.1,169.35849399999998,80.45945371069182,64.31979902654867,169.82096059479554
2021-08-09 02:00:00,160.56586397515528,160.5496155462185,161.4075617647059,160.82680129310344,161.0462,568.6768723776223,569.7699203703704,568.3920169014085,67.64800481481483,784.7956440993789,785.2533890625,2.292493,320.07215521235526,649.3705918215613,321.3055531835206,321.71471124031007,328.9524015151515,2.1847980000000002,2.37212,2.3812176000000003,2.19980175,2.27571,13.766376666666666,13.796374285714284,13.795008333333334,13.794055,135.7826135,13.76258625,332.7512739622641,328.05059288389515,328.1837411764706,326.7347596226415,12.984655714285713,13.011247142857144,12.9916825,13.2,13.2,161.0912641025641,77.48389720496895,52.27314324675324,160.69614193548387
2021-08-09 03:00:00,154.7715177631579,154.52600082644628,155.30883246753248,154.67393502109704,153.7407,567.7322825622775,568.6523575581396,567.1651851851851,67.26216715151514,780.2579207317073,779.484064,2.3135996666666667,316.6478871698113,643.1683214285715,318.42089296875,318.28787706766917,325.3309634241245,2.195097,2.372692,2.3834679999999997,2.200183,2.309022666666667,13.672921666666667,13.733023333333334,13.708233333333332,13.704099999999999,137.39924514563108,13.734933333333332,328.86409527559056,324.58344882812503,324.46646259541984,322.9082359375,12.948581666666668,12.963581666666668,12.970705,13.0,13.0,155.32241818181816,78.03187245714285,52.3264702,154.70830266159697
2021-08-09 04:00:00,152.4881057324841,152.44548033472802,153.2832771551724,152.67790711297073,151.44745,557.6114787769784,558.1509620253164,555.2872729729729,65.59094766871165,760.9757283018868,757.5565443037974,2.248245,308.07335236220473,625.9195089887639,309.78768764478764,309.8196795366796,317.2268671755725,2.1738635,2.311184,2.327586,2.149451,2.2736115000000003,13.50375,13.542874000000001,13.526854,13.525327999999998,136.00747083333334,13.520751999999998,319.80013684210525,315.9595618867924,316.02651769230766,314.50213678160924,12.772048,12.793408,12.777542,13.0,13.0,151.92810303030305,77.55856591160222,51.50428628571429,152.6982043956044
2021-08-09 05:00:00,154.16342818791946,153.87469916666666,154.7496244635193,154.10537499999998,154.46855,564.2061403571429,564.5561643356643,563.2111327586207,64.88772263157894,752.7075744047619,752.1197586206897,2.304318,303.4430895348837,616.0097723880597,305.54590643939395,305.2169003968254,312.2548472222222,2.19408,2.3670655,2.3792725,2.196941,2.306416,13.459787500000001,13.50511,13.4898525,13.49033,136.4402287179487,13.511466666666665,314.5903540856031,310.73735714285715,310.94126156862745,309.5881592,12.732683333333334,12.746413333333335,12.740564999999998,12.6,12.6,154.904525,77.08426427710845,54.24675240384616,154.0981845323741
2021-08-09 06:00:00,160.2175795774648,160.21885304347825,161.08157458333332,160.44966919831225,161.18355,562.3035215053764,561.8532812080538,560.581467948718,64.96492402173912,753.5765770491804,751.487528358209,2.266936333333333,303.7069915057915,616.4202347985348,305.8169566539924,305.4328634241245,311.7087707865169,2.161657,2.3344519999999997,2.34703975,2.1622295,2.273039333333333,13.4092475,13.445035,13.429775,13.425485,137.28845817307692,13.423482000000002,314.669677480916,310.5128247148289,310.3736910780669,308.941954789272,12.656772499999999,12.6747025,12.663640000000001,12.6,12.6,159.90322765957447,77.75658214285714,53.22972389473684,160.45858267148014
2021-08-09 07:00:00,166.89308430232558,166.99548523206752,167.89535211864407,167.00523485477177,173.19609130434782,597.2155117437723,603.7093853403142,602.8398468468469,67.8178309770115,786.9299691860465,804.3095424242424,2.5500458000000004,316.9912367816092,643.3136528985508,318.61091660516604,318.4754830188679,325.6696798479087,2.3973562727272726,2.600456642857143,2.6121724285714287,2.400685272727273,2.5497406,13.6385925,13.6781925,13.6660325,13.6677025,142.79675585585585,13.691596666666666,328.73269063670415,324.53868533834583,324.83656679389316,323.1385125,12.805919,12.801684444444444,12.787271111111112,12.9,12.9,165.83200256410257,78.74821527472528,60.49834192857143,167.32688381294963
2021-08-09 08:00:00,163.68463902439024,163.7278956521739,164.39926160337552,163.9333205882353,171.02868947368424,572.0236722021662,572.0754923076923,570.5764663934426,67.11515554973822,778.4537793650794,784.0688486956522,2.374449714285714,315.08779767441865,640.5164093283582,316.67286481481483,316.810166023166,324.5615316793893,2.2748703,2.4694148181818183,2.484950090909091,2.2755952,2.375812,14.02123,14.0605925,14.05344,14.05463,139.5596070754717,14.02817,327.11367874015747,323.87672145593865,323.3630885057471,322.37095601503756,13.261214,13.283033,13.269454,13.35,13.35,164.13088000000002,77.39492129729729,52.24873917525773,163.41496842105263
2021-08-09 09:00:00,177.82416369426753,177.7678204819277,178.1705237704918,177.68737049180328,193.53795,610.8478451957295,616.9459652941176,619.2316577319588,69.74181422857143,809.2123367816092,843.1212472727273,2.6994965,326.0325681818182,663.5124494423792,328.48605555555554,328.44857604562736,337.4677098113208,2.519406125,2.7099385,2.7336995555555554,2.5172128750000002,2.7013401666666668,14.791514444444443,14.827035555555556,14.823434444444445,14.820466666666666,148.14404788732395,14.79778888888889,339.28942178988325,336.04394583333334,336.41141201550386,334.7608083333334,13.97037181818182,13.903417999999999,13.892432,13.65,13.65,176.17892972972973,76.86557759162304,68.83784208695653,177.96281635687734
2021-08-09 10:00:00,220.0513503875969,219.89408874458874,220.71113333333335,220.04496315789476,193.53795,717.7579762589928,719.5567423076923,718.525786904762,80.53938140625,934.3727910526316,933.9286728682171,2.875343,376.0598672932331,764.9351386524824,377.9724471698113,377.6068422794118,387.8046078066914,2.7441259999999996,2.951632666666667,2.958689,2.732301,2.877632,16.099875,16.1266025,16.117065,16.1161125,168.82912064220184,16.11268,393.3444600760456,386.95431611721614,386.8944379562044,384.8962383763838,15.053098,15.050605,15.035346666666667,15.2,15.2,220.37972,82.59927256830602,95.70446657608696,220.0700534798535
2021-08-09 11:00:00,219.72542450331127,219.62611164658634,220.4256403292181,219.77111744680852,193.53795,719.4703433691757,720.1253447058824,718.4225803418803,80.86582627659574,938.0262880434783,936.2169935251799,2.900328,377.08525113636364,765.7288086466165,378.5130939393939,378.70027007575754,387.7395099236641,2.7426,2.949344,2.9607875,2.7469865,2.9022354999999997,15.986073333333332,16.03855,16.018843333333333,16.02202,171.9248256281407,16.0150325,394.3221919230769,387.10318212927757,387.10805416666665,385.06135992509365,14.965416666666664,15.0057225,14.973046666666667,15.2,15.2,220.451125,82.78189219653179,100.45763678787878,219.81886826568265
2021-08-09 12:00:00,220.0151022222222,219.83085673469387,220.64740672268908,220.0002987012987,193.53795,719.6987605633803,720.7040792899409,719.566050617284,80.27677218390804,931.2635343023256,931.7132396551724,2.908148,373.72695928853756,760.2812996363637,375.26550193050196,375.4291324324324,385.8576634980989,2.753662,2.961931,2.978334,2.760147,2.909673,15.967324999999999,16.02552,16.014075,16.032833333333333,170.67188916256157,16.027109999999997,390.71255795454545,385.04800559701494,385.2386270370371,383.1681295019157,15.0240325,15.026953333333333,15.030135,15.2,15.2,220.16078571428574,81.72363063953489,99.84934143790849,219.98443383458647
2021-08-09 13:00:00,219.9646556291391,219.86674362139917,220.67076541666665,219.98229401709403,193.53795,715.9478884892087,717.297096511628,716.0254191489362,78.71214946524064,913.1056989247312,914.0397530303031,2.881828,365.7017057915058,744.4486162454874,367.9249272030651,367.37494022556393,376.80807078651685,2.7450795,2.951124,2.968035,2.767775,2.881828,16.044565,16.0956075,16.0841675,16.084165,169.1501519607843,16.073515,382.0968635338346,376.40973446969696,376.37276045627374,374.3252834586466,15.068878571428572,15.088715714285714,15.075018333333333,15.2,15.2,220.155875,81.21000689655172,98.52672889610389,219.99139664179106
2021-08-09 14:00:00,219.85595804195802,219.7331958506224,220.5271537815126,219.8880227467811,193.53795,708.592770609319,709.4623777173913,707.8546355140187,77.8778425945946,903.3697683060109,902.6425019736841,2.861993,362.2788856060606,736.0315267399268,364.32269453125,364.16490496183206,372.46844015151515,2.7206669999999997,2.916158,2.932179,2.723146,2.864663,15.95874,16.0302875,15.99519,15.996593333333331,166.52849999999998,15.991665,378.0779411985019,371.7285127340824,371.94047567567566,369.9728246153846,15.0267,15.027465,15.0148775,15.2,15.2,220.33213333333333,79.64762903409091,96.33672068322981,219.9058599264706
2021-08-09 15:00:00,219.93230062111803,219.8014186721992,220.60390170940173,219.96103713080169,193.53795,709.7397932624114,711.0740494318181,709.81522,78.12013168604652,906.1780305882353,905.7102588652482,2.876106,364.58185373134324,739.5339714285715,365.9052658088235,366.14549221789883,374.2137873605948,2.723146,2.9419055,2.953158,2.725816,2.878014,15.96637,16.051265,15.99786,15.99405,165.6984048780488,15.962263333333333,380.4156419475655,373.67440939849627,373.98982977099234,372.09732758620686,15.01119,15.0076275,15.024413333333333,15.2,15.2,219.9166153846154,79.113057,95.98621159999999,219.96317
2021-08-09 16:00:00,220.01402086330936,219.81261470588237,220.61701687763713,219.97877238493723,193.53795,707.7005456521739,709.0918678362574,708.4486673684211,78.03347430167598,905.2558777142857,906.1315746031746,2.86657,364.4136846743295,739.6043945255474,365.7376400763359,365.9697662835249,374.0531569811321,2.7283593333333336,2.9349760000000003,2.9474366666666665,2.7302666666666666,2.895941,15.953015,16.019795000000002,16.002635,15.995000000000001,165.36486815920398,15.9868975,380.43858106060605,373.97524962406015,374.1220996183206,372.0216764,14.98169,15.005797999999999,14.988707999999999,15.2,15.2,220.34126666666666,79.12052606936416,96.90746201219513,219.96894285714285
2021-08-09 17:00:00,219.91383611111112,219.75718930041154,220.6179192139738,219.92315154185022,220.0,717.2615067615658,718.2864150485437,716.6233173228346,78.96449229885057,916.0124578034682,915.5393138364781,2.881256,367.0650520599251,747.4459647272728,368.50853231939163,368.74117358490565,378.8423313432836,2.7302025,2.947246,2.9408246666666664,2.732301,2.878140666666667,15.955689999999999,16.008546000000003,15.97879,15.994812000000001,168.2337764102564,15.964805,384.2315223484848,378.87636926070036,378.62026377358495,376.5775104868914,14.960636,14.997203333333333,14.968213333333333,15.2,15.2,220.4408375,80.23667103448275,99.73123784883721,219.95062775800713
2021-08-09 18:00:00,219.69265029239767,219.6008975708502,220.48569230769232,219.80000566801618,220.0,713.045838869258,713.8869946601942,711.6812589928059,78.80588773809524,914.0035715151515,913.9020689265537,2.8709569999999998,366.38855478927206,744.7428473076923,368.3000786516854,367.8282856060606,376.3940091911765,2.7200943333333334,2.9170483333333337,2.950488,2.722383333333333,2.8835445,15.9806725,16.035532500000002,16.025042499999998,16.018842499999998,168.8138292237443,16.029524000000002,382.83959189189187,376.19233178294576,376.18859436090224,374.22289615384614,15.016783333333334,15.037891666666667,15.024158333333332,15.2,15.2,220.3367333333333,80.93414138888889,99.92479057591622,219.79068388278387
2021-08-09 19:00:00,219.90680392156864,219.7482036734694,220.58457004219412,219.88394155844153,220.0,719.3085641843971,720.2500616580312,718.9010427272727,80.1873843258427,930.1044581920904,929.5688292517008,2.8709569999999998,372.5812023166023,757.649029602888,374.3511917293233,374.2143972972973,383.713685546875,2.735353,2.939808,2.952777,2.73726,2.8835445,16.1694875,16.2248275,16.215287500000002,16.21624,172.40132694063925,16.217468571428572,390.0223189922481,383.27751629629626,383.6436812977099,381.4634870229008,15.17699,15.218188000000001,15.210558,15.2,15.2,220.272625,83.34874225274724,103.46827618784529,219.93700472727272
2021-08-09 20:00:00,219.925725,219.79570801687765,220.65067740585772,219.9789836734694,220.0,716.6503318996416,717.9141572327044,716.5684910447761,79.62671457317073,923.7216387878788,925.5258048076922,2.909165,369.7451014981273,751.3484677655678,371.4247534351145,371.4577447761194,380.3734530769231,2.7567133999999998,2.9588799999999997,2.9689502,2.7604516,2.9119625,16.40122,16.454963333333335,16.439066666666665,16.44288333333333,173.121968,16.435256666666664,386.6715398523985,379.9174623529412,380.321116730038,378.0449260377359,15.418576666666667,15.439936666666666,15.420096666666666,15.2,15.2,220.36873999999997,83.88061765957447,102.91671733333332,219.96343163636365
2021-08-09 21:00:00,214.3302627906977,214.0863048780488,215.14753012552302,214.0894446280992,206.0711142857143,698.4437968085107,696.2102563953488,691.5868151515151,77.90543179190752,903.3705514619883,897.7058294520548,2.79609775,362.15130570342205,735.2544944852941,364.00232734082397,363.9799762452107,371.63947272727273,2.6357950000000003,2.8529649999999998,2.8649806666666664,2.65410425,2.7931415,16.07842,16.17650666666667,16.1156375,16.154256666666665,166.71427674418604,16.193164,379.0698909774436,371.84380895522384,371.24888598484847,369.534466539924,15.278304,15.299968000000002,15.280135999999999,15.3,15.3,203.99638181818182,80.73262153465346,96.48701260115607,214.54842382671478
2021-08-09 22:00:00,194.26944971098268,194.11507763713078,194.71748340611353,194.14372521008403,194.7859,638.3145717391304,639.9113985576922,638.7019556451612,71.54907647727272,829.9887057142857,829.6301540540541,2.637575,334.37482862595425,680.0539788679245,336.21597480620153,336.2326141221374,343.5799459770115,2.5021616666666664,2.691231666666667,2.7015306666666667,2.4998726666666666,2.639355333333333,15.427893333333332,15.476551666666666,15.460025,15.452396666666667,149.51296095238095,15.483728571428571,348.71457519379845,343.651734375,343.3354115384615,341.57797338403043,14.641657142857143,14.664982857142858,14.648414285714285,14.6,14.6,194.80551250000002,77.18343994505494,74.16336067114094,194.0280520754717
2021-08-09 23:00:00,189.41149402985073,189.03415447470817,189.8364928,189.2301720164609,189.739375,622.5047003558718,625.0131028301887,625.112711038961,70.0941005699482,813.454384736842,816.1189666666667,2.600511,328.8613102272727,668.2239481343283,330.2293517110266,330.3475056818182,337.93138373015876,2.4658605,2.6552485,2.6678365,2.46834,2.6024184999999997,15.26689125,15.332238571428572,15.32134142857143,15.318615714285714,145.37707688679245,15.33647888888889,342.53559291044775,337.6210456603773,337.7348057692307,335.95665859375,14.535143333333334,14.555843999999999,14.545314444444443,14.4,14.4,189.9185424657534,77.11983438202247,65.72595091549296,189.26651841155237
2021-08-10 00:00:00,178.62759597315437,178.19505086956522,179.04087107438016,178.412840167364,180.35350000000003,609.0848665492957,609.7628811827957,609.1968765306123,69.27555277486911,803.996385106383,805.2772043859649,2.5228865000000003,324.92661240601507,659.8276555147058,326.62555447761196,327.0349830827068,333.82740147601476,2.3638233333333334,2.5550556666666666,2.567262,2.3672566666666666,2.524222,14.893551666666667,14.983534999999998,14.935851666666666,14.970185,143.45505305164318,14.955151428571428,338.3942411111111,333.0555390151515,333.22293210332106,331.7058944649446,14.168228571428571,14.187899999999999,14.17474125,14.15,14.15,178.43649399999998,79.16640544444445,53.85359217054264,178.32928014440432
2021-08-10 01:00:00,168.75506266666665,168.68443211382115,169.5297163265306,168.74360338983053,180.35350000000003,560.6100604316547,561.2762606965174,559.1447123809523,66.75890640883978,774.4308625698324,773.4898382352941,2.3589125,320.252078030303,652.2170567669173,322.2799007662835,322.0995030651341,330.66307265625,2.2437104444444445,2.4251728333333333,2.4385553333333334,2.251297,2.35080675,14.4188875,14.46254,14.444421250000001,14.44323125,122.1464425120773,14.452051,333.5321548507462,329.8381360784314,330.17210656370656,328.4439452471483,13.761672999999998,13.775558,13.763809,13.9,13.9,168.75812222222223,84.11659451086958,34.119441333333334,168.74702445255474
2021-08-10 02:00:00,158.26815612903226,157.69200338983052,158.5626855319149,158.040454893617,160.085,535.0796939285714,536.0542533707865,536.304965,64.77406215469614,751.2681251396648,753.189244,2.104821,312.36110778210116,634.7890407407407,313.9826909433962,314.1966875968992,321.77291673003805,2.026625,2.1879765,2.200374,2.031393,2.106729,13.82264,13.865578333333334,13.852865,13.91326,116.29557710280373,13.90018,325.1089420849421,320.81105833333334,321.2334163498099,319.65075275590556,13.278405,13.294933333333333,13.282726666666667,13.4,13.4,158.77562608695652,82.62839577777778,28.683389545454546,158.03340959409593
2021-08-10 03:00:00,153.67924776119403,153.47942280701756,154.3678153153153,153.70247264957266,153.7407,533.2162480286738,534.08297,532.9404620689655,64.14095275862068,743.9407748538011,744.0484426229508,2.176152,309.48130229007637,627.4406149635037,310.7912674329502,311.38705444015443,317.24299767441863,2.0601920000000002,2.2238326666666666,2.2324786666666667,2.064642333333333,2.186451,13.6581425,13.6834375,13.698695,13.674474,116.15421710526316,13.670403333333333,321.8929819923372,316.5961909803921,316.6186900383142,315.1526981343284,12.980077142857143,13.003181428571427,12.984654285714285,12.95,12.95,158.77562608695652,82.76381847826087,28.30182054054054,153.68531090225562
2021-08-10 04:00:00,153.75257819548872,153.54707863247864,154.44665491071427,153.76835466101696,153.7407,536.4321261818183,536.9363215277777,536.501770212766,64.3394208,746.2361924418605,746.1625595744681,2.1717649999999997,309.49404,628.5247849816849,311.0988347169811,311.34500193050195,317.5227380769231,2.0723986666666665,2.2334956666666668,2.245194,2.0720169999999998,2.173673,13.610938749999999,13.648154444444444,13.649424444444444,13.652206249999999,117.65920140186917,13.656736,322.0305707224335,317.34241906614784,316.8719768939394,315.3721156133829,12.964907,12.982062222222222,12.96968888888889,12.95,12.95,153.7957,84.27547884210526,28.330273076923074,153.7837286245353
2021-08-10 05:00:00,157.82215234899328,157.52713580246913,158.416416,157.55609747899157,154.8668,548.7624425,549.6598694117647,550.1034182926829,65.53166621621621,760.2270226519337,763.010658974359,2.2198913333333334,314.5338901098901,639.360036802974,316.7310760456274,316.4203223880597,323.2994217712177,2.1410590000000003,2.28104975,2.3018385,2.1465899999999998,2.2451935,13.847435,13.89419,13.79819,13.7444675,121.77067589285714,13.832776,327.3519159851301,322.60588939393944,322.80220845588235,321.1597540740741,13.159905,13.1805,13.1675325,13.4,13.4,158.28499743589742,85.85503401069519,33.56879078125,157.60485970149256
2021-08-10 06:00:00,160.39446746987952,160.31838158995816,161.14606666666668,160.5144982300885,163.11975,556.9724443636363,557.0734767955801,555.2375978021978,66.09848137362637,766.7167527777779,765.6762314285714,2.2682715,318.87424962406016,646.3487836431226,320.72145791505795,320.6881494423792,326.17231189591075,2.1713839999999998,2.3378855,2.3537150000000002,2.1700485,2.269225,13.893207499999999,13.943775,13.957123999999999,13.92184,120.72537209302327,13.945682,331.9964011235955,325.60658108108106,325.5674075471698,323.9652874015748,13.232527999999999,13.263655,13.235275999999999,13.4,13.4,159.92931960784313,82.7039558918919,37.83624984848485,160.48912555555555
2021-08-10 07:00:00,157.4573641025641,157.18321541666668,158.09992711864408,157.4018253112033,158.1533,559.8255496453901,560.0905126373626,557.9780804123711,66.3208043352601,769.510675,768.5539181818182,2.2654104999999998,320.980403030303,651.8737926739927,322.7700781481482,322.8311150943396,329.5557675572519,2.1551725,2.3218645,2.3350245000000003,2.156317,2.2665545,13.74349,13.7935775,13.7726025,13.7726,117.60914142857142,13.772124,334.2893697674418,329.10724092664094,329.0671308270677,327.4894,13.046078,13.096035714285716,13.04028,13.1,13.1,157.67102765957446,80.10351805714285,37.57093219178082,157.4233912408759
2021-08-10 08:00:00,156.11440647482016,155.8080475770925,156.48967807017544,155.91870085470086,155.85546666666667,554.9600010752689,556.1608391304347,555.4216116883116,65.13054500000001,755.4143773006135,756.242225,2.221544,315.7498996153846,641.5214337078651,317.9410189393939,317.70907640449434,324.04317453183523,2.113595,2.276854,2.287153,2.117409,2.219637,13.72696,13.782295,13.755911666666668,13.762586666666666,114.74626990291262,13.77212375,328.54574296875,323.7002964980545,323.59678534798536,322.09711879699245,13.050479999999999,13.068790000000002,13.0607275,13.1,13.1,156.32969333333332,76.74200494318183,39.132952933333335,155.85328597785977
2021-08-10 09:00:00,177.6644320754717,175.36370762711863,175.8103931174089,175.35018225108223,185.20549375,620.5838525179855,620.8928079754602,633.5209365591397,70.48160641618497,817.4006656804734,833.5394965217392,2.6794701666666665,332.71417404580154,674.6029416666667,334.07400230769235,334.1045172413793,339.3661622047244,2.5059938571428573,2.736878125,2.766413,2.5084462857142857,2.6818863333333334,14.447893333333333,14.388431428571428,14.486699999999999,14.482248333333333,137.9211495283019,14.241302857142857,346.0276073929961,338.3692591269841,339.39668875968994,337.10770603773585,13.38659,13.40402857142857,13.393347142857142,13.3,13.3,174.73389615384616,84.90772867403315,64.04067196428572,175.3217981751825
2021-08-10 10:00:00,220.9139,220.58645708154506,221.40273872340427,220.74347815126052,222.2419875,751.7644514184396,752.7887577380952,751.6322569892473,82.64922697530864,958.5945727848101,960.3510294117648,3.0175464,382.0893972972973,778.8939424242425,383.70246192307695,383.9066149019608,395.771162890625,2.8548214,3.0644135,3.0710253333333335,2.8580258,3.022963,15.677614,15.7339,15.718264,15.741025,180.40676478873237,15.732971111111112,400.00083515625,395.04187386363634,395.7229027559055,393.4210522900764,14.590581666666665,14.602860000000002,14.588295,14.6,14.6,222.28024,94.06503051282053,91.21348045161291,220.74810869565218
2021-08-10 11:00:00,241.08413548387097,241.27560483870968,242.04412928870295,241.31788770491804,238.36630833333334,801.1136699275362,802.5661534090909,801.5948476190476,86.30623540880504,1001.1890065359478,1002.6150856115108,3.1800343333333334,397.6578361940298,810.5689450757576,399.15909015151516,399.36610894941634,411.6456339694657,3.0043066363636366,3.2220237142857147,3.2322682142857144,3.005925166666666,3.183297777777778,16.386232857142858,16.448242857142855,16.425355714285715,16.522355,190.57795311004787,16.613901249999998,416.41166360000005,411.451966015625,411.6085659090909,409.3447164179105,15.26072,15.2796,15.271207500000001,15.3,15.3,238.20914117647058,100.49413947643978,97.03045577639752,241.44815072463769
2021-08-10 12:00:00,243.0340459627329,242.77253734439833,243.52878958333335,242.9513610878661,243.22705000000002,798.1981083032491,799.8308213675214,798.2982704918032,86.36012444444445,1001.7877547058823,1002.2184457142856,3.177385166666667,398.23969416342413,810.1566605947955,400.1973923664122,400.15064030418256,410.38054351145036,3.004163214285714,3.2290634375,3.2401015,3.0076290666666665,3.1810729166666665,16.833841666666668,16.89776,16.889495,16.889176666666668,191.28466220095694,16.87927857142857,417.3173106870229,410.1215931818182,410.40178226415094,408.02792068965516,15.648762,15.710508333333332,15.65273,15.8,15.8,243.097625,101.37325527472528,93.6796695483871,242.9030306273063
2021-08-10 13:00:00,265.916183908046,263.6728324894515,264.83053918367347,263.18016720647773,268.8976346153846,842.1010438405798,847.7296959677419,849.5492121621621,91.40430787878789,1060.2798385093167,1083.365526056338,3.4017394615384617,419.9914715953307,852.111096641791,421.840803030303,422.3544137931035,430.25091782945736,3.1945631333333333,3.4282117333333333,3.4396043333333335,3.197106,3.406434230769231,17.481346666666667,17.54187333333333,17.525344444444443,17.528946666666666,211.2029713592233,17.471963,440.508559922179,430.3300244274809,431.5364356321839,428.6987941860465,16.217729,16.278778888888887,16.2278,16.55,16.55,266.445775,101.13753517766499,97.43772909722222,264.3002233576642
2021-08-10 14:00:00,301.27220440251574,300.9565652719665,301.76477012987016,301.14372477876105,301.7093785714286,944.0645870503598,945.9954453608248,945.0820270833333,101.49515679738562,1177.351288590604,1177.2254365671643,3.7263505555555554,472.65445020080324,956.206766044776,475.0193091954023,474.37304117647057,481.5290703125,3.511145090909091,3.772435909090909,3.7794349166666668,3.5168218,3.7285543333333333,18.443864285714284,18.50651,18.495065,18.493796666666665,221.30879860465117,18.49170571428571,496.770318972332,481.2272816793893,481.58260267175575,478.75175172413793,16.969026666666668,16.97101,16.949953999999998,16.55,16.55,301.19656249999997,98.61252263157894,83.78001818840579,301.16116213235296
2021-08-10 15:00:00,301.30847970297026,300.99425870445344,301.7243817391304,301.18473347639485,301.34436,942.9495517730497,945.3771387931034,944.4257468085107,101.67733805194806,1179.4632013422818,1178.311215613383,3.7195932857142857,477.317230075188,960.6433928571428,479.1745272373541,478.9892793774319,481.2908564705882,3.5102609,3.7658617499999996,3.7757034615384617,3.514855727272727,3.7199201428571427,18.46961,18.496976666666665,18.484260000000003,18.479806666666665,218.32321627906975,18.49014,501.3297761538462,481.3751534351145,481.43675652173914,478.58998314176245,16.96979,17.001323333333335,16.97742,16.55,16.55,301.4878076923077,100.43919888297873,84.42970007194245,301.1813620071685
2021-08-10 16:00:00,297.885312568306,297.731370472441,298.57888278688523,297.94466168582375,298.30400714285713,931.5784839857652,933.7719503225806,932.4216636363636,99.72446494117646,1157.2381144578314,1160.8510093896714,3.698559142857143,463.6120969348659,934.4246832116788,465.41893258426967,465.4961710424711,469.25602319391635,3.481175625,3.733343777777778,3.745168222222222,3.4833688888888887,3.6958346666666664,18.21881,18.291502,18.263658,18.265943999999998,221.82916336206895,18.278097142857142,486.7780440944882,469.2711657992565,469.38526920152094,466.65548441064635,16.813905000000002,16.836283333333334,16.821788333333334,16.7,16.7,298.261525,103.52079776699028,105.28664097297296,297.908115037594
2021-08-10 17:00:00,257.3752252688172,260.371191902834,262.4455931174089,261.99887777777775,249.02735909090907,819.3388137809187,810.7157567839196,811.1196886178861,87.75081259036145,1017.4050926380369,990.1500018292683,3.0760604000000003,407.28942161172165,825.6155855513308,410.21683601532567,409.40433333333334,413.8748660447761,2.9770805714285715,3.210280357142857,3.2229227857142857,2.9809767857142857,3.080714,17.425781999999998,17.487411,17.480546,17.478448,198.5501038961039,17.307785454545453,426.96350330882353,414.7756455938697,414.8173159090909,412.34194344569283,16.14989,16.16403727272727,16.156545454545455,16.35,16.35,235.67305555555555,93.06073713541667,98.1478276608187,261.5707544483986
2021-08-10 18:00:00,197.0897076923077,196.85623717948718,197.5461069264069,197.19029029535864,195.986085,662.717703202847,664.5712474860335,665.7846128712871,74.80518377142857,867.9791389221558,870.7086186335404,2.701709,348.486501509434,707.6304809701493,350.35997211895915,350.1884738636364,357.9567938461538,2.5598525454545453,2.7542024166666668,2.7679344166666664,2.5613781818181818,2.7078035555555555,15.219278571428571,15.27621625,15.2592875,15.252611250000001,160.2908108374384,15.2595275,363.99606245210725,357.50235714285714,357.47297279693487,355.6346321969697,14.334146999999998,14.356118,14.347574,14.3,14.3,197.57495789473683,79.45671947058823,95.05715402298851,197.12498901098903
2021-08-10 19:00:00,191.6533125,191.64672016460904,192.64809785407726,191.52905082644628,199.62082727272727,703.8804206405694,707.2767256157636,704.6801680000001,79.13006916167664,917.850312195122,921.7961936781609,2.9038880833333334,368.18640373134326,747.6358037735849,369.84222689393937,370.20624182509505,377.5976593869732,2.753035142857143,2.9596975000000003,2.9694244285714286,2.7565772857142856,2.8910865454545456,15.319818000000001,15.357797999999999,15.344,15.344636666666666,171.2758004878049,15.330095,385.5145992537313,377.0944875471698,377.3967846441948,375.1257091254753,14.270843333333334,14.310802999999998,14.278609,14.25,14.25,194.5089186440678,89.67434502463054,95.10680069892473,191.57236043956044
2021-08-10 20:00:00,184.20536274509803,183.89613290598288,184.5125427927928,183.86716060606062,184.20763333333332,670.7710371841156,674.6848449367088,671.7544887323944,74.89604487179487,868.7959134615385,872.8932570247933,2.7141825,348.7012488549618,706.9061988721804,350.70003058823534,350.6077893129771,356.3428547169811,2.5559453333333333,2.746033,2.739262,2.5563266666666666,2.7157080000000002,15.3627325,15.4318925,15.4190175,15.426169999999999,161.15690938967137,15.382783333333334,364.20703816793895,356.5264057692308,356.2433421455939,354.42052905660375,14.473821428571428,14.523953333333333,14.479488571428572,14.5,14.5,183.8020051282051,81.61784048648649,87.21619213333332,184.0090669090909
2021-08-10 21:00:00,173.18237808988764,174.04651927710842,174.85991625,174.4491044534413,170.644925,601.3803637010676,600.0615722222223,594.6917163120568,69.56422539772727,807.3612540697675,800.1177589041096,2.4969485000000002,324.9062939163498,661.8169488636363,327.69072651515154,326.98417574626865,333.91663132075473,2.3008849999999996,2.529498333333333,2.5185636666666666,2.388427,2.4961855,14.547008,14.603294,14.574688,14.573924,143.46512211055276,14.59741,338.7249788104089,333.6530220149254,333.60130965250966,331.5901935606061,13.690368333333334,13.775884285714286,13.688585000000002,14.1,14.1,172.57079350649352,76.11068720930233,66.06942421052631,174.19038602941177
2021-08-10 22:00:00,163.77730377358492,163.59996506550218,164.46332342342342,163.75385208333333,163.875,546.5715892473117,547.5241108247423,547.4058440366972,64.46237596273292,747.7486074534162,746.0109074766356,2.2359120000000003,301.92544301886795,614.4839625468164,304.1740743396227,304.13002779922783,311.74008692307694,2.1368628333333333,2.2975064285714284,2.3126007142857143,2.131195714285714,2.2375646666666666,14.10028,14.146214285714285,14.133952857142857,14.133135714285714,133.05157935779815,14.159102,313.478758203125,310.70327142857144,310.4927473076923,309.1458333333333,13.486838181818182,13.454546666666666,13.468568,13.66,13.66,164.01282962962964,74.05790693989071,53.310050555555556,163.79709705882354
2021-08-10 23:00:00,166.9462766304348,166.86159831932773,167.95914159663866,167.21826058091287,171.480275,573.1109440140846,574.4953691542288,574.1597738805971,64.24640010869565,745.2364022346368,746.8678429752067,2.379145,299.7624731060606,609.8130904761905,301.9313902255639,301.7761448669201,308.74351018867924,2.2672088571428572,2.441802142857143,2.4540085714285715,2.268026,2.3892535,14.096328333333334,14.14022,14.161197999999999,14.160053999999999,135.74627466063347,14.1113725,311.2666903703704,307.8329881040892,307.81368664122135,306.3767670411985,13.31465857142857,13.323598571428573,13.319021428571428,13.35,13.35,167.7089381443299,74.84036280193236,61.25977792592592,166.98937636363638
2021-08-11 00:00:00,154.27386569343065,154.01030743801655,154.85878477366253,154.23088647540985,158.18442,571.6840814285714,572.5756393442623,571.3584029126214,64.29678209302325,745.8069284023668,745.855904494382,2.3738175999999998,298.68780447761196,608.6573402985074,300.6199318181818,300.81959135338343,309.2276574144487,2.2589258,2.4352304,2.4468264,2.2570183999999998,2.384994,13.655348571428572,13.704282857142857,13.7187225,13.72086625,137.54242736842104,13.70251,309.8455245210728,307.9418138996139,308.052021875,306.62679846743293,12.958346,12.973299,12.945274444444443,13.0,13.0,154.62142,75.70349724719101,64.89701504,154.19864686346864
2021-08-11 01:00:00,153.29200317460317,153.1867,153.96723377777778,153.34082541666666,151.8732,564.704204676259,564.0890550387597,563.1067078431373,63.72951301587302,739.256992670157,739.8809145833334,2.353143,294.4729019157088,600.7581328467153,296.24739578544063,296.6570629213483,305.83243636363636,2.2322245,2.4013323333333334,2.409724333333333,2.234132,2.344942,13.5255875,13.56948,13.553745,13.552317500000001,138.6789676056338,13.539442,305.1306957692307,304.4378442748092,304.5303057251909,303.2127422053232,12.778963333333332,12.792496,12.785169999999999,13.0,13.0,152.03968125,75.27888335329341,65.85109417391304,153.3542483018868
2021-08-11 02:00:00,152.71001118881117,152.54017800829877,153.35016371681417,152.68158050847458,152.21186666666668,559.0046509025271,559.4318954838709,557.7184089285714,63.424285,735.7080659685863,735.2986150943397,2.312074,293.9469554716981,599.5920570397111,296.0596527675277,296.0083837037037,304.971849270073,2.2004373333333334,2.3680196666666666,2.3832773333333335,2.2022176666666664,2.3144264999999997,13.454545999999999,13.493284,13.480318333333335,13.456885714285715,136.27598697916667,13.483858571428572,304.96274419475657,303.47293722627734,303.5397237918216,302.2322669117647,12.694102857142857,12.715464285714287,12.72309,13.0,13.0,151.94990882352943,75.17418056497176,62.88077384615385,152.73207527272726
2021-08-11 03:00:00,153.7069896,153.42115136363637,154.32013035714286,153.64950921052633,152.21186666666668,557.5879053763441,558.2714887218044,557.6481651162791,63.38113214285715,735.3011477777778,734.8065181818182,2.312074,294.18034015151517,599.3588936329588,296.4427909774436,296.4195059925094,303.810636802974,2.196369,2.36802,2.377937,2.19675,2.3144264999999997,13.334115714285714,13.386318571428571,13.372421428571428,13.369152857142856,135.6077093457944,13.3809025,305.66048479087453,302.952553030303,302.40620603773584,301.31937433962264,12.638738571428572,12.65247,12.643749999999999,12.8,12.8,153.54850000000002,75.08271896039604,62.542903103448275,153.6617258555133
2021-08-11 04:00:00,153.7596162601626,153.5183396551724,154.42297671232876,153.75968279069767,152.21186666666668,560.8185653571428,561.613893939394,560.5209390243903,63.631543731343285,738.1065224489795,737.3105305555556,2.312074,293.90348239700376,600.9577080291971,297.07036325757576,296.7483071698113,304.85159479553903,2.196369,2.36802,2.377937,2.19675,2.3144264999999997,13.365543333333333,13.399576666666666,13.360543999999999,13.370175,136.8574,13.367473333333335,306.1755368821293,303.7958686346863,303.5962203007519,302.3958037174721,12.58224,12.600242,12.58987,12.8,12.8,153.80939999999998,74.64679255555555,64.87659151515152,153.7452240740741
2021-08-11 05:00:00,158.72523379310343,158.75572401746726,159.65275535714287,159.04052844827586,154.9492,577.7243386281589,579.6353393333334,581.8068891891892,64.24382638888889,745.2189436781609,747.573268115942,2.3928135,295.71171226053644,605.1565884758364,298.8096248091603,298.6187857692308,307.5794015503876,2.2789515,2.448505,2.463,2.2812405,2.3956745,13.37482,13.4564775,13.457905,13.456,139.42784976958526,13.437978000000001,308.11089541984734,306.1478060836502,306.22605969581747,305.0498049429658,12.617485,12.636560000000001,12.624606666666667,12.8,12.8,159.25205,74.81498348066299,67.5622305511811,158.88990483271377
2021-08-11 06:00:00,163.73507960526317,163.6670743478261,164.37854912280704,163.80328838174273,161.87697500000002,581.886538768116,583.3225638418079,583.7838528735632,64.34746821621621,746.2965289617487,747.6782865168539,2.4284790000000003,296.37589692307694,606.3087963369964,299.49207374517374,299.4074748091603,308.2472057034221,2.3172870000000003,2.498665,2.5095359999999998,2.3184315,2.4322935,13.42355,13.464678000000001,13.442936,13.442934,140.0338343137255,13.44408,308.84364618320615,306.655872243346,306.7121793233083,305.67549540229885,12.646221666666667,12.662932857142858,12.64811,12.8,12.8,162.90231666666668,75.60457848167539,66.31650401515151,163.79958241758243
2021-08-11 07:00:00,155.65404999999998,155.32800723404256,156.20089870689657,155.55865,155.3611,558.145495390071,558.2103028985507,556.3840285714285,63.43965918238994,735.9557161290322,735.5250466666668,2.2724675000000003,294.8561255555556,603.0816913207547,297.84815408560314,297.83813157894735,306.8987082089552,2.1694765,2.334643,2.346659,2.1677600000000004,2.2745654999999996,13.307053333333334,13.35063,13.334096666666667,13.331553333333332,133.11840995260664,13.328375,306.92885229007635,305.1545984496124,305.60865789473684,304.33703484848485,12.567388333333334,12.585698333333333,12.56393,12.8,12.8,155.88055217391303,73.87204356382979,62.11382532110092,155.55920146520145
2021-08-11 08:00:00,153.9548630769231,153.7917928870293,154.5678385964912,153.9448747863248,155.3611,552.9118596428572,553.8980647058823,553.6358121212122,63.86542417647059,740.9068410714286,739.5917276595744,2.2724675000000003,298.0295285714286,608.5038766666667,300.515106614786,300.99062068965515,309.47114666666664,2.1694765,2.334643,2.346659,2.1677600000000004,2.2745654999999996,13.309867142857142,13.3637375,13.34326857142857,13.3444275,131.75716294416245,13.35301,310.0692735632184,307.9160324324324,308.2352398467433,306.92414671814674,12.626748571428573,12.641352857142858,12.622825714285714,12.8,12.8,154.26256666666666,73.5146599382716,61.25942533333333,153.94863197026024
2021-08-11 09:00:00,170.4759055944056,169.27879188034188,169.82363319148936,169.57634793388428,171.17512857142856,582.1820971326165,585.6749062499999,584.7434903225807,66.80222302325582,774.9562733727811,782.3811126436781,2.4810803,307.6460316981132,632.0395899253731,311.0538561068702,310.63073320754717,321.10612885375497,2.3378216666666667,2.5175465,2.529848166666667,2.343479916666667,2.4834453,14.058589999999999,14.109975714285714,14.088724285714287,14.087631428571429,141.58331400966182,14.17883875,320.212832183908,320.3857922178988,319.8246658823529,318.8103988372093,13.28567142857143,13.316184285714286,13.303544285714285,13.533333333333333,13.533333333333333,169.51161764705884,75.75490096774193,70.87174267241379,169.01793210332104
2021-08-11 10:00:00,187.24422222222222,187.09152067510547,187.83153247863248,187.30392946058092,189.6,615.9970003597123,617.8420167741936,616.7554342465753,69.75352202185792,809.1781464088398,813.107579,2.6102380000000003,321.6117923076923,658.1298462686567,324.0538540229885,323.88389494163425,335.1693505703422,2.461037857142857,2.645004,2.659499428571429,2.4638715714285717,2.6109373333333337,15.064792857142859,15.09717375,15.080485,15.102282857142857,149.46351666666666,15.12148875,335.137167953668,334.3828248091603,334.40642961538464,333.04859849624063,14.297122222222223,14.309157777777777,14.3191175,14.4,14.4,188.09052142857144,78.46550569832402,80.44859262773723,187.11421310861422
2021-08-11 11:00:00,212.960604,212.99928101265823,213.85241837606839,213.06703568281938,212.66666666666666,705.4595865454546,706.9574749999999,706.515969117647,78.80754092485549,914.0833511764706,914.2198026086957,2.895321375,363.3791360153257,742.9243566787004,366.29913822393826,365.99407220077217,377.24977578125,2.740396,2.949428666666667,2.956337111111111,2.741201222222222,2.8965135,16.584039999999998,16.804621666666666,16.604637142857143,16.60872285714286,170.10429402985076,16.624525714285713,380.7128611320755,376.70306617100374,376.5799217054264,374.7093239215687,15.700115714285715,15.721695714285715,15.703822857142857,15.9,15.9,213.3654,88.2783943956044,93.0348830625,213.20261412639405
2021-08-11 12:00:00,216.47997608695653,216.46281666666664,217.38748841201718,216.64451244635194,217.5,715.4991875457875,715.685969047619,713.5588394366198,81.32699061728395,943.5625012987014,944.4896486486487,2.9192095,380.16155486381325,774.5435910780669,382.90489536679536,383.1060440613027,391.8151681818182,2.76787075,2.960501,2.9742904,2.75747625,2.9166666666666665,17.482938333333333,17.546156,17.522506,17.528992,168.85494455445544,17.51574857142857,398.7741756756756,391.680048046875,391.5639603846154,389.3348874524715,16.629794999999998,16.653188333333333,16.669645714285714,15.9,15.9,216.58065000000002,87.93658947089948,91.40150024242425,216.64763134328356
2021-08-11 13:00:00,219.7517375,219.63976085106384,220.45893333333333,219.78717531914893,218.2885,736.1040946236559,737.4171685534592,736.3627321839081,83.30167780898877,966.3922948863636,966.8951083832336,3.0110428750000002,390.15469379562046,793.8910281021898,392.86497629629633,392.55821000000003,401.1269447368421,2.846607555555556,3.0598489,3.0733523,2.849405,3.0142375,17.492367777777776,17.55459,17.541874444444446,17.541874444444446,172.30949170506912,17.543867,408.98871698113203,400.9814201520913,400.9972588888889,398.80707110266155,16.576137,16.596582,16.581323,16.7,16.7,219.82770999999997,89.1465852910053,96.09995940789474,219.84422857142857
2021-08-11 14:00:00,209.00550567375888,210.58815021097047,211.05118744769877,210.81458291666667,211.625375,703.8116310714286,694.4948824324324,688.9353845070423,80.38123935672515,933.1012664670658,943.4726774058578,2.771065375,377.73150681818186,768.4938091240875,380.01769963099633,380.15591529850747,389.51281450381674,2.6371299,2.8400213,2.8521131,2.6443773,2.77130375,17.029269,17.091662,17.074497,17.073544,166.14613264248706,17.05304,396.0496044280443,388.9080182509506,389.50043511450383,387.1703104477612,16.118707,16.146169,16.129996,15.899999999999999,15.899999999999999,208.739055,89.39259692307692,89.68373972789115,210.49083949275362
2021-08-11 15:00:00,193.58932397260276,193.40293250000002,194.15894910714286,193.51030683760683,193.5088,647.735465,648.9539506666667,647.78255,75.7820382967033,879.0264661111111,878.7644297297297,2.771065375,354.41762686567165,721.9233682481752,356.8106061302682,356.972216091954,365.45738705882354,2.6371299,2.8400213,2.8521131,2.6443773,2.77130375,15.88849,15.939693333333333,15.921574999999999,15.926978333333333,157.3735582914573,15.918715,371.0048711026616,365.11347633587786,365.0186726923077,362.9757196911197,15.092308333333333,15.119010000000001,15.099176666666667,15.0,15.0,193.54782631578948,88.43919021505376,81.83749705882353,193.52955144927535
2021-08-11 16:00:00,203.24801097560973,201.70395123966944,201.88837800829876,201.81260041322312,213.10157727272727,693.4592107526881,698.8688553072626,714.3452528735631,78.84472368421052,914.587906626506,929.09954,3.0171565555555557,361.4507,737.7252293233082,364.52778435114504,364.4141926923077,373.7273505617978,2.8684772,3.076539090909091,3.083647727272727,2.8699646999999997,3.0201657777777777,17.183183333333336,17.224560909090908,17.225485833333334,17.211731818181818,177.91331066666666,17.202758333333332,379.07932384615384,373.5147764258555,374.29930943396226,371.66198098859314,16.28609727272727,16.333409166666666,16.301772727272727,16.425,16.425,212.31694482758618,88.41885575418993,73.45962438271606,201.3965610909091
2021-08-11 17:00:00,218.86967307692308,218.5412366255144,219.34395882352942,218.5109712446352,220.08211428571428,730.7582544802868,734.6087984496124,735.5687157142858,81.4745190340909,945.0548670454544,942.7583572580646,2.9975335555555556,367.40138587360593,750.0405545454545,370.0195512915129,370.01722952029525,380.1847755725191,2.8198255454545453,3.031037083333333,3.040764,2.8112602,2.9927527,17.036707999999997,17.08804,17.087656000000003,17.084226,193.15971228813558,17.05147285714286,384.67962537878793,379.942378313253,380.1478175572519,377.8684375,16.021666,16.04852,16.04486,15.8,15.8,219.90575714285714,98.5085354854369,24.680370555555555,218.67056977611938
2021-08-11 18:00:00,223.29517625,222.8810617647059,223.66975782608696,222.88676008403363,223.72059333333334,741.0767072463768,742.4124724137931,744.3497150000001,83.33832398809524,966.897226060606,969.4574123595506,3.0143632727272727,373.37159573643413,762.7387516605166,376.6130701149425,375.92445173745176,386.40835714285714,2.863365866666667,3.0810191333333337,3.09314925,2.866697266666667,3.022547,17.24503,17.34746875,17.27707142857143,17.280614285714286,203.49092669491523,17.310278750000002,391.89401312741313,386.17627120000003,386.2082900383142,383.6972396078432,16.285800000000002,16.30541857142857,16.294084285714288,16.35,16.35,221.66298749999999,100.92830869565216,25.507555714285715,222.8390186813187
2021-08-11 19:00:00,219.10090952380952,218.97982708333333,219.48037102040817,219.0403399176955,219.56353478260868,756.8938144927536,758.8981503311259,754.8385426666667,84.80392462857142,983.7866511627907,979.1174906976744,3.0254424,390.0665056390977,795.9460340659341,392.35761735849053,392.3472288973384,404.1483288389513,2.8628942727272726,3.0741647692307694,3.084693833333333,2.862342416666667,3.0278074,17.070815,17.13362,17.12297166666667,17.12154166666667,188.43281848739494,17.126505384615385,409.4904183206107,403.66006870229006,403.9447744360902,401.5294426966292,16.058259166666666,16.083815833333333,16.068558333333332,16.366666666666664,16.366666666666664,220.30573529411765,90.25331862559241,85.57916964071856,218.9828657992565
2021-08-11 20:00:00,209.84869337748344,209.3286279661017,210.12401405622492,209.5861450819672,210.76546666666664,721.8509164285714,722.8817157360406,721.7217899999999,79.11334089385475,917.7007202247191,916.4872226993865,2.9904763333333335,363.9146501886792,747.3748171532847,366.4057130769231,366.438475,381.26206409266405,2.809543833333333,3.0380574285714284,3.040605,2.829124666666667,2.9961346666666664,15.708127999999999,15.759462,15.7389575,15.744679999999999,169.73692863636364,15.74014875,381.892455859375,380.78093210332105,381.06775877862594,379.1280768939394,14.664327142857143,14.674354285714285,14.666505714285714,14.6,14.6,209.93974390243903,85.69438770408162,93.85556483695653,209.53003247232473
2021-08-11 21:00:00,207.67864415584415,207.6204808,208.4415489451477,207.8850273109244,206.97995,718.5734081850534,717.9069303664921,715.7768599999999,78.68482430107527,912.695673655914,909.4209629213483,2.895687,364.0934888888889,746.3071369565217,367.2797662962963,366.66093460076047,379.73628479087455,2.7504578,2.9546842,2.9689882499999998,2.77492725,2.8954326666666668,15.67933,15.7418175,15.7222675,15.72227,166.98343183856502,15.737843333333332,381.94312140221405,379.0499779026217,379.35897500000004,377.22123716475096,14.687213333333332,14.709081666666668,14.695278571428572,14.6,14.6,206.92014464285714,84.6946366497462,89.95048232432433,207.8504549815498
2021-08-11 22:00:00,203.34558552631577,203.0775974468085,203.8269156779661,203.21709166666668,203.47826666666666,675.624421299639,676.8230131736526,678.2075566265061,74.68741333333334,866.6567505555556,867.7601426573426,2.76803,345.6502530075188,706.8357478102189,348.31130895522386,348.3543928571429,359.01986113207545,2.622825666666667,2.821813666666667,2.843874,2.63379225,2.7703183333333334,15.602565,15.662826666666668,15.653923333333333,15.655833333333334,159.23114291845494,15.653926666666665,361.95493759398494,358.57497829457367,358.70540705882354,356.717491221374,14.719866,14.739396,14.726123333333334,14.6,14.6,203.389862,82.92835428571429,82.1436284180791,203.28790145985403
2021-08-11 23:00:00,200.26788994413405,200.13606583333333,200.76331700404856,200.37881916666666,199.68824999999998,671.3162508833923,672.3028094059406,673.2731078947369,75.73962784946237,878.5718179347826,879.3104901234567,2.7139915,352.4026243542435,720.9787764705882,355.0626486590038,355.1066787313433,366.25875490909095,2.5750495,2.770636,2.781317,2.57657525,2.71589875,15.393245,15.418446,15.400518,15.401664,158.06260663716816,15.410818,368.59802091254755,365.8248879245283,365.86683136531366,363.8189319852941,14.498271666666668,14.544659999999999,14.52599,14.6,14.6,200.65599736842105,83.09091056410256,81.63443833333334,200.41583345588234
2021-08-12 00:00:00,188.9781965034965,189.00568744588747,189.7183323275862,189.16438870292887,188.26315,632.5181167259786,631.7850958333333,629.6868557142857,71.51976212765958,829.3568570652174,823.8210760683761,2.5900214999999998,331.9264055350554,677.493621641791,334.6084637735849,334.4594434456929,343.24165498154986,2.4614735000000003,2.641898,2.6542945,2.462809,2.5928825,15.060815999999999,15.115575999999999,15.097649999999998,15.096124,151.65456634615384,15.097014999999999,346.1895855513308,342.93806728624537,342.5448550185874,340.6734442379182,14.250838000000002,14.27464,14.260908,14.3,14.3,188.9196243902439,81.43800323383084,71.38514925170068,189.15492757352942
2021-08-12 01:00:00,202.12892738853503,201.79806410256413,202.68556329113923,201.96454425531914,198.651825,669.040104710145,668.3333608433735,664.1598236842106,75.41585064516129,874.6605820652173,869.985334883721,2.6715555,351.2645341176471,717.0226643122677,353.48823911439115,354.0342404580153,364.4434804597701,2.5449344,2.7387855,2.7537253333333336,2.5483674,2.68652725,15.775329999999999,15.828755000000001,15.811591666666667,15.807139999999999,156.12331090047394,15.951545714285714,367.3149086792453,363.35752899628255,363.7091235741445,361.82657218045114,14.969921428571428,14.99782,14.979292857142857,14.9,14.9,201.55213999999998,81.22103691428572,77.41063333333334,202.14765777777777
2021-08-12 02:00:00,196.04867453416148,196.0824380753138,196.71822815126052,195.94431856540086,194.0,656.3827260869565,655.7881845714286,649.5757571428571,74.23822740196078,861.0668742574258,854.1975605042016,2.688858222222222,347.92750187265915,708.6924944444444,350.2294532075472,350.7144282442748,359.6170846153846,2.539022,2.7299742,2.740006,2.5391747,2.686612222222222,15.7704025,15.8328875,15.81477,15.815244999999999,151.6699608040201,15.682625714285715,363.5970054263566,358.63008875968995,359.135968164794,356.97836090225564,14.942674285714286,14.960114285714285,14.933081428571429,14.7,14.7,196.69281333333336,80.10487748603352,73.33113455172413,196.22230037037036
2021-08-12 03:00:00,167.4751850340136,167.08217215189873,168.0135173160173,167.35719071729957,170.0,584.7336356115107,585.314163372093,584.2202457446808,67.08237302857142,778.1032430232558,778.9973463917526,2.38928525,313.9118513307985,640.6543527075812,316.68053609022553,316.64539310344827,324.2474071428571,2.2712275,2.447742,2.4607112,2.27208575,2.3910015000000002,14.514204000000001,14.563624999999998,14.551123333333331,14.54913,137.7006995169082,14.529294444444442,327.3173931034483,323.925168164794,323.68045740740746,322.0543823308271,13.785473,13.810191,13.799968000000002,13.766666666666666,13.766666666666666,167.74079090909092,78.07985117318435,62.9373931496063,167.28103911439115
2021-08-12 04:00:00,164.84160986842105,164.683325,165.59027407407407,164.87329356223177,164.3419,574.3682996389891,574.4563798882681,572.657346835443,66.25596438271604,768.55055477707,768.0514615384616,2.3406826666666665,311.0986845283019,633.9861951492537,314.0897402298851,313.8507380228137,320.01083464566926,2.228919,2.3890945,2.409724333333333,2.229809,2.3436066666666666,14.541986666666666,14.590641666666668,14.568076666666668,14.57062,134.18968653846153,14.564105,324.04850576923076,319.87260674603175,319.47038841698844,317.90648977272724,13.849175,13.870917500000001,13.86233625,13.766666666666666,13.766666666666666,164.96532,76.42071853107345,63.60787623853211,164.87765811320756
2021-08-12 05:00:00,169.91189527027026,169.7856834024896,170.58793333333332,169.8408406113537,165.5503,580.0448436823104,580.5995898809524,581.3386486842105,66.08783624242425,766.5033128834356,766.3745926470589,2.3406826666666665,309.4425108949417,631.3949377862596,312.4280731060606,312.3843620155039,319.6897589353612,2.228919,2.3890945,2.458041,2.229809,2.3436066666666666,14.518398,14.551229999999999,14.555232,14.53597,135.3469592039801,14.52381125,322.725636,318.9736338403042,318.977068992248,317.4483670454546,13.807271428571429,13.819477142857142,13.811414285714287,13.8,13.8,169.6529705882353,77.10472057803469,63.840953949579834,169.89493650190116
2021-08-12 06:00:00,173.15944171779142,172.89848025210085,173.73415652173912,173.10390386266096,173.7621,591.8458569892473,592.1838676767676,591.0108823008849,66.5623934883721,772.1049187134503,772.1543081818181,2.4416385,311.251175862069,634.646095505618,313.5050740310077,313.95826387832705,321.7900520912548,2.3241535,2.507248,2.51316,2.3327355,2.4444995,14.52531857142857,14.570981428571429,14.554361428571427,14.55327142857143,137.1029415,14.563865,324.2275670634921,321.1672187739464,321.09609405204463,319.465844015444,13.8138925,13.82838625,13.81751625,13.8,13.8,171.79616976744185,78.09661312883435,63.110699901960785,173.1209531598513
2021-08-12 07:00:00,166.79570794701988,166.21039067796607,167.09184588744588,166.36282839506174,166.60313333333332,575.3029014545455,578.0045112426036,578.2182440476191,66.04462961325967,766.1801931428572,768.6754060240964,2.292875,309.28667892720307,629.4694835766423,311.7073164179105,311.73434732824427,318.96381615384615,2.178059,2.422693666666667,2.4362983333333332,2.244685,2.293638,14.42342,14.4701725,14.4491925,14.455865,135.73598826530613,14.475891999999998,321.830337007874,317.8768018726592,318.25603333333333,316.77762840466926,13.73169,13.751145,13.7377925,13.7,13.7,166.87678947368423,77.50393106508875,63.65741942622951,166.2743358974359
2021-08-12 08:00:00,206.81145136986302,207.27809442060087,208.86004285714284,208.13731476793248,208.717325,704.679445323741,704.8849511494252,700.721062,78.22843373626374,908.4453675977654,903.0043514084507,2.788331,365.11736479400747,742.0929369402985,367.53759962121217,367.3367597744361,375.433220703125,2.625912,2.8359155454545455,2.8496476363636365,2.6554393999999997,2.790535,15.4938525,15.55157,15.5363125,15.532025,163.06011938325992,16.03192142857143,382.26891749049435,373.5208606060606,374.129646743295,371.82640570342204,15.112254285714286,15.13623,15.119882857142857,14.95,14.95,191.30180000000001,85.92171324742267,93.28114525714285,208.1933856617647
2021-08-12 09:00:00,225.94371870967743,225.80269037656905,226.52980387931035,225.97994782608694,208.717325,745.8215358422939,746.604786419753,745.4248453488372,82.90511176136364,961.6432224137931,960.0770563492064,3.006179,387.67305563909775,789.0802571955719,390.47647564575647,390.0611620300752,398.72667203065134,2.848261,3.0592,3.07484,2.851694,3.00885,16.77694333333333,16.834503333333334,16.821790000000004,16.821153333333335,172.6850600896861,16.833233999999997,406.98256765799255,398.6630272727273,398.52719011406845,395.99584402985073,15.758315,15.750685,15.77548,14.95,14.95,225.981725,88.42734912195122,99.8852710982659,225.97154448529412
2021-08-12 10:00:00,239.84189533333333,240.09884096385542,240.92486666666665,240.7137730612245,245.58700714285715,785.9257960573476,785.1134588607595,778.1346414285714,87.0285607253886,1009.7199989473685,1004.4961151785714,3.175414333333334,407.2853953488372,827.5541982014388,409.93384794007494,409.8108448275862,417.7192778195489,3.024298125,3.242548888888889,3.2536959999999997,3.021103625,3.178084666666667,17.251843333333333,17.31449,17.295418333333334,17.296053333333333,182.6891692307692,17.234022857142858,427.44347827715353,417.89516730038025,417.5595477443609,415.0830237735849,16.089411428571427,16.11077142857143,16.098131428571428,16.0,16.0,240.53447647058823,92.63142279792747,105.03690529761904,240.46309338235295
2021-08-12 11:00:00,252.08748364779873,251.83319958333334,252.60398076923076,252.0176743697479,252.19337272727273,812.4302143884892,813.6270809523809,812.9966915254237,89.66740196629213,1040.1302768361581,1039.6526000000001,3.2192175,419.94082696629215,852.8754645522388,422.2914156862745,422.4851340740741,430.9478220149254,3.04632675,3.2719203333333335,3.2824736666666667,3.0547756,3.224748,17.8960125,17.9556375,17.9432425,17.942765,186.92998173913043,17.94006333333333,441.2232011235955,430.4319182835821,430.6432962264151,428.1960284090909,16.7691475,16.796995,16.7836425,16.8,16.8,251.95757857142854,94.65569452631578,106.45664419889503,252.01380441176468
2021-08-12 12:00:00,251.736725,251.71786111111112,252.48871459227468,251.8645928888889,251.85367000000002,810.0668731884058,811.1641828358208,809.690762,89.49169311827957,1038.0825846994537,1037.5179382716049,3.1785935,419.978626119403,851.6411984790874,422.56896766917293,422.3435516728624,429.27630265151515,3.01775,3.2688435999999994,3.2743361999999996,3.0196573333333334,3.2145763333333335,17.9293875,17.990445,17.97662,17.97662,186.5709889380531,17.945692857142856,441.0140196226415,429.19419999999997,428.94037306273066,426.3574019083969,16.7645725,16.79341,16.778758,16.8,16.8,251.91143333333332,94.93709603773584,107.0431155080214,251.8611157894737
2021-08-12 13:00:00,249.39109310344827,249.49177939914165,250.18731206896553,249.52852320675106,247.56976666666665,808.5531194139194,808.7255969387755,805.713052631579,89.34993822580645,1036.3918703296704,1033.7313484848485,3.185840666666666,420.1346468401487,850.8751939393939,422.52962538461543,421.9182635338346,428.9642939163498,3.008214,3.2361913333333328,3.246109333333333,3.013427,3.204532,17.868516666666668,17.89556,17.917813333333335,17.914633333333335,185.86447456896553,17.8981,440.55259961977185,428.8218964285714,428.57656045627374,426.1708755725191,16.782116666666667,16.805770000000003,16.7989,16.8,16.8,250.40790833333332,94.20888405529955,107.3382038095238,249.56967350746268
2021-08-12 14:00:00,243.2194829787234,242.8895777777778,243.7959623931624,243.11268706896553,243.2460875,792.9705177536232,794.9758036036036,794.7691839285715,86.90821137362637,1008.1095877094972,1007.9847951807228,3.166387,408.11736819923374,827.085957037037,410.202,409.8569238636364,417.3882799227799,2.977698333333333,3.199668,3.212669,2.9813853333333333,3.1663870000000003,17.8316425,17.8960375,17.880936666666667,17.87792,181.2663873873874,17.884116,427.09381647940074,416.9341885375494,417.23905355805243,414.8647200757576,16.75961,16.803095,16.78021,16.8,16.8,243.26470000000003,91.0035395754717,104.63276755319148,243.09433051470592
2021-08-12 15:00:00,240.91736643835617,240.80119043478263,241.68916502242152,240.90199788135592,241.19344,787.5702857651245,788.460053,786.4161038461539,86.30633532967033,1001.1192718232044,1001.1129253164557,3.14261,404.3169973180077,820.1010966789668,406.3172518939394,406.19554904942964,413.9567660583942,2.9742646666666666,3.1951226666666663,3.20929975,2.9745193333333333,3.1446446666666668,17.8674,17.9265525,17.914155,17.9146325,181.34200867579906,17.908435,423.48794071146244,413.8201490494297,413.3937608208955,411.04968884615386,16.761902499999998,16.809278,16.7714375,16.8,16.8,241.44644615384615,90.94688542713567,104.96191507537688,240.99458289962826
2021-08-12 16:00:00,238.78143237410075,238.66281478260868,239.58057905982906,238.8727676595745,238.9522,777.8663255395684,779.0307627450981,777.892756,84.31552766871165,978.0169689440993,978.2882614457832,3.098871,390.18275513307987,793.3654639097745,391.9065657894737,392.0450473076923,402.16201098039215,2.9333992,3.1521461666666664,3.1658148333333336,2.9307290000000004,3.10106425,17.720260000000003,17.8145025,17.8025825,17.74794,184.86001126126126,17.750612,408.73322377358494,401.27445132075474,401.27818498023714,399.3360606870229,16.6627225,16.64835666666667,16.667679999999997,16.8,16.8,239.319,93.38065277777778,106.49071657142858,238.87227725631772
2021-08-12 17:00:00,234.74244933333335,234.62520082304525,235.5266844827586,235.06068535564853,235.14614666666665,762.1135770609319,761.5201379844962,760.614427118644,82.87619152542374,961.3646477272728,956.5364104712041,3.0491134444444445,381.5613145522388,776.2015871794872,383.64535416666666,383.3306522556391,393.6219766666666,2.8782253333333334,3.0985277,3.1122216000000003,2.8830145555555555,3.049902875,17.404694285714285,17.466978571428573,17.45308,17.45172,183.96048407079647,17.4614275,399.4369583969466,392.78937701149425,392.7373052830188,390.90978969465647,16.386504285714285,16.40620125,16.379962857142857,16.35,16.35,234.87178571428572,94.58513096618357,103.22925572864321,235.00106875
2021-08-12 18:00:00,202.95138888888889,201.95845777777777,202.53212340425532,201.94181688311687,204.86833333333334,657.9432905109489,656.3839130434783,660.9310861111112,76.86315325842696,891.8588863636363,891.6487481343283,2.68938825,359.52654887218046,734.4932387453874,361.8820166666667,361.43663924528306,373.540870610687,2.5314058333333334,2.735352333333333,2.7455878333333334,2.535156833333333,2.69253525,15.953651666666666,16.01185,15.997545,15.995638333333334,157.67836330275227,15.886154285714285,376.0266433962264,372.6791186311787,372.58739545454546,370.73480492424244,15.085189999999999,15.104263333333334,15.090784999999999,14.75,14.75,203.72852777777777,86.5238595505618,79.39507361538462,202.20228302583027
2021-08-12 19:00:00,205.79546214285713,205.4832590909091,206.29039054054053,205.81399449152545,204.77063333333334,659.6068981884058,659.5371106382979,659.1408321428571,75.09465224719101,871.1572636363636,870.9928743589744,2.6911048,349.34636452830193,713.5551784386616,351.60710223880596,351.26392923076924,362.8581884615385,2.5472996,2.7406164,2.7526702,2.5496646,2.6924776,15.491945,15.5425125,15.5282075,15.5277325,157.40898724489796,15.516765,364.55747461538465,361.99841902985077,361.7494460076046,360.0012102661597,14.63114,14.647925,14.63381,14.7,14.7,205.19310625,86.94835213903744,78.81991568181819,205.6791698181818
2021-08-12 20:00:00,211.0304669117647,210.65061548117154,211.5246485106383,210.94361173913046,210.79167272727273,685.003480866426,685.7759606060606,686.5190977272728,76.84510355932203,891.29902,892.0323453874539,2.7813167500000002,356.76492696629214,727.5033117870723,359.04810651340995,358.80573696498055,369.28652243346005,2.6328194,2.8261365,2.8372623333333333,2.6351846,2.782270666666667,15.6799,15.749544,15.719406000000001,15.719026,164.24789414634145,15.716356,372.7480244360902,368.4875402298851,368.3214748120301,366.7228064638783,14.77052,14.771438,14.758923333333334,14.6,14.6,211.3705,87.99560233333334,88.32085229629631,210.9166197080292
2021-08-12 21:00:00,211.19609694656486,210.90598571428572,211.80556033057852,211.12421171548118,212.2361923076923,690.5011838129496,692.4756879432624,692.0290011764706,77.30309069767442,896.8368455621302,896.2339063432836,2.8071404,358.5609823970038,729.7983195652174,360.5670841509434,360.4930150943396,370.3022141221374,2.654703714285714,2.858263,2.868143375,2.6572649999999998,2.8078273333333335,15.647543333333333,15.709872857142857,15.682216666666667,15.692977142857144,166.49789049999998,15.71869125,374.48082490421456,369.22520488721807,369.23677773584905,367.52442045454546,14.688485,14.713406666666666,14.715551428571429,14.65,14.65,211.47785454545456,88.97407356321838,91.43842406896552,211.13020074906368
2021-08-12 22:00:00,219.3627986666667,219.1568218106996,219.98402186234816,219.28100082304525,219.77177500000002,719.1266395683454,720.1990286585366,716.7181822916667,81.07183071005917,940.3364688622754,938.3678986842104,2.8934891428571428,377.93150153256704,768.1246237226277,379.48285384615383,379.8462232558139,389.79526168582373,2.7420005714285716,2.948635285714286,2.961223142857143,2.744834428571429,2.8817325,16.24715666666667,16.309167777777777,16.292215555555558,16.305774444444445,172.0311131455399,16.282995,395.49545525291825,388.4424962121212,388.8680723880597,387.0339467924528,15.210896666666665,15.222425555555557,15.21004888888889,15.5,15.5,219.4957642857143,90.3723329842932,93.87551621951219,219.24750772058823
2021-08-12 23:00:00,201.5473715116279,205.16075102040816,205.77261631799163,205.45926572580643,205.10890666666668,668.8978395683454,651.656397037037,648.0274510638297,76.79635329411765,890.2693321637427,897.2458344,2.5740005,357.92269135338347,731.3236059925094,359.6900156862745,359.94000714285716,372.01536000000004,2.4739345,2.6832034285714284,2.698352285714286,2.476350333333333,2.5881141666666667,15.878001666666668,15.822127142857143,15.923481666666667,15.924116666666668,161.5964324074074,15.762848888888888,374.04465338345864,371.2711815384615,371.7149883018868,369.63397245283016,14.798025,14.816715,14.81309125,14.6,14.6,197.86775714285713,85.44930038251367,87.08360959183673,205.34763956043955
2021-08-13 00:00:00,171.63725187165775,171.13454125,172.0649248995984,171.23197235772358,177.44225,581.8816039426523,583.8291076530612,583.8275992125984,66.63016212290503,772.5099445086705,773.8334568965518,2.365349,309.1423044609665,630.7970490494297,311.2161957692308,311.0023973282443,320.9794604651163,2.276472,2.4451481999999998,2.4665280000000003,2.2706233333333334,2.3931950000000004,14.25749,14.3037625,14.2885075,14.288985,142.0742124401914,14.2985225,321.022080608365,319.901956640625,319.6419739130435,318.4368920318725,13.5177,13.538295,13.5260925,13.6,13.6,172.5611254237288,82.44892989247312,61.235833761467894,171.3961784671533
2021-08-13 01:00:00,162.73407066666667,162.36771078838174,163.36418478260867,162.5792594017094,164.232,561.0869382978724,562.2025189655172,561.3832857142858,65.79338402439025,763.2453962732919,763.096274074074,2.3334985,307.4132664150943,627.4314219330855,309.3259731060606,309.4492596226415,319.4390914396887,2.215441,2.3902706666666664,2.4031126666666665,2.2167760000000003,2.340174,13.852733333333333,13.89673,13.9254175,13.883802222222222,136.4652033492823,13.88888888888889,318.82633097014923,317.82981782945734,318.02799568627455,316.86151153846157,13.158038888888889,13.182281111111111,13.17210888888889,13.35,13.35,162.52184864864864,76.12553845714287,56.09491356321839,162.6533338181818
2021-08-13 02:00:00,154.29604161073826,154.14654117647058,155.06559780701753,154.3881747826087,155.9653,533.2025243727599,535.2066053254438,535.9658000000001,64.37676195266272,746.8961071856288,747.6761564516129,2.199115,302.38428125,615.654162408759,304.18855823754785,304.3267924528302,313.37933764705883,2.1058132,2.2657156,2.2792186,2.106805,2.199115,13.654804285714286,13.702101428571428,13.668655,13.678941428571429,130.71695528846155,13.6638875,313.50926563706565,311.5384289473684,311.85833992248064,310.7177365758755,13.020837142857143,13.036748571428571,13.023015714285716,13.025,13.025,155.34992592592593,74.25172742857143,53.696919306930695,154.34261845018452
2021-08-13 03:00:00,152.28391510791366,151.89786033755274,152.7934394736842,152.14129745762713,151.13164999999998,530.0603952554744,530.5058407185628,529.3911871428571,64.12870744791667,743.978470157068,741.8621974025974,2.2059045,301.15527499999996,613.9181512915129,302.89832737642587,303.259938697318,312.77296475095784,2.1015156666666663,2.25940275,2.27160875,2.1016744999999997,2.208766,13.640498333333333,13.687570000000001,13.688205000000002,13.688839999999999,130.06707452830187,13.6860575,312.23724714828893,311.1441988372093,311.3577279069767,310.19545670498087,13.071188571428573,13.092768571428573,13.079905714285713,13.066666666666668,13.066666666666668,152.03072631578948,74.04962274853801,54.139913442622955,152.1034
2021-08-13 04:00:00,149.73207557251908,149.4863779735683,150.3021152466368,149.70764389140274,151.13164999999998,527.7935891696751,528.286723611111,527.171682,64.4525939884393,747.5990295857988,745.624020338983,2.23108,301.782198467433,617.1626645522388,304.0500459770115,303.9049958174905,314.1900958490566,2.12961525,2.292239,2.304826333333333,2.131014,2.233114666666667,13.555945000000001,13.59952,13.582036666666667,13.58458,130.3173473933649,13.57377,313.16311478599226,312.9387694656488,312.96313811320755,311.71311570881227,12.90509888888889,12.99702375,12.98882375,13.0,13.0,150.11545,75.13515257309942,54.4611747008547,149.74058634686347
2021-08-13 05:00:00,153.26959795918367,153.1200949790795,153.9871448888889,153.37115744680852,152.32635,545.3324956521739,546.2381699453551,545.3717265060242,65.00336488764044,754.0819465517242,753.9020356164383,2.255493,303.9326741573034,621.8314881918819,306.4446804597701,305.9751216730038,316.8551045112782,2.146399,2.298215,2.311565,2.146399,2.257019,13.529245000000001,13.571863333333333,13.552158333333333,13.554696666666667,132.23939174757282,13.548025,315.2203462686567,315.3545602230483,315.4156456273764,314.1536616541353,12.842793333333333,12.861101666666665,12.853473333333334,13.0,13.0,152.15328666666667,74.16697544378698,52.37621981308411,153.35687269372696
2021-08-13 06:00:00,153.7458689873418,153.53676444444443,154.45278565217393,153.73839653679656,152.32635,551.116875179856,551.9171885057472,551.1482651685393,65.205052513089,756.45213172043,756.7367534246575,2.255493,304.48385076335876,622.1219565055762,306.6538328301887,306.5157578358209,316.9739634920635,2.16509,2.336741,2.3420810000000003,2.16509,2.257019,13.546091111111112,13.590725555555556,13.573772222222223,13.573346666666668,133.46387832512315,13.580765555555555,315.81725714285716,315.4250671641791,315.3797984555984,314.19889465648856,12.86034,12.877462222222222,12.866951111111112,12.8,12.8,152.15328666666667,74.15421406593407,54.67323858333334,153.74316222222222
2021-08-13 07:00:00,153.69165855263157,153.5328594827586,154.40217356828194,153.729739748954,152.32635,551.0839832142857,551.9736323353294,551.4298632352941,64.8053654494382,751.8824714285714,750.7366985915493,2.255493,303.1412203703704,617.6768838235295,305.0580626459144,305.02780711610484,314.55642894736843,2.161276,2.316334,2.341318,2.168142,2.260833,13.591865714285715,13.633985714285714,13.618728571428573,13.616002857142858,133.27439409090908,13.594035,313.934872556391,312.6837660231661,312.88207593984964,311.71313382899626,12.86886,12.89727625,12.8858325,12.8,12.8,153.51186666666666,74.75237292553192,50.2179536440678,153.72228467153286
2021-08-13 08:00:00,152.14392848101264,151.98206497890297,152.78583432203388,152.19134098360655,152.099775,550.4447522058824,550.5889181818181,549.4265425287356,64.12918740112994,743.8459142045455,745.36516125,2.242619,298.97309581749045,609.5480865671642,300.84828404669264,300.8186529411765,310.4853057251908,2.131332,2.29201625,2.3097535000000002,2.1315227500000002,2.244717,13.636002857142858,13.678124285714286,13.666137142857142,13.672947142857144,135.05098525345622,13.663682857142858,309.5756172413793,308.6075683397683,308.6581638132296,307.5608988721804,12.945638571428573,12.963075714285713,12.952612857142856,12.95,12.95,151.83655625,77.01499915841583,46.73011367521368,152.14534259259258
2021-08-13 09:00:00,150.18061610738255,150.14233739837397,150.88761120331952,150.26561350210972,150.37635,546.3057845323741,546.7156559748428,545.4761232876712,64.10724440191387,743.7391845410629,743.9613068965517,2.2179205,298.1517449612403,607.6507444852941,300.187780597015,300.0713858778626,309.52172260536395,2.107492,2.258163,2.269988,2.094904,2.2209719999999997,13.44692,13.491123333333334,13.472053333333335,13.540395,135.19372718894007,13.580763333333332,308.67902932330827,307.49241268656715,307.8434291828794,306.7158373076923,12.812937999999999,12.832774,12.86207,13.05,13.05,151.0346,78.14377904761905,42.86003431372549,150.31170777777777
2021-08-13 10:00:00,151.6673787671233,151.58267119341562,152.28115625,151.6380399122807,152.1547,547.6675306049822,548.5035392857143,546.9398253333334,64.12892336734694,743.9986766839379,742.99883875,2.2135335,297.8117199233717,608.5325292592593,300.07867201492536,299.8533589147287,309.5756249056604,2.1241988,2.2856271666666665,2.297896833333333,2.1206515,2.216776,13.530619999999999,13.572712222222222,13.558726666666667,13.54253875,134.91211481481483,13.559785555555557,308.52738262548263,308.4023113636364,308.07612765151515,306.90662818532815,12.820161111111112,12.83813,12.827618888888889,12.9,12.9,151.72587272727273,75.23536239583333,44.85841132743363,151.66206940298508
2021-08-13 11:00:00,151.06350731707317,150.94546144578314,151.70352103174605,151.10727428571428,152.12035,559.156761231884,559.6926611111111,558.51818,64.61515063157894,749.5710679144385,748.3416638655461,2.2375647499999998,300.64153846153846,613.6542775735295,302.5883922509225,302.6753318181818,312.3088635338346,2.1255721999999997,2.2902044999999998,2.3047945,2.1312176000000003,2.229554333333333,13.460265714285713,13.502661428571429,13.484677142857143,13.493395714285715,135.4978678414097,13.498965555555555,311.5112917293233,310.99945692307693,310.9154412878788,309.6590855513308,12.737449999999999,12.75309,12.741837499999999,12.8,12.8,153.04192222222224,74.44949442211055,47.66235169354839,151.1044616788321
2021-08-13 12:00:00,150.52336573033708,150.47508713692946,151.12431567796608,150.59340578512396,151.1591,545.7339395104894,545.6179025773196,546.0108365079365,63.88639852459016,741.1649727777778,740.5455234234234,2.213025333333333,297.72215223880596,608.3990007220217,299.93143295880145,299.8030793233083,309.5191073076923,2.111815,2.271513666666667,2.2806683333333333,2.1081273333333335,2.2146779999999997,13.402097000000001,13.450147272727271,13.435757272727272,13.436971818181819,132.12592352941175,13.425874545454546,308.25546226415094,308.4388243445693,308.31049409594095,307.0508278810409,12.7085225,12.723941818181817,12.712430909090909,12.9,12.9,151.849004,73.58956439790576,44.234807734375,150.6218795774648
2021-08-13 13:00:00,153.3125352112676,153.17634914529913,153.93981845493565,153.3373063559322,152.40875,550.3672455197133,550.291400609756,549.0966,63.19487465608466,733.2034459016394,732.5135246376811,2.2092104999999997,292.0034464419475,596.7747239700375,294.1668641509434,294.13378030888026,303.4720641434263,2.108318166666667,2.2754914285714287,2.289114571428571,2.108064,2.2105455,13.4001875,13.443605,13.4245275,13.40117,136.75403613861386,13.399258333333334,301.98718803088803,302.6302885931559,302.1370930501931,301.0322657480315,12.675211666666668,12.688941666666667,12.685128333333333,12.8,12.8,152.33846470588236,77.44963443298968,45.88874117647059,153.40023496240602
2021-08-13 14:00:00,159.41855736842106,159.50569919354837,160.25749870689654,159.89211653225806,166.94768800000003,551.5099971731449,552.5263626262627,551.8847558139535,63.71726459893048,739.1902827027027,739.9851657894737,2.325234,296.69310299625465,604.9033422939068,298.9800793357934,298.739637593985,306.612622846442,2.1897994444444446,2.3585213,2.367595777777778,2.1914522222222224,2.3251701666666666,13.6655325,13.707755,13.6932125,13.716814444444445,134.84935529953916,13.673583333333333,306.501707518797,306.14020221402217,305.68096327272724,304.35319377431904,12.949514444444445,12.966804444444444,12.955108888888889,12.975,12.975,162.00371355932205,77.19451040816327,47.027500891089105,159.69518708487084
2021-08-13 15:00:00,163.51150625,163.20616837606838,163.98964248927038,163.40519872340425,163.2708,572.2109151624549,572.8766838150289,572.9594897727274,64.6873224590164,750.3539275280898,749.0544779069768,2.3291123333333332,300.23070708955225,612.6725442857143,302.10460802919704,302.0788690839695,311.47558007518796,2.2369546,2.3961195,2.4208116,2.2384806,2.331782,13.775505714285714,13.783294285714287,13.77158,13.77076,137.2959187214612,13.771698888888888,311.02559621212123,310.61378174904945,310.78035152671754,309.3460071428571,13.000203333333333,13.021054444444445,13.0158,13.3,13.3,163.1399411764706,77.4224534502924,46.661154878048784,163.41412554744525
2021-08-13 16:00:00,171.71549668874172,171.528344017094,172.2205790123457,171.76168016528925,173.84445,606.9283629496402,607.0661297752808,604.1091195652174,67.30090264516129,781.0650873333333,781.1115801587301,2.398153666666667,310.703777689243,635.1006809523809,312.6570509505703,312.01141653543306,323.3934020242915,2.32129225,2.497425,2.5019072500000004,2.323009,2.399934,14.1931175,14.237965,14.2289075,14.2231875,144.87144225352114,14.201634000000002,322.23939418604647,322.8856237547893,322.85943187250996,321.43617944664027,13.407079999999999,13.432713999999999,13.418064000000001,13.3,13.3,171.50510512820512,79.43533692737431,52.896899473684215,171.69337094339625
2021-08-13 17:00:00,172.63277797619048,172.59391193415638,173.25601600000002,172.78246495726495,173.18535,608.6476563636364,609.600425,608.7101446601941,67.74457005780347,785.9648018181817,786.4756509259258,2.460457,313.32210185873606,640.6623823970037,315.022465917603,315.2470743295019,326.12320078125,2.3409366666666664,2.5483485,2.549779,2.344497,2.4629996666666667,14.257105999999999,14.330942499999999,14.321885,14.318545,144.22931609756097,14.303968571428571,325.7900868913858,325.404903515625,325.6479220930232,324.10106884615385,13.437341666666667,13.472178333333332,13.44497,13.3,13.3,172.9031575,78.3086547337278,53.72473112903226,172.8251929889299
2021-08-13 18:00:00,170.34472598870056,170.18477542372884,171.04366163793105,170.33953556485355,171.6611,596.1184348754449,596.522984065934,596.1236844444445,67.81999344827587,786.6946702380952,787.6101395833333,2.413412,315.7853969924812,647.0022827067669,317.41287709923665,317.6928661596958,329.813603125,2.303936,2.472345,2.4734895,2.324153,2.421041,14.129068333333334,14.17741,14.167236666666668,14.165648333333332,139.45012408376962,14.187901428571427,328.2826890196078,329.68068587360597,329.558865,327.80834846153846,13.358908571428572,13.38027,13.368934285714285,13.3,13.3,170.55009047619046,76.85882032467534,50.74953945205479,170.2951510948905
2021-08-13 19:00:00,168.9667534591195,168.88788333333332,169.64521086956523,168.94314854771784,168.612,602.3714256227757,603.8149938547486,606.746164,68.50506411042944,794.9549619354839,801.2486613207546,2.4440227500000002,318.5634301526718,653.1799045801527,320.3414171102662,320.4578762645914,333.7890367816092,2.3233265,2.4860499999999996,2.5105533333333336,2.3108571428571425,2.4655172,14.16276,14.20443,14.17741,14.158529999999999,141.13987591623038,14.21651,331.7204277992278,332.9819562992126,333.1918298507462,331.5715247058824,13.396906666666666,13.388554285714287,13.394618333333334,13.6,13.6,169.58692272727274,78.5217804516129,52.50201172413793,168.9480302583026
2021-08-13 20:00:00,193.5405113095238,193.81778916666664,194.45545085470084,193.9283640167364,190.96657857142856,701.0603071428571,699.0448314465409,697.655719266055,79.19447719512195,918.6826314814815,915.4614062937063,2.82165475,366.3800906614786,748.586025093633,368.57743046875,368.41474140625,380.2905578947369,2.7052604444444444,2.908486888888889,2.9209473333333333,2.709075111111111,2.8639542857142857,15.122895,15.1720325,15.1577275,15.158205,168.9115362790698,15.196826666666666,383.652703125,380.15741796875,380.20655873015875,377.94738069498067,14.107415,14.131065,14.11886,13.9,13.9,192.53555,86.96056927374302,91.8884709202454,193.91497435897435
2021-08-13 21:00:00,187.00232433862433,186.4625589958159,187.04248879668052,186.4193180327869,182.75201724137932,669.7007996428572,669.0955216080403,667.6697192307693,74.49511006134969,863.4855975,871.5069503067484,2.627294,344.36257022900764,702.7239714285714,346.034755,346.566071875,356.9618719230769,2.453627,2.6914013333333333,2.67865975,2.480450875,2.6289832857142854,14.98867375,15.041625,15.02422375,15.02613,164.08265660377361,14.997658571428572,359.394165503876,356.9375323076923,357.0125603174603,355.5534374517374,14.033225,14.04657375,14.04161625,14.35,14.35,181.31472727272728,85.35938232804233,87.60038055944055,187.0032322222222
2021-08-13 22:00:00,155.81452795031055,155.97135569620255,156.86520655737704,156.200694017094,156.5604,591.1596723404256,590.8852455026455,589.4411629032259,67.2278633939394,779.8538791411042,782.16395,2.442837428571429,310.685308365019,635.9597756653992,312.8600435797665,313.0485612781955,324.28016168582377,2.3279199999999998,2.5014833333333333,2.531490555555555,2.3226910000000003,2.444417857142857,14.043880000000001,14.091014000000001,14.076517999999998,13.982873333333332,145.04531813953488,13.98931,323.14333208955225,323.41181183206106,323.3054169230769,321.69878199233716,13.178211666666668,13.199316666666666,13.186095,13.2,13.2,156.89374878048778,81.07451119170985,70.730484251497,156.15142572463768
2021-08-13 23:00:00,157.05296712328766,156.89388095238095,157.6385252918288,157.06902568093386,160.87226666666666,585.0902181159421,586.1349254310345,586.8655623595505,66.86568443850267,775.5511233695652,777.9197839378238,2.4324331333333333,309.49076846153844,633.6586652014652,311.83319215686276,311.77936349809886,322.920290530303,2.3234538333333337,2.4957345909090907,2.508599909090909,2.32236035,2.4355355714285714,13.617082222222223,13.66108111111111,13.645612222222221,13.668895,142.89349723502306,13.66126625,321.72193712121214,321.8108237037037,321.8565859315589,320.2874656603774,12.820987500000001,12.834062222222222,12.822024444444445,12.75,12.75,157.94441818181818,80.538297989418,66.71882537313432,157.06204852941178
2021-08-14 00:00:00,153.65145322580645,153.4960823275862,154.37232255319148,153.6934097457627,153.7682,557.9513338129497,558.7881842105263,559.0149,65.57955944751382,760.6003895604396,760.2234586956522,2.316715,305.4149847583643,625.4201934306569,307.6497086142322,307.641204494382,318.960879389313,2.204379,2.3720883333333336,2.3797173333333332,2.2056503333333333,2.3163335,13.556263333333334,13.603013333333331,13.58267,13.565506666666666,135.01203014354067,13.587597500000001,316.70534531835204,317.74533501945524,317.6797833333334,316.2313580152672,12.833386666666668,12.854746666666665,12.843556666666666,12.8,12.8,157.94441818181818,76.0530301724138,61.36476239583333,153.7032340740741
2021-08-14 01:00:00,151.94286428571428,151.84913029045643,152.77324549356223,151.98394716157208,151.2003,547.1990875457875,547.8251774566473,545.2304835443039,64.30732394594594,745.8803335164836,744.9694807692308,2.225549,305.8872102272727,626.6044930147059,308.30159291044777,308.19943954372627,319.19693117870725,2.106856,2.2936375,2.315094,2.1077456666666667,2.2263124999999997,13.457213999999999,13.504349999999999,13.490808333333334,13.473643333333333,119.06434485981308,13.450435,317.03269166666666,318.2294326996198,317.8250098113208,316.4638775280899,12.7277225,12.74660625,12.7384025,12.6,12.6,151.81823636363637,78.71657652941177,46.223082803738315,152.07342030075188
2021-08-14 02:00:00,149.68482700729928,149.5122769547325,150.31964273504272,149.73852869565215,151.2003,538.6285887719298,539.3644401515152,538.7160867924529,63.85462240641711,740.6469114754099,740.4106411764706,2.225549,307.31354068441067,629.2522140221403,309.54510957854404,309.44323018867925,320.976598490566,2.106856,2.250153,2.2574,2.1077456666666667,2.2263124999999997,13.248562000000002,13.292264,13.2867325,13.264800000000001,110.86356515837105,13.250494999999999,318.6308243445693,319.73068721804515,319.57385864661654,318.17397985074626,12.561357142857144,12.574437142857144,12.560705714285715,12.6,12.6,149.76942,76.88532970731707,43.39651141509434,149.74773579335795
2021-08-14 03:00:00,149.7523214953271,149.5461932735426,150.3531221719457,149.78917018348625,151.2003,538.9984431654676,539.9601,539.2384210526316,63.91326625641025,741.4345206185567,740.6567696969697,2.225549,306.1590431372549,624.9929221014493,308.1073043137255,308.2911563706563,318.4404264367816,2.106856,2.250153,2.2574,2.1077456666666667,2.2263124999999997,13.24729,13.287688333333334,13.289591999999999,13.277196666666667,115.79735205479452,13.275427142857142,317.50377882352944,316.9750102272728,316.936260546875,315.52736908396946,12.555907142857142,12.572909999999998,12.563537142857143,12.6,12.6,149.7584,78.89391219895289,48.85684691666667,149.77884440298507
2021-08-14 04:00:00,149.76055317460316,149.5408105263158,150.3584659192825,149.76702999999998,151.2003,536.9714100358423,537.6150807142858,536.513148,63.62529544444445,737.9950769662921,738.5053509433963,2.225549,305.69782023346306,623.2786863468635,307.7573396946565,307.92103091603053,317.44975984555987,2.106856,2.250153,2.2574,2.1077456666666667,2.2263124999999997,13.317541666666665,13.355075,13.334224,13.338863333333334,114.64421955555557,13.352258571428573,316.956032183908,315.46903270676694,315.74473843283585,314.5137285185185,12.631542857142858,12.651815714285714,12.643312857142858,12.6,12.6,149.7859,77.88352497354498,40.70887606741573,149.75902965779466
2021-08-14 05:00:00,149.70576764705882,149.48316824034336,150.2977393939394,149.72630701754386,151.2003,537.695856115108,538.6829538461539,537.59549,63.70967360215054,739.0586137362637,739.9403631578947,2.225549,306.4662268382353,624.2259410909091,308.5623130268199,308.5467653136531,317.07307296296295,2.106856,2.238709,2.252441,2.1077456666666667,2.2263124999999997,13.28442,13.331554,13.3286925,13.328215,114.61654669811321,13.296407142857143,317.6098906716418,315.615293129771,315.3561078651685,314.227249070632,12.585188333333333,12.597140000000001,12.587478333333332,12.6,12.6,149.950675,77.03057642045455,41.815602771084336,149.71774569288388
2021-08-14 06:00:00,151.305322147651,151.1993086419753,152.0333970588235,151.45413235294117,151.9922,553.037194265233,552.1971,549.6150952830188,64.41605854166666,747.1354417112299,745.4083380434782,2.20457,307.61046516853935,627.6014875,309.82665289575294,309.78834037037035,319.79783843137255,2.1011025,2.26398,2.2785705,2.10491675,2.206191,13.343544,13.373193333333333,13.34136142857143,13.34136142857143,119.63034581280789,13.354711428571429,319.3253391791045,317.68402808988765,318.0855596958175,316.8422784090909,12.602555714285714,12.62348,12.60081,12.6,12.6,152.01441428571428,79.62952755555555,44.933236754385966,151.5173512915129
2021-08-14 07:00:00,149.7694676923077,149.5034536796537,150.29578938053098,149.74176143497758,149.7584,535.6029053003534,536.2332964539007,534.6769730158729,63.385219,735.1283508474576,735.4267677966102,2.144492,304.80487519083965,621.6187394833948,306.85461511627904,306.94314696969695,316.30055325670503,2.048749,2.207431,2.219637,2.051038,2.146399,13.338204,13.381522,13.391822,13.389152000000001,113.33641359223301,13.366521666666666,316.5339206896552,314.7873570342206,314.63695131086143,313.462153515625,12.656393333333334,12.673941666666666,12.663005,12.8,12.8,152.01441428571428,75.82747479289941,45.67653164835165,149.78256981132077
2021-08-14 08:00:00,149.85981111111113,149.61016205357143,150.3759930735931,149.83234771784234,149.7584,505.2567049822064,506.5579807407407,510.463118,61.367103750000005,711.9961271604939,709.8740875,2.043981,296.1467695167286,605.3687760869565,298.73610268199235,298.37053676470583,308.1992064150943,1.9200739999999998,2.079773,2.0912163333333336,1.924143,2.0464599999999997,13.333915000000001,13.368745,13.3420425,13.35015,107.06700714285714,13.359018,307.20060624999996,306.7298567669173,306.57634473684215,305.4928680451128,12.69759,12.713152000000001,12.705828,12.8,12.8,149.7584,73.4901555952381,37.15040622641509,149.83219516728624
2021-08-14 09:00:00,149.7075213740458,149.5638341772152,150.28280762711864,149.71519369747898,149.7584,494.8600729241877,495.2752512820512,494.30845068493153,61.08915968911917,708.7842521276596,706.0583715909091,1.947284,294.8312985074627,603.3223232472325,297.210425095057,297.2334926199262,307.68737528957524,1.8564995,2.001068,2.016898,1.856881,1.957583,13.147796666666666,13.189146666666668,13.172935,13.171663333333333,104.80082237442922,13.168077142857143,305.63365858208954,306.13794942084945,305.9582099236641,304.827891954023,12.545882857142857,12.560268571428571,12.557652857142857,12.7,12.7,149.7584,71.5869819375,32.04500102564103,149.7502646616541
2021-08-14 10:00:00,149.78619185185187,149.6160294871795,150.3578977777778,149.77013690987124,149.7584,494.2825708029197,495.24806558441554,494.52937571428566,59.905850228571424,694.9558098265896,693.5134908163266,1.947284,288.7811158914729,589.7958944649446,290.7870687732342,291.21916550387596,300.68221389961394,1.8564995,2.0077435,2.0209029999999997,1.856881,1.957583,13.485907777777777,13.52948222222222,13.52842,13.508926666666667,104.54744976958526,13.528381,298.756879245283,298.9256906614786,299.26711015625,297.90753192307693,12.915012999999998,12.942477,12.922338,13.0,13.0,149.7859,71.31323277108433,32.88277181818182,149.81743536121675
2021-08-14 11:00:00,149.64633815789475,149.53424356846472,150.29213157894736,149.7253467811159,149.7584,497.001864084507,497.44840113636366,496.947318,60.33121508379889,700.0222863636363,699.1394384,1.965594,291.85367397769517,595.4868948148148,294.0904341085271,294.29456492537315,303.02757747035577,1.88453625,2.03263275,2.04703225,1.8854895,1.967119,13.405275000000001,13.458385,13.424243999999998,13.44567,104.54664796380091,13.399668571428572,301.9116390151515,301.35391007462687,301.53885938697323,300.5328313953488,12.792185714285713,12.838215,12.828806666666667,12.75,12.75,149.7584,71.26660190789474,32.43696095238096,149.7339143382353
2021-08-14 12:00:00,149.71688987341773,149.60896229508197,150.3037432900433,149.75461191489362,149.7584,496.1791898550724,496.135136,495.374693877551,60.72233264516129,704.392010967742,700.4332,1.956248,292.8154279069767,598.8960294339622,294.648286122449,295.1346558139535,305.0051123595506,1.878433,2.024527,2.0384495,1.879577,1.9610165,13.32921,13.374331428571427,13.35798142857143,13.357438571428572,104.16488545454546,13.377327142857142,302.0426151162791,303.85254404761906,304.03015859375,302.52108038461535,12.745761428571429,12.758840000000001,12.75252,12.799999999999999,12.799999999999999,149.7584,71.11949818181819,33.29936872340426,149.77299
2021-08-14 13:00:00,149.65033333333332,149.55970686695278,150.2576321585903,149.69822669491523,149.7584,494.0661770072993,494.8598622754491,493.80074,60.73096583815029,704.444206321839,702.5549723809524,1.952243,292.9205570881226,599.8964866920153,295.8422204633205,295.3409212355212,305.08978653846157,1.88034,2.0233825000000003,2.036161,1.862984,1.955676,13.311185,13.353485,13.303759999999999,13.301581428571428,103.7609872246696,13.30556625,302.75480000000005,304.04234251968506,303.99164651162795,302.65446381322954,12.67405,12.690178571428572,12.67949857142857,13.0,13.0,149.7584,71.61832875,32.91932431372549,149.70924943396227
2021-08-14 14:00:00,149.8342328244275,149.6714878787879,150.38125652173912,149.8261835443038,149.7584,497.01577985865725,497.9844522875817,497.497925,61.37429155279503,711.9232554140128,711.6939285714286,1.95415,297.1583226415094,607.2139007407408,299.0860234848485,299.58253307392994,309.2942173076923,1.89083,2.031584,2.038831,1.873665,1.95682,13.08311,13.180405,13.162285,13.16467,104.67482270742359,13.163716666666666,307.25997286821706,307.77502786259544,308.18010037453183,306.7879957364341,12.494354,12.510222,12.498628,12.55,12.55,149.7584,70.8808700613497,32.91622268292683,149.85236199261993
2021-08-14 15:00:00,150.30602275862068,150.15652445414847,150.92407824267784,150.3266591304348,150.45875,531.9585045454545,531.5556795698925,530.4240463414634,62.502162650602415,725.1816024691358,723.1506063291139,2.1340399999999997,299.7096931818182,614.397692936803,301.9055609195402,302.20915795454545,312.7397716475096,2.0386405,2.196495666666667,2.210037,2.045506666666667,2.1361764,13.527838571428571,13.569958571428572,13.556608571428571,13.55797,111.19090133333333,13.597230999999999,309.9942925093633,312.15307566539923,311.70242298850576,310.3259038022814,12.91486,12.928746,12.935002,13.0,13.0,151.65896,71.8137980625,37.06792431034483,150.35557598566308
2021-08-14 16:00:00,159.79788012048195,159.40292958333333,160.35331330472104,159.6527876033058,156.58325,543.3775727915195,545.2596129213483,544.882975,64.12963346153846,744.0006384180791,757.2007805309735,2.2380735,308.1136324427481,630.2472339416058,310.5360063670412,310.073930620155,321.01037328244274,2.1199158571428574,2.286104,2.29935925,2.1257055,2.239917,13.23500111111111,13.27815111111111,13.263953333333333,13.266706666666668,114.76071866028708,13.281538888888889,319.3133634615385,320.44702150943397,320.0652103846154,318.8563071698114,12.521785555555557,12.540093333333333,12.53043,12.625,12.625,161.6190912280702,73.61482452513967,39.1531429113924,159.27598763636362
2021-08-14 17:00:00,178.30843209876542,177.62756790123458,178.58493891213388,177.854829707113,191.32962727272727,590.4321042105264,591.4620313829787,592.8507886178861,69.29759294117648,804.3462758241759,810.8490275,2.481393888888889,317.0447313207547,649.3739571428572,318.40955075757574,319.1317207272727,332.08721604477614,2.3435189230769233,2.520598,2.5342214285714286,2.3461597692307694,2.485844222222222,13.206414,13.248398,13.230088,13.236191999999999,152.83911377777778,13.186604545454545,329.7134591078067,331.1920803088803,331.2867007633588,330.01588426966293,12.336231666666668,12.335215,12.322118333333334,11.7,11.7,175.281414,86.35179600000001,70.94007073619632,177.78648763636363
2021-08-14 18:00:00,202.97627285714285,202.8307852173913,203.52351791666666,203.0014806722689,191.32962727272727,698.9503989361702,700.0751207650272,698.6505701030927,80.05275781065089,928.5138824242425,927.912546969697,2.810497,368.2982173076923,756.2851383211679,370.72205703422054,370.16351647509583,386.15535862068964,2.652006,2.865235,2.8749615,2.667074,2.813168,15.326173333333335,15.381189999999998,15.367843333333333,15.371016666666668,172.69345662100457,15.362756666666668,385.548344488189,385.62338301158303,385.8942156488549,383.66843053435116,14.2989,14.3229325,14.3118725,14.2,14.2,202.2149375,91.72494597014925,95.05222031413612,202.98988138686133
2021-08-14 19:00:00,200.63781428571428,200.8641943478261,201.5152285087719,200.8906949790795,194.33333333333334,698.3984583333333,697.9263176136363,697.2235477477478,79.81173976744186,925.3774781818182,925.0458107594936,2.8074881111111107,369.5105894339623,759.020467032967,371.2774239543726,371.5076324427481,387.7669835249042,2.6722232,2.875689909090909,2.8862665454545455,2.6719562,2.812955777777778,15.27786,15.3293775,15.3145975,15.3141225,167.78078479262672,15.308083333333334,387.1002172413793,388.06969734848485,387.61986807692307,385.7870003846154,14.27416,14.287892857142856,14.286695,14.2,14.2,200.2924625,89.01988597087379,91.83100287356321,201.08660919117645
2021-08-14 20:00:00,163.18985853658538,162.47395420168067,163.37431476793247,162.7737889361702,170.19091875,562.638661732852,565.2261245989305,566.8232126213592,65.67541275675676,761.3770434065934,766.7688169642857,2.3222460000000003,304.8084439849624,623.9726188191883,307.3116501872659,307.3411696969697,317.44559619771866,2.2167125000000003,2.374776428571429,2.3966827142857143,2.2197638333333334,2.3385845,13.802296666666665,13.848731666666666,13.833155,13.829978333333335,138.30285172413792,13.900452857142856,317.20064,317.1087871212121,316.9190393939394,315.5332319391635,13.162082857142858,13.224639999999999,13.213741428571428,13.45,13.45,163.9304051724138,82.65456662857143,53.155501937984496,162.60287890909092
2021-08-14 21:00:00,163.06709390243904,162.88538033472804,163.6023778242678,162.9451286885246,165.5463714285714,558.3158767857143,559.4692835365853,558.7857819277109,64.96480708108109,753.591785945946,753.4514220930232,2.3286350000000002,302.1475681992337,616.3082759398496,303.8432023255814,304.49478358208955,313.20114867924525,2.2176534,2.3877783999999997,2.4001372,2.2195606,2.3265374999999997,13.754743999999999,13.80531,13.787764,13.78433,137.42612477477476,13.777846,314.0172762264151,312.5291618110236,312.67091875,311.21773333333334,13.038754,13.058894,13.048214000000002,13.15,13.15,163.0840475,81.05080675675676,54.78954086614173,162.97794052044608
2021-08-14 22:00:00,160.88355812499998,160.66073544303796,161.5626669456067,160.9802624472574,161.7786,559.7862796428572,560.0017824561403,558.3432509803921,65.15454554945055,755.7582840909091,755.7052263157894,2.3366457499999997,304.1552072519084,620.7775463503649,306.4446902621723,306.13609615384615,315.4237246268657,2.2278759999999997,2.3988402,2.3994887499999997,2.227113,2.3384572500000003,13.649083333333332,13.689476666666666,13.677396666666667,13.695835,135.03526756756756,13.729212500000001,315.862827131783,314.28717915057916,314.8922252830189,313.4219142857143,13.00122,12.992066666666666,12.93765,13.15,13.15,161.67387636363637,80.32699,53.04069240310078,160.93116581818182
2021-08-14 23:00:00,166.27259137931034,164.95342489959842,165.93088442622948,165.48273775933612,169.1558576923077,512.3072194244604,515.9519714285714,519.081620212766,61.10579341584158,709.1131025125628,708.3024008403362,2.131188875,293.8556996212121,599.7675981684981,295.9267553505535,295.89172379182156,304.63105149253727,1.96301875,2.1589021111111113,2.172379888888889,1.96578425,2.132857875,13.5837575,13.62932,13.6140625,13.624842222222222,108.56095086206896,13.632131999999999,304.72078943396224,304.02804942965776,303.97942,302.74358150943397,12.995334285714288,13.00827625,12.9987425,13.0,13.0,163.60970851063828,75.98691268817204,32.90191132075472,165.19544485294116
2021-08-15 00:00:00,155.96370431654677,155.7846142857143,156.62675315315315,155.97456176470587,155.99558888888888,476.90729523809523,477.49180291970805,476.1787209302326,58.52448675531915,678.9052518716577,677.7295882113822,1.8069115,283.7248416342412,578.1144235955056,285.9660850187266,285.7730307984791,292.3620430188679,1.723184,1.8760806666666667,1.889177,1.725473,1.8097729999999999,13.37117142857143,13.413020000000001,13.396125714285715,13.398577142857144,100.08950916666666,13.410022857142858,293.47554007633585,292.14526384615385,291.6393589552238,290.3437742424242,12.820742857142857,12.839924285714286,12.827281428571428,13.0,13.0,156.4564,73.53817092024539,28.246788125,155.92834072727274
2021-08-15 01:00:00,158.08024507042254,157.65956583333335,159.1865203539823,158.2317195652174,160.47826153846154,482.0923180505415,481.5493253968254,481.34640517241377,57.422736936416186,666.0603541176471,665.562037121212,1.878078857142857,277.4975736641221,563.5488018450184,279.7839673306773,279.4211081395349,285.18996511627904,1.787362875,1.937748,1.950717,1.7820331111111112,1.8810757142857142,13.6555175,13.69655,13.68748875,13.6832,102.1910044635193,13.683675,286.9409574144487,283.8530217557252,284.3271088122606,283.04270534351144,13.110125,13.12614375,13.11699,12.95,12.95,156.07166153846154,74.13378093922653,23.755811463414634,158.16610449438204
2021-08-15 02:00:00,158.1477176056338,157.88135301724137,158.64737499999998,157.87309422222222,159.4899,481.66060709219863,483.5111099099099,482.3513457142857,58.64350432291667,680.2567057894737,679.7978672794118,1.8829150000000001,283.62704384615387,577.447172962963,286.00607346153845,285.54243946360157,291.99182977099235,1.79146325,1.9658988000000002,1.9787152,1.814388,1.8832012500000002,13.66752,13.709184444444444,13.69095888888889,13.691807777777777,102.96958926406926,13.664556,293.776511627907,291.4096470149253,291.19796577946767,289.9247505747126,13.121587777777778,13.136846666666665,13.128708888888887,13.350000000000001,13.350000000000001,157.6704956521739,73.6831925,22.56106,158.04452036363637
2021-08-15 03:00:00,154.70004825174826,154.37825404255318,155.29939911894274,154.67010535714286,154.32227272727275,472.55001316725975,472.63542971014493,470.82704680851066,57.189346904761905,663.3705323353294,662.7445458955224,1.8094291999999998,275.8326858778626,561.9786394052044,278.07106374045804,277.897147265625,284.70336039215687,1.724265,1.8728386666666665,1.8861891666666668,1.7256001666666665,1.8101924,13.387789999999999,13.424735714285715,13.3942525,13.3935375,101.41351461206897,13.4354975,285.41216641509436,283.9704923664122,283.88978339768335,282.5563298449612,12.83243,12.849025,12.841015,12.8,12.8,154.69282,71.3202388888889,22.25931285714286,154.62782564102562
2021-08-15 04:00:00,154.38905033557046,154.12126708333332,155.0110449579832,154.35595780590717,154.38538333333335,470.930928113879,471.8983430894309,471.59855263157897,57.19508336898395,663.5510145945946,663.5213437956205,1.7889840000000001,276.1646832061069,562.2152228571429,278.03771029411763,278.09209483394835,284.9295335849057,1.7054470000000002,1.8611725,1.87280675,1.716509,1.7912724999999998,13.73729,13.776415,13.7573425,13.754480000000001,100.94056497890296,13.7592475,285.4938015151515,284.1802796226415,283.9467153284671,282.65558786764706,13.209105,13.2380975,13.2236075,13.3,13.3,154.45251666666667,71.4870048603352,22.886836666666667,154.36306604477613
2021-08-15 05:00:00,156.46902261904762,156.17525818965515,156.8868422222222,156.3451331858407,155.1797375,478.3450263345196,480.0230490322581,478.8687454545455,56.83239276470588,659.2228112426036,660.0514352380952,1.8044324999999999,274.5895231372549,558.4432142322097,276.4186296442688,276.5571932806324,282.9381875,1.7132665,1.859043,1.875572,1.7166995,1.8057675,13.595408571428573,13.635347142857142,13.619544285714285,13.61573,101.07478659574468,13.578222222222221,283.3715594594595,282.18532923076924,281.9496660377359,280.59138301886793,13.092332857142859,13.07617375,13.063205,13.166666666666666,13.166666666666666,157.41428484848484,71.43288982658959,22.360104473684213,156.27562379182157
2021-08-15 06:00:00,157.3709785185185,157.08515133928572,157.9311528037383,157.2273907079646,157.61436153846154,480.2304612318841,480.643832,478.30912884615384,58.06161662857143,673.9005450292398,673.3622040441177,1.8428632500000002,280.3573625498008,570.9692941391942,282.7225871595331,282.7309930232558,289.88858759689924,1.7547808333333332,1.9116825000000002,1.9304459999999999,1.7527464,1.845247,13.22972875,13.262682222222223,13.254445714285714,13.25356888888889,102.42843872727272,13.261367000000002,289.8921170634921,288.60364470588235,288.5776026615969,287.3741805343512,12.686603,12.700641000000001,12.693317,13.166666666666666,13.166666666666666,157.6955846153846,70.672228,21.57793294117647,157.37573045112782
2021-08-15 07:00:00,151.93529244186047,151.692352,152.5002991769547,151.93312468619246,151.864975,460.48308201438846,460.3478060344828,459.29957076923074,55.28559561403509,641.2666917159763,641.3841425925925,1.767051,266.8819992307692,544.3960988970588,269.20254827586206,269.1255840304183,276.5768354961832,1.695339,1.8450565,1.8580255,1.697246,1.769721,13.198212000000002,13.244204,13.217118,13.215215,97.19428323529412,13.224433333333332,275.01354031007753,275.229795,275.2588966292135,273.9946927203065,12.685384,12.701556,12.693928,13.166666666666666,13.166666666666666,152.3984375,69.0843205202312,22.623651111111112,151.95146420664207
2021-08-15 08:00:00,152.12367547169814,151.93955784753362,152.8008120171674,152.16853022222222,152.02881,464.8160408602151,465.20852871287127,463.98868799999997,55.543097857142854,644.2983610778443,643.8891203703704,1.7670504999999999,266.8703996138996,545.0847811320755,269.36951992481204,269.089048828125,276.7774893939394,1.6644415,1.813587,1.826556,1.667112,1.750458,13.226948333333333,13.243004285714287,13.212988333333334,13.256081428571429,99.18118564853557,13.237145000000002,275.1713280155642,275.61947307692304,275.2001486692015,274.043770881226,12.6827125,12.711975714285714,12.68366625,12.8,12.8,152.47051249999998,73.48647791666667,23.11274185185185,152.13363490909092
2021-08-15 09:00:00,152.23189863013698,152.0794105485232,152.8783423580786,152.27392073732716,152.28286666666668,465.0740427536232,465.70446078431377,465.5093762711864,55.70394999999999,646.2171725609755,646.5341415730337,1.7670504999999999,268.2478950570342,545.3457018939393,270.0888935606061,270.3834404494382,276.9463711538462,1.6644415,1.813587,1.826556,1.667112,1.753509,13.198974999999999,13.233331666666666,13.227289999999998,13.220933333333333,100.97682165289257,13.199953333333333,276.2650694656489,275.2776636734694,275.48960538461534,274.290184496124,12.654431428571428,12.672305714285715,12.658138571428571,12.8,12.8,152.39772,75.24399337349398,29.493498653846153,152.2357617647059
2021-08-15 10:00:00,151.994503875969,151.85083777777777,152.66229466666667,152.07027307692306,151.9675111111111,463.9333702205882,463.2611035294118,461.9483842105263,55.95780777070063,649.205506,649.2004732600733,1.7676230000000002,269.25345346153847,547.9408843065694,271.5028538461538,271.44080551181105,277.6832079051383,1.66634875,1.8123475,1.82522125,1.6814159999999998,1.771056,13.174182000000002,13.217500000000001,13.205294,13.207202,101.23623511111111,13.192010000000002,277.20762576923073,276.29478515625,276.2822705882353,275.0779893280632,12.644492,12.665242000000001,12.6563925,12.8,12.8,152.20273333333333,75.36396214285715,31.50628483870968,152.07588339622643
2021-08-15 11:00:00,151.11379712230217,151.00132183406114,151.79450472103002,151.17493466666667,151.14766666666665,462.74525780141846,462.4522557377049,461.47905797101447,55.819518389261745,647.486381081081,647.85583875969,1.7676230000000002,267.83054258555137,546.3829802238806,270.1474755813953,270.1891246212121,277.18704511278196,1.66634875,1.8123475,1.82522125,1.6814159999999998,1.771056,13.068805000000001,13.106499999999999,13.08679,13.086156666666668,101.58928584821429,13.065809999999999,275.90898888888887,276.2619447876448,275.79013091603053,274.66665877862596,12.518559999999999,12.533313333333334,12.52314,12.8,12.8,151.87318333333334,75.668385,31.674347142857144,151.21348265682656
2021-08-15 12:00:00,151.5571670886076,151.3220591304348,152.12209955947137,151.49973146551724,151.7859125,464.74132391304346,465.62035,465.1087290909091,55.86383217391304,647.9770308176101,647.6718848708487,1.781164,268.1885671814672,546.1756845588235,270.76973171641794,270.574961627907,276.65751494252873,1.6884725,1.8347574999999998,1.8462006666666666,1.6896170000000001,1.770674,13.109336666666666,13.144646666666667,13.128116666666665,13.129386666666667,101.77789613445378,13.116035,275.9451824902724,275.34344030418254,275.3317289575289,274.2096872586872,12.590276666666668,12.57146,12.596376666666666,12.8,12.8,151.89788,75.7422699375,31.921790476190477,151.5038326007326
2021-08-15 13:00:00,151.9026368852459,151.80933766816145,152.5077259090909,151.90474887892375,151.61115,466.3364518382353,467.14251666666667,466.424575,55.78455745856353,647.1616732954545,647.2869791970803,1.76686,267.53499999999997,545.0323422794118,269.99582981132073,269.88449507575757,276.64563667953666,1.690189,1.8320875,1.845819,1.691334,1.784406,13.159559999999999,13.2128275,13.191053333333334,13.190420000000001,102.14089040160643,13.198048,274.8480270676692,275.10399135338344,275.4076245210728,274.3078034883721,12.598413333333333,12.618756666666664,12.603500000000002,12.8,12.8,151.9647,75.12992924324325,31.409531754385963,151.9215104477612
2021-08-15 14:00:00,152.43556095890412,152.27770218340612,153.05023026315789,152.42817685589517,151.8026125,469.3218122302158,468.8848613636364,469.37735306122454,55.95217068062828,649.0875048648649,649.038146350365,1.7598985,268.686425,547.2026996254682,270.969784962406,270.91719961089495,277.3105258823529,1.6773155,1.82484,1.83676,1.6787459999999998,1.7756333333333334,13.217730000000001,13.250813333333333,13.240960000000001,13.244456666666666,102.33837969827586,13.231105,276.17753851851853,276.24468265682657,276.32832868217054,275.1947042145594,12.682112857142856,12.698027142857143,12.685818571428571,12.8,12.8,153.00743,75.30725592391305,31.72829895833333,152.46990684410648
2021-08-15 15:00:00,160.27494347826087,160.21992320675105,160.98841875000002,160.42851910569104,162.67504347826087,495.3161387096774,499.6454884615385,497.6039699029126,58.89957275132275,683.2354844086021,681.3527212643678,1.9061424285714286,282.07809698113203,573.9240698181818,284.5845742537314,284.2322936090226,290.17898768656715,1.8111622857142857,1.9665946250000002,1.979039625,1.8135052857142857,1.9085398571428571,13.55086,13.59904,13.583784999999999,13.58331,108.82283739495797,13.542874000000001,291.1884536121673,289.648307063197,289.61790557620816,288.3604266159696,12.963684,12.98291,12.970096000000002,13.1,13.1,162.08790877192982,78.07561594444445,34.66346057142857,160.36982346570397
2021-08-15 16:00:00,176.29615625,176.62315485232068,177.55563846153845,177.1837732510288,188.2615,547.0182660777385,545.1089510416667,541.8750284210525,64.52754918032787,748.2865906077348,754.1767596638656,2.1928083333333332,304.5039172932331,623.8602893772894,306.6119647058824,306.36367026022305,317.4636342007435,2.0355505999999997,2.267063333333333,2.277553166666667,2.037458,2.196877,14.070388,14.113710000000001,14.11585,14.113518888888889,124.99957671232876,14.079666666666666,315.59453146067415,317.0792600732601,316.9848588235294,315.1103037453184,13.376800000000001,13.375623076923079,13.369286923076924,13.466666666666667,13.466666666666667,174.5049046153846,79.01056480874317,57.646569375,177.1163909090909
2021-08-15 17:00:00,231.28671111111115,231.4740450643777,232.23381091703055,231.55267733333335,228.25,701.7822916666667,702.6631924657535,701.0864769230769,78.79042426966292,913.9835949152542,914.1676837837839,2.773369666666667,364.0308292775665,744.3705687969925,365.8439464566929,365.6792034090909,378.2448931818182,2.6024819999999997,2.8347195,2.84892825,2.6129083333333334,2.776294666666667,16.39359333333333,16.3354425,16.435253333333332,16.421903333333333,170.13712342342345,16.290816,380.1705398467433,378.0537750972763,377.8682909774436,376.13579576923075,15.2429825,15.249922000000002,15.256028,15.5,15.5,224.5483,87.69907167567568,92.31505171597632,231.56023666666667
2021-08-15 18:00:00,232.54966962962962,232.4021193277311,233.25007731092438,232.5807630081301,231.5,703.5264021276596,704.4367621621622,703.0989550724638,78.45089815384615,909.9407324742268,910.2350049019608,2.828044,361.2314473684211,739.7553722222223,362.9157022727273,363.0394695167286,376.79706174242426,2.677182,2.8835439999999997,2.8961319999999997,2.681569,2.82957,16.356714999999998,16.408236666666667,16.399655,16.402833333333334,169.98036753246754,16.39552125,377.64151547169814,376.85875984555986,376.53790111524165,374.54796966292133,15.394744285714285,15.41109,15.40128,15.6,15.6,233.05086153846153,88.70746387434555,92.21901284883721,232.57101963636364
2021-08-15 19:00:00,206.75768389261745,207.51268319327733,207.50599037656903,206.9824418803419,203.44314285714287,622.6545638297872,617.5886090361446,613.0266652631578,70.96693344827587,823.1504611111112,816.8085941176471,2.4584225,329.8792854961832,673.1641981481482,331.19506037037036,332.1900485074627,343.08273511450386,2.3159902000000003,2.4996186000000002,2.512893,2.3188892,2.4602345,15.640656666666668,15.701182222222222,15.681686666666666,15.666853333333332,147.8317908675799,15.597726,343.8827358490566,341.0824463878327,342.3501350746269,340.73943542435427,14.886538181818183,14.953921,14.960023999999999,15.0,15.0,202.8774936170213,78.99718551020408,77.77754993548388,207.6348372693727
2021-08-15 20:00:00,190.72545379746836,190.27864298245612,191.09912,190.2920375527426,191.449,568.757500729927,568.7320286585366,568.4107909090909,67.3811985549133,781.5897755952382,780.8040494505494,2.24939,315.0658507633588,644.0671674157303,316.62679166666663,316.95985984555983,327.8268634615385,2.132667,2.306225,2.3293025,2.1412495,2.249771,14.805627999999999,14.862296,14.85009,14.838648000000001,137.05571698113206,14.864695714285714,327.5029566929134,327.3252109803921,327.33576848249027,325.8504410852713,14.151882857142857,14.17237,14.16348625,14.1,14.1,190.89534999999998,77.93256411764706,59.47115088,190.47671679104477
2021-08-15 21:00:00,192.9625298245614,192.27099176470588,193.12770398406374,192.60944233870967,203.40748421052632,579.0027256140351,580.0000065,578.7518694915254,68.43456466321243,793.8252036842106,795.6218196721311,2.3366138333333333,319.59494921875,654.8176456834532,321.5684579925651,321.60907499999996,334.08548479087455,2.2248817499999998,2.3998703,2.4067745,2.224849777777778,2.339093,14.898865714285714,14.8992975,14.869057142857143,14.908018571428572,139.2517851674641,14.893999999999998,332.7287796992481,333.33931584905656,333.47462007575757,331.94532703703703,14.159901,14.178822,14.167378,14.25,14.25,194.8598543859649,79.54943605128206,56.56895201754386,192.69453445692884
2021-08-15 22:00:00,185.16789162011176,185.32944959016393,186.2410838842975,185.4379144628099,188.00915,558.9521128113879,558.1960940594059,556.1469044776119,67.42140931216932,782.0954521276597,781.6632366071428,2.1838572,315.6980560150376,645.6280937500001,317.6156628787879,317.71242386363633,328.73041750972766,2.0937596666666667,2.2809802727272728,2.2843441818181818,2.087322625,2.1858408000000003,14.860172,14.908834000000002,14.899678,14.894722000000002,136.67458235294117,14.892305,328.44770651340997,327.9053647727273,328.2554838461538,326.6397157692308,14.154714285714286,14.178691428571428,14.164087142857143,14.3,14.3,185.86494067796613,76.82443347305389,53.37366715909091,185.54447527675276
2021-08-15 23:00:00,179.2372491017964,178.92551379310345,179.78451916666666,179.16022155172413,187.2847625,538.6100905797102,539.0489224489796,540.8074213114753,66.5749656684492,772.5494054347826,770.7154879629629,2.1984667499999997,315.76458134328357,645.5839829545455,317.6911292307692,317.6310553435115,328.9043712121212,2.0868935,2.2254856666666663,2.222021,2.0546232,2.2356573333333336,14.324622999999999,14.377860000000002,14.361649,14.361647999999999,125.96241168224299,14.371471666666666,328.20209612403096,327.92517391304347,328.35182894736846,326.67847633587786,13.701556666666667,13.720883333333333,13.705115833333332,13.633333333333333,13.633333333333333,178.97125205479452,74.38859458823529,48.678370588235296,178.98655110294118
2021-08-16 00:00:00,166.9895511904762,166.1803581300813,167.12970869565217,166.46549016393442,170.02213529411765,507.0355728222996,508.65827912371134,508.34485775862066,61.94549621621622,718.6883247252747,718.4467609375,2.003102333333333,300.5210479400749,614.5083412408759,302.1550713235294,302.47986420664205,312.76184391143914,1.9172672307692307,2.0775626923076924,2.096874666666667,1.9048100000000001,2.0119392,13.533694285714287,13.577517142857143,13.573429285714285,13.55395,104.79802627615062,13.557391764705883,311.89352681992335,312.1069255725191,312.1477929889299,310.77395076335876,12.919815294117647,12.93139411764706,12.923225294117646,13.1,13.1,166.76101785714286,74.86364585227273,40.06369217821782,166.40789166666667
2021-08-16 01:00:00,157.90819389312978,157.4542314159292,158.16413828828829,157.5780348214286,158.69933333333333,482.3411602150537,483.74000362318844,483.64587857142857,59.95126343949045,695.4444974025974,696.6115836734693,1.8538299999999999,288.77161785714287,592.0436646387832,290.53114367816096,290.7808015936255,302.56634444444444,1.756561,1.9070415,1.91982,1.762664,1.8477265,13.3434475,13.384002500000001,13.36636,13.36493,103.5865393181818,13.381522,299.2044898832685,301.6202418867925,301.8166593869732,300.51521553030307,12.7792175,12.821788000000002,12.7853225,12.8,12.8,158.06326923076924,75.49026591954022,39.6587608,157.5955212686567
2021-08-16 02:00:00,155.75192719298246,155.5446248908297,156.34593805309734,155.7201396475771,158.69933333333333,475.3953956834533,476.3506522123894,475.9071466666667,58.525563625,678.9557955414012,682.0492239436619,1.8538299999999999,281.4270776061776,577.6482843283582,283.4555645038168,283.34541450980396,294.5735007751938,1.756561,1.9070415,1.91982,1.762664,1.8477265,13.50604,13.5523125,13.505114,13.532765,101.84568024590165,13.518143333333333,291.126698828125,294.11630113636363,294.04873515625,292.6101392307692,12.986877999999999,13.006713999999999,12.997254000000002,12.95,12.95,158.06326923076924,75.34275594285714,37.13250692307692,155.73816776556777
2021-08-16 03:00:00,155.3382294117647,155.15086837209302,155.9932821596244,155.36749782608695,154.7682,480.92361999999997,482.53527906976745,484.2184488888889,60.23258597560975,699.0063419354839,698.0639764705883,1.873474,289.65813540856027,596.1194294339623,292.116692578125,291.6798284615384,304.3366883268483,1.775824,1.9234434999999999,1.936985,1.7767775,1.873665,13.156744285714286,13.199682857142857,13.180337142857143,13.182517142857142,102.38371636752136,13.146788749999999,300.2460724806201,303.9500709302326,303.94073543307087,302.3610486166008,12.609285,12.62453875,12.61863,12.6,12.6,154.7682,75.40702702702703,38.617914385964916,155.38469665427507
2021-08-16 04:00:00,153.71041176470587,153.52401982758622,154.40980175438597,153.73787556561086,154.7682,500.262753046595,500.36121768292685,500.12268648648654,61.67403070588236,715.4493147928994,714.1461289473684,1.965975,296.01392330827065,609.3972557620818,298.00180583657584,297.93605056179774,311.71208863636366,1.88959075,2.0225566666666666,2.03425375,1.8914024999999999,1.950717,13.292157142857144,13.316297142857142,13.316840000000001,13.300218571428571,106.19725454545456,13.312005,307.31603320754715,311.33848859315594,311.0780791044776,309.4944782771536,12.688625,12.70769875,12.69625375,12.4,12.4,154.03826666666666,75.26740298245613,44.60654145454545,153.75785805243447
2021-08-16 05:00:00,161.58593846153846,161.07256345381526,162.03983765690379,161.43039166666668,161.2384,532.0473340501793,533.336060989011,534.4859195652174,62.836702134831455,729.0264548022599,731.2711744680851,2.1809836666666667,299.2784641221374,614.9596922794118,300.952791015625,301.26869425287356,314.9656976744186,2.066804,2.2555882499999997,2.26693625,2.0749416666666662,2.1517393333333334,13.43007,13.465877142857142,13.46029,13.458383333333332,114.0760311111111,13.45433125,310.6814090909091,313.85859729729725,314.39112623574147,312.87158429118773,12.76796625,12.7899,12.775023749999999,12.8,12.8,162.20919999999998,76.71359702247192,56.39505691729323,161.3641612099644
2021-08-16 06:00:00,167.54446604938272,167.0138729508197,168.05941576763485,167.2308957081545,169.9171,556.1841658362989,557.237154404145,556.9505911290323,64.46532845679012,747.765934591195,747.1710572727274,2.233496,306.00169847908745,627.3239848484849,308.167838697318,308.0019947761194,319.86672716535435,2.13695825,2.30765575,2.3211015,2.14630375,2.2430005,13.504404285714287,13.537262857142858,13.524182857142858,13.534262857142858,119.85353674418604,13.521704,317.8014049618321,319.0738053846154,319.15920627450976,317.52022913385827,12.769301111111112,12.794051111111111,12.779982222222223,12.8,12.8,167.241008,78.75330708791209,62.00480087837838,167.2679201438849
2021-08-16 07:00:00,158.15095608108106,158.03992424242426,158.82713130434783,158.24890730593606,161.904475,540.0837531914893,540.6873522012579,540.2733936507937,63.632008594594595,738.1254666666667,738.8676608695653,2.16242,303.0972555970149,622.7442286764706,305.57503783783784,305.0857358208955,317.87773745173746,2.0648966666666664,2.228664333333333,2.2361660000000003,2.0685843333333334,2.16509,13.451366666666667,13.522005714285713,13.487129999999999,13.501025714285715,115.25146517857142,13.486802,314.8943055762082,317.16651178707224,317.07843229571984,315.532431640625,12.777883749999999,12.801851111111112,12.78778111111111,12.8,12.8,159.68355,77.97862360215053,51.501632248062016,158.19272180451128
2021-08-16 08:00:00,157.5704487804878,157.16209032258064,158.27602654867255,157.46329237288134,160.1176380952381,553.3214139285715,555.346128313253,554.3291197674419,64.36983536458332,746.7298308510638,747.4263047619048,2.2373916363636366,306.025694980695,627.0734106617647,307.66872835249046,308.00101048689135,319.9064719844358,2.1354758181818183,2.3010438333333334,2.311692583333333,2.1371404545454546,2.238605090909091,13.519177777777777,13.565718888888888,13.547706666666667,13.549824444444445,119.28808295964126,13.551578181818183,317.6470933333333,319.40256250000004,318.98320763358777,317.4532580152672,12.789474444444444,12.809648888888889,12.799137777777778,12.95,12.95,158.14370487804877,78.42042645502646,58.724735472972974,157.2817
2021-08-16 09:00:00,156.14443459119497,156.15805301724137,156.84474892703864,156.2372952586207,168.92841,548.1584028880867,549.9686318181818,549.7641735849056,64.00517726315789,742.7170766304349,745.3249744680852,2.2750228,303.44474083969465,621.9531533333334,305.48232205323194,305.430640625,316.96712423076923,2.155935285714286,2.3245345714285715,2.3366318571428573,2.155880857142857,2.2767776,13.857787142857143,13.911078571428572,13.892007142857143,13.886014285714285,120.23173772727273,13.8708225,315.0301358267717,316.4180645038168,316.3201873563218,314.741442745098,13.15799625,13.17897625,13.16638625,13.4,13.4,159.19103548387096,79.14970724324324,59.09908744525548,156.1749620817844
2021-08-16 10:00:00,159.32028733333334,159.00374761904763,159.71717030567686,159.15862754237287,163.8956,549.7155685714285,550.6032433734939,548.5972137931035,64.24840036082475,745.299565625,744.8987585365853,2.2056503333333333,305.53529849056605,625.8073267399268,307.42841455223885,307.5198488549618,318.6795412639405,2.1094945000000003,2.2680805,2.280573,2.11082925,2.21830175,14.0572275,14.10445875,14.09254,14.09635375,119.3595262443439,14.08943875,316.7566522556391,318.31852355212357,318.11292462121213,316.5854458333333,13.345285,13.368324999999999,13.358101,13.3,13.3,160.20255384615385,81.91261166666666,32.95847156862745,159.11836329588016
2021-08-16 11:00:00,160.7679956043956,160.53110590717299,161.2652744939271,160.60892589641435,160.10457142857143,563.1757853571429,564.1543291262136,564.538072519084,65.25375929824561,756.9281048192771,757.4985785714287,2.2460953636363636,310.0879116541353,634.2968784671532,312.111168164794,312.0770917910448,323.1657151851852,2.133779833333333,2.2998359166666664,2.3128051666666667,2.1347015,2.252314222222222,14.2207775,14.2780175,14.263235,14.261805,122.85571953488372,14.246706666666666,321.90610643939397,322.2885137254902,322.66740150943394,321.0074715909091,13.522021666666667,13.537791666666665,13.538517142857144,13.5,13.5,161.19805490196077,83.91739753846153,19.642212692307695,160.70230848708485
2021-08-16 12:00:00,153.3131988023952,153.26557805907174,154.0172307017544,153.39376229508198,153.20060833333335,546.1945042857143,546.3906701657459,546.0253919642857,64.31603705882353,746.0631315508022,747.0387967741935,2.1709208571428573,308.3415346007605,628.6456171532847,310.08614370370367,310.32439351145035,319.18655285171104,2.0696861111111113,2.2327015,2.2369291111111114,2.0710635,2.175341625,14.173095,14.2265225,14.2017275,14.1993425,117.99201561181435,14.208502,319.729390530303,318.4685669260701,318.6353988549618,317.0716416988417,13.499387500000001,13.521895,13.5085425,13.4,13.4,153.85324516129032,79.72743193548388,20.24292,153.37701037037039
2021-08-16 13:00:00,160.42360606060606,160.3799915611814,161.14861282051282,160.69943138075314,158.6103230769231,569.0302007168459,570.1491594117647,568.6309009708738,65.42538374269006,758.93155,759.5592303370787,2.2413794,311.64316329588013,636.8634370786516,313.90360076628355,313.4673954198473,324.15190299625465,2.1383251666666667,2.3110204285714286,2.322137,2.1435383333333333,2.26274025,14.0658125,14.109386666666666,14.1011175,14.0987375,122.19294292237443,14.076963333333333,323.88905,323.2220778195489,323.686204494382,322.22042375478924,13.318585,13.343251666666667,13.325705,13.5,13.5,160.71918604651162,83.20685851648352,19.8557532,160.45065814814814
2021-08-16 14:00:00,174.20889875776396,174.39132833333332,175.16151914893618,174.57300765957444,174.82483913043478,594.8789248201439,594.9983460732984,592.2733081818182,66.62335502923976,772.9105610778442,775.4086889763779,2.3581018181818183,314.45941555555555,642.0196783088236,316.1854435606061,316.23519813432836,326.3968398467433,2.2439455454545456,2.419991583333333,2.4380589230769227,2.2529180833333333,2.361014909090909,14.713316,14.759307999999999,14.748628,14.769606,131.2895199074074,14.78343375,326.63912490421455,325.8587766536965,326.0867057692308,324.2608958015267,14.032823333333333,14.054014444444444,14.040112222222222,14.166666666666666,14.166666666666666,174.0921129032258,89.82076845303868,19.291968125,174.54786847826088
2021-08-16 15:00:00,184.27537222222225,183.63080576131685,184.4122910638298,183.8155991935484,184.17099999999996,628.4179032490974,634.814318,637.8475666666667,70.17700261146497,814.0188019736843,828.7604262773723,2.487173875,326.36526221374044,666.445836121673,327.8790471264368,328.41656142322097,339.1602835877863,2.376315875,2.5447564444444444,2.5551402222222226,2.3698724285714285,2.487793625,14.718492857142857,14.715440000000001,14.728918333333333,14.728916666666668,149.00668638497652,14.7738975,340.0414241245136,337.981960546875,338.73462384615385,336.9777346303502,13.921879999999998,13.99349,13.958026363636362,13.7,13.7,185.9519523076923,90.20561354497356,70.20716410714286,183.92323271375466
2021-08-16 16:00:00,207.10887341772153,206.63786088709676,207.52614514767933,206.96255020408165,214.2488,734.3603273381295,736.2762257894736,735.6046414634146,80.1546325,929.7094977272728,931.8675100628932,2.978334,369.06067611940296,752.0959830882354,370.18586498054475,370.92342867924526,382.76163333333335,2.8299515,3.0351695,3.0041446666666665,2.7859576666666666,2.982911,15.963508333333332,16.020433333333333,16.006446666666665,16.005173333333335,177.87742181818183,16.020035,385.87321897233204,382.027156923077,382.67521363636365,380.5533150735294,14.95460875,15.02245142857143,14.972726250000001,15.3,15.3,205.99876818181818,95.94175100529101,88.33608225,206.80088827838827
2021-08-16 17:00:00,237.0290302857143,236.3677783898305,237.27902500000002,236.31973021276596,237.4518857142857,784.1727221014493,787.9490162650602,791.9009871794872,86.36873059880239,1001.8772682634731,1007.5536349999999,3.149364875,396.9120478927203,809.6372650190115,398.52162519379846,398.538195505618,411.858227756654,2.9798118749999998,3.207541,3.2149735,2.98400775,3.15303625,17.3162125,17.3782225,17.36082,17.3605825,194.1236134883721,17.36111111111111,415.48019727626456,411.229961627907,411.55573702290076,408.7854475285171,16.22387125,16.242945,16.23035625,16.333333333333332,16.333333333333332,235.79994,90.02749961111111,84.66492464788732,236.22038966789668
2021-08-16 18:00:00,233.92486037735847,233.30823644067794,234.25130801687763,233.70776872427984,235.53635238095237,765.5956710144928,769.1582335616439,772.8642329896908,83.80244690789473,971.7414357615893,969.9956078431373,3.07792325,384.57922588235294,786.7492026615969,387.0856135658915,387.13070381679387,399.9922737642585,2.9282008571428575,3.1496245,3.15685075,2.9241206875,3.08285,16.617007142857144,16.680107142857143,16.674385714285712,16.67139142857143,180.88420790697677,16.788602,403.17819034749033,399.99812401574803,399.5236352713178,397.2504892720306,15.66162,15.68088,15.67268,15.600000000000001,15.600000000000001,234.6712076923077,82.29965675126904,85.20832793333334,233.51902904411764
2021-08-16 19:00:00,219.98915655172414,219.72497260869565,220.62468333333334,220.00705932203388,219.65093529411766,709.5431852398524,710.884147826087,709.0749686567165,77.47944390532544,898.7008751515151,896.7805042016807,2.8653167142857145,359.273048627451,736.9685185454546,361.1893007633588,360.79511215686273,375.6429393129771,2.717848222222222,2.9236175555555555,2.9347642222222223,2.7217474444444445,2.8744714285714283,15.75395,15.8085725,15.79403,15.79426875,161.50471415525112,15.792646999999999,375.57786363636365,375.3525408560311,375.5208826923077,373.27360651341,14.777743333333332,14.797916666666667,14.78622111111111,14.7,14.7,220.59761333333333,82.6895264,76.69609562043796,219.96490877862595
2021-08-16 20:00:00,210.96695064102562,210.37673333333333,211.1537145833333,210.77552541666668,212.3234181818182,693.1915431654677,692.1338503355705,692.2000578313254,76.11045672316384,882.6301161849711,880.7998534883722,2.830570875,353.8384716981132,723.9188092250922,356.1992269961977,355.7599083018868,368.2663181132076,2.6706974,2.8746566000000002,2.8918494545454547,2.678205,2.8379615,15.6945875,15.752148333333333,15.7284675,15.73228,158.7140703539823,15.718771666666667,369.79330946969696,367.5479720306513,367.8853124528302,365.9313809701493,14.709591666666668,14.794528333333332,14.780793333333333,14.8,14.8,209.6614681818182,82.79061725274725,73.37960238410597,210.48807985347983
2021-08-16 21:00:00,202.3584520467836,202.1121475409836,202.9540003952569,202.34932330508477,212.3234181818182,667.2923441281139,668.8072695652174,666.3626698795181,74.01090751269035,858.4465577319587,857.5007363636364,2.7281045,345.13257635658914,704.6744797752809,347.44605190839695,346.94324832713755,357.52511022727276,2.5760985,2.77426,2.786275,2.5797225,2.718378,15.529296666666667,15.581133333333334,15.575277142857143,15.573914285714284,153.61527570093457,15.559745714285715,360.20005095785444,357.1557670498084,357.2019570881226,355.1429556818182,14.657461666666668,14.672971666666667,14.666361666666667,14.8,14.8,202.60326388888888,82.14126063829788,69.31296142857143,202.3723287272727
2021-08-16 22:00:00,199.17066746987953,199.0057394308943,199.89780375,199.16523248945148,200.06359999999998,663.3525170212765,663.9601140243902,662.9736938271606,74.26612747058823,861.3677596385543,861.5773815384615,2.7176155,347.96153486590043,708.7467776951673,349.2888007633588,349.54107576923076,360.1206947169811,2.5734285000000003,2.7649150000000002,2.7865933333333337,2.5760985,2.718569,15.488742857142856,15.540947142857144,15.53059,15.529774285714286,152.16056164383562,15.533769999999999,362.9935984496124,359.38381893939396,359.58560679245284,357.7828420074349,14.62141375,14.64201375,14.63114,14.8,14.8,199.8605564516129,80.5652004519774,72.9924672463768,199.11558211678835
2021-08-16 23:00:00,194.50145555555554,194.36997923728813,195.17779217391305,194.60634644351464,195.1429,667.5241782142857,669.3456814569537,668.0198571428571,75.40778216216216,874.6511972527472,876.0625192982457,2.744126,353.70072175572517,723.2190711111111,355.501758174905,355.48030416666666,368.23054469696973,2.6029904999999998,2.8036315,2.8160285,2.606042,2.7462239999999998,15.43329625,15.473587777777778,15.454304285714285,15.44715125,151.85570779816516,15.447436,369.4251961089494,367.67991570881225,367.8775509505703,365.9530295719844,14.526394999999999,14.55008375,14.54130875,14.5,14.5,194.476925,79.633869375,70.1418775177305,194.587168164794
2021-08-17 00:00:00,188.9296985815603,188.67482744186046,189.51572398190044,188.86612692307693,187.5216,647.5412365591397,649.3970407407407,649.8758042553192,72.65188733333333,842.826213483146,844.2957612903226,2.744126,338.8389981273408,695.0056007575757,340.4819030769231,340.62186156716416,354.1964319548872,2.6029904999999998,2.719713,2.8160285,2.606042,2.7462239999999998,15.123754,15.177753999999998,15.161351999999999,15.144696666666666,147.51028933333333,15.18075,353.6023607407408,354.2384207692308,354.0039701107011,352.194301119403,14.28702142857143,14.293124285714287,14.310345,14.4,14.4,189.17811714285713,78.57130623595506,64.60276730434782,188.88310827067667
2021-08-17 01:00:00,182.04664720496893,181.93064826086956,182.72061572052402,181.97591135371178,187.5216,614.4137465949822,614.5218789473684,613.404085882353,69.59843711111111,807.2411502824858,806.4021433070866,2.5093455000000002,324.6043045283019,665.8797003663004,326.723963740458,326.2353045801527,339.52703650190114,2.38137,2.5617943333333333,2.5801036666666666,2.386075,2.5165935,14.770262857142857,14.861392500000001,14.84756625,14.84970875,142.3483927536232,14.87641,338.3760381132075,339.2832342307692,339.1529449056604,337.34990930232556,14.054183333333334,14.074866666666667,14.066558888888888,13.8,13.8,182.1339756097561,78.63107022346368,57.06173358333333,182.03096470588235
2021-08-17 02:00:00,174.74654149659864,174.4932681818182,175.37219166666668,174.67460978723406,173.817,587.4826288256228,588.1956817647059,586.9845903614457,67.32235467391305,781.1240921348315,781.0696678160921,2.417989,312.38710342205326,640.7459664206642,314.70382644927537,314.2392216730038,326.5685338289963,2.307751,2.479211,2.4960329999999997,2.30918125,2.423043,14.248498571428572,14.298246428571428,14.280675,14.282717142857141,140.07595,14.284761428571429,325.17970037878786,326.09080962962963,326.2611393129771,324.3995169811321,13.504730714285714,13.52423857142857,13.510179285714285,13.5,13.5,174.82046585365853,81.18962890052356,55.405381319444444,174.7195210909091
2021-08-17 03:00:00,167.55817374999998,167.56366848739498,168.39438389830508,167.64007584745764,173.817,567.6389270175438,568.0835863095238,567.0546421686747,65.99859602209945,765.6482708571428,766.0874341772152,2.383277,307.60430996168583,630.3572079545455,309.5531224719101,309.43971264367815,321.53514555984555,2.2593069999999997,2.4326745,2.452319,2.2610235000000003,2.407309,14.169438333333332,14.219558000000001,14.18949,14.207354,135.40072731707318,14.200707142857143,319.6398823754789,320.7165168582375,320.9331111111111,319.3629147169811,13.462227142857143,13.479227142857143,13.475085714285715,13.5,13.5,167.83251951219512,80.17520582010582,52.49765041666667,167.62426666666667
2021-08-17 04:00:00,163.98898074074074,163.85475840707966,164.77917239819004,163.9999844036697,163.463,559.6312313868614,560.6949064102564,559.4355360000001,65.19095384180791,756.1157045977012,756.6490467741935,2.340555,303.8384513307985,621.8290617647059,305.72475930232554,305.8076743396226,317.2085498039216,2.2224975000000002,2.385947,2.4090255000000003,2.2251675,2.343416,14.17214,14.21698625,14.20435,14.20292,134.87863069767442,14.21884,315.5617705882353,316.07172490421453,316.4243084615385,314.78912183908045,13.513883333333332,13.5104525,13.518631111111112,13.7,13.7,164.15423333333334,78.39661291005291,48.3661975,164.0185138576779
2021-08-17 05:00:00,170.76360700636943,170.7875170040486,171.60758777292577,170.70735497835497,165.5778,573.9857585714286,574.6300434285714,575.1329869047619,65.71701504950495,762.3050527918781,762.199075,2.378827333333333,304.73571811320755,624.6978555147059,306.889326119403,306.65839182156134,318.0889492537313,2.26626875,2.4375382500000002,2.45317725,2.274565,2.3800986666666666,14.381034444444444,14.42439888888889,14.410624444444444,14.411257777777779,137.15205589519653,14.430330000000001,316.4087679389313,317.71591470588237,317.3169780669145,315.75462649253734,13.70003,13.713913999999999,13.706472222222223,13.6,13.6,171.710524,80.09568625615763,46.15331021052632,170.83943962264152
2021-08-17 06:00:00,173.489839375,173.1552462882096,173.99553686440677,173.35040334728035,176.5085,583.7609144404332,584.0822261627908,584.3623298850575,65.93442136904761,764.8493628048781,765.8077662921348,2.40769,306.5674441860465,627.1637746268657,308.03085648854966,308.47690568181815,320.2502347328244,2.2879155,2.4552436666666666,2.4635083333333334,2.2758363333333334,2.4229475000000003,14.466968333333334,14.513401666666667,14.498461666666666,14.501638333333332,137.3244661904762,14.49306,318.00499545454545,319.069770610687,319.2521231372549,317.73351455938695,13.745195999999998,13.76747,13.755876,13.6,13.6,172.53343333333333,78.48776339285715,50.13939755555556,173.18444346153848
2021-08-17 07:00:00,163.0669761904762,162.87532953586498,163.7879589041096,163.09723456221198,163.11516666666668,548.5432356115108,549.8168139534883,549.0199927710843,64.3420785549133,746.3255313609468,747.0563374999999,2.3058438000000003,300.76871856060603,615.2279843511451,302.66478582375476,302.82319812734085,313.8225505703422,2.1998016,2.352075,2.365095,2.190552,2.294591,14.304897142857143,14.328718333333335,14.314413333333334,14.315051666666667,131.0172233480176,14.361695,311.54894809160305,312.6390134920635,312.65658731343285,311.18761742424243,13.665444444444445,13.6416675,13.673244444444444,13.833333333333334,13.833333333333334,162.95602051282052,77.23535803278688,40.50383542553191,163.03115367647058
2021-08-17 08:00:00,156.26284,155.94839708333333,156.74981129707112,156.1927183760684,156.185,570.1975214788732,570.1003677777778,567.3082295454545,65.17981963350785,756.0345898395723,758.0760434210526,2.33025625,303.64451863117876,622.361149097473,305.6650380228137,305.73513984674327,318.0524522900763,2.221468,2.3853372,2.3976958,2.2187978,2.33025625,13.804331,13.848033000000001,13.833537000000002,13.835064,134.28772420091326,13.824141818181818,314.8864011450382,316.79998981132076,317.17982744360904,315.6321197761194,13.078883999999999,13.099478999999999,13.089716000000001,13.075,13.075,157.83595277777778,75.89891495,60.73401,156.0950905109489
2021-08-17 09:00:00,181.87364842767298,182.22822499999998,183.9345041841004,182.8506910931174,184.10997647058824,641.4386320284698,645.681476,647.0038151515151,72.06093060109289,836.3963777777777,862.2795338709678,2.6126357142857146,336.5490033834586,689.8952673003803,338.8290738636363,338.39005094339626,353.15163536121673,2.4667052857142857,2.6568291428571427,2.6852133333333335,2.468939285714286,2.615360142857143,15.218098333333332,15.099828571428572,15.251183333333335,15.256903333333334,151.72828325581395,15.138762222222223,350.8754443181818,351.31994053030303,350.8042481203007,349.4049628252788,14.3784325,14.39617,14.385299999999999,14.266666666666666,14.266666666666666,177.38278749999998,81.73706673469388,78.8191753125,182.99008407407408
2021-08-17 10:00:00,218.069234,217.34035537190084,218.54452444444445,216.90749237288136,222.66666666666666,736.4949275,739.8817460227273,740.3224858695652,83.44753739130434,967.6796846153845,974.5045240310077,3.0088495714285712,389.38036007604563,794.5905455555555,391.18992696629215,391.5952718045113,403.42386654545453,2.851185222222222,3.065303666666667,3.0761113333333334,2.854575777777778,3.016478625,16.231791666666666,16.286493333333333,16.270598333333336,16.368630000000003,172.7511917748918,16.200577142857142,406.5868126394052,403.72544886363636,402.23506150943393,400.56955724907067,15.19491875,15.21208375,15.201023750000001,15.0,15.0,216.84570555555555,90.11310603015075,95.01396319371727,217.20135563636362
2021-08-17 11:00:00,233.93066074074076,233.81961916666666,234.64311330472103,233.95150619469027,222.66666666666666,746.0790438162544,748.0725141975308,746.7398493975903,84.10426341317365,975.6313207317073,977.0586234234233,2.979478,393.8541460076046,803.6690464150944,395.63274236641223,395.84636717557254,408.29837556390976,2.8345285000000002,3.0426075,3.0599636666666665,2.817364,2.981767,17.0430025,17.1412475,17.1221775,17.1255125,171.7699995535714,17.096748333333334,412.182180608365,407.77802857142854,407.71367969924813,405.4363298113207,16.069066666666668,16.084323333333334,16.064998333333335,16.0,16.0,234.06835454545453,88.3657969387755,91.1076750952381,233.9668324723247
2021-08-17 12:00:00,233.95972033898303,233.817025,234.62453722943724,233.9446208888889,222.66666666666666,751.156947311828,752.4057210843374,751.282270886076,83.3124964367816,966.2262532163743,965.9969418181818,2.979478,390.01361570881227,794.4157229323308,391.59577315175096,391.92069153846154,403.3321480916031,2.8345285000000002,3.0426075,3.0599636666666665,2.817364,2.981767,16.9896,17.06496,17.04303,17.04875,171.41591552511417,17.06496,407.894547826087,402.9310527131783,402.92420153256705,400.71307396226416,15.994815000000001,16.027615,16.001675,16.0,16.0,234.44788181818183,88.31556094972066,90.99081857142856,233.96167854545456
2021-08-17 13:00:00,233.98829192546583,233.83670083333334,234.67820714285716,233.99965420168067,222.66666666666666,751.234273381295,752.2905142105262,750.7722782258064,83.41887761627908,967.6337479041916,966.4599804347826,2.979478,390.73764981132075,796.4918643122677,392.37080220588234,392.71007340823974,404.28872015209123,2.850549,3.059963,3.071025,2.84025,3.014571,16.96614,17.030058,17.015562,17.036921999999997,171.17802413793103,17.030767142857144,408.4548918215614,404.0678652509652,404.1369248091603,401.8023285714286,15.989578571428572,15.992412857142856,16.00701666666667,16.0,16.0,234.34251,88.29380906403941,90.56777432291666,233.96727592592592
2021-08-17 14:00:00,233.2451695035461,232.99148859649122,233.95065248868778,233.16621716738197,231.0,752.0648610714286,754.5668554913295,753.9799516853933,83.0930570621469,963.8554664772728,964.5932312,2.9701329999999997,387.2672417322835,789.3580366666667,388.8812015209125,389.22690434782606,401.29003137254904,2.826263666666667,3.0351693333333336,3.053860333333333,2.8224493333333336,2.9647924999999997,17.00772,17.07545,17.05066,17.04875,173.11662577777778,17.026815,404.870914453125,400.6181789473684,401.00189157088124,398.609267578125,16.004476666666665,16.00803666666667,15.9948125,16.0,16.0,233.31962222222222,89.96609495098039,91.80769184782609,233.18272029520296
2021-08-17 15:00:00,228.00381014492754,227.83491596638655,228.59693504273505,228.01009698275863,231.0,723.0340007142858,724.380024822695,723.5390115384615,78.8545766060606,914.7125000000001,914.6893258823528,2.9701329999999997,367.8215599236641,751.2905751851852,369.8032964566929,369.67950428015564,382.4061909090909,2.826263666666667,3.0351693333333336,3.053860333333333,2.8224493333333336,2.9647924999999997,16.99691,17.050656666666665,17.03476,17.035396666666667,163.074614953271,17.02586,384.689344921875,381.66197816091955,382.2191824626866,380.09495496183206,16.063473333333334,16.08636,16.07517,16.0,16.0,228.0381,84.01327520618557,83.60962282758621,228.02179999999998
2021-08-17 16:00:00,227.99079866666668,227.79345146443512,228.5501753246753,227.9335504,231.0,739.8281264285714,742.8403150837988,745.12562625,79.9898464367816,927.9744722543352,934.0159069230768,2.9787155,373.945948880597,761.5151624087591,375.75066380597013,375.68107583643126,385.38889598540146,2.806683,3.01809975,3.023726,2.8107516666666665,2.9817665,17.060483333333334,17.124721666666666,17.110098333333333,17.105011666666666,168.18593228699552,17.10000625,390.93195468164794,385.47698060836507,385.43947712177123,383.09609347826085,16.0926525,16.10657625,16.097995,16.0,16.0,228.34554444444444,86.96059896551724,88.99788107784431,227.9658413919414
2021-08-17 17:00:00,228.02196013071898,227.7940713080169,228.53837155555556,227.94190165975104,231.0,742.6022063380282,743.8220377906977,741.7733303797468,81.02228761363637,939.851112,940.6865088495575,3.00637,378.4225014814815,771.4403261363636,380.29686946564885,380.26770337078653,391.5053744360902,2.845209,3.0633963333333334,3.0726783333333336,2.8488963333333337,3.0088495,17.68415,17.741073333333333,17.726453333333335,17.725183333333334,168.26090813397127,17.759766,396.0388407692308,391.37590303030305,391.324320610687,389.21090643939397,16.789746,16.8108,16.7905125,16.9,16.9,228.34554444444444,87.88482979797979,85.82017081632652,228.03180516605167
2021-08-17 18:00:00,219.92946387096774,221.40385210084034,221.93233037974684,221.11973647540984,204.0,724.7270725,723.5509129729729,718.531082,80.39809213114755,932.4962071428572,925.5827008130082,2.7801086666666666,377.5544368627451,770.4159685393258,379.6968614503817,379.52266541353384,391.1913091954023,2.641135,2.85913175,2.903284,2.6448226666666668,2.776294666666667,17.330993333333335,17.41748,17.395866666666667,17.39300666666667,163.12117725321886,17.456352857142857,395.4022442687747,390.5708725868726,391.0718359550562,388.784819391635,16.512708571428572,16.54039,16.5528675,16.5,16.5,210.79433846153844,85.31358655502393,83.90115881656806,221.63214565217393
2021-08-17 19:00:00,191.1075206060606,190.99711825726143,191.7631807860262,191.1578702479339,191.6263,669.2082588447654,670.7002215789474,673.0793137254901,74.65249265536724,866.0997241379312,869.6814638888889,2.7688434,346.9025023255814,714.0577633093525,349.4379726277372,348.7944665399239,365.1539238461538,2.6143068333333335,2.821395857142857,2.8361632857142856,2.6268035714285713,2.7710556,16.6768125,16.73572375,16.72189625,16.717605,152.0567460829493,16.703115555555556,362.66425714285714,365.07760988593157,364.97143106060605,362.90481064638783,15.862239999999998,15.882582222222222,15.8670275,15.9,15.9,191.89125454545456,81.6417269117647,78.73137077844311,191.11763736263737
2021-08-17 20:00:00,186.4811760233918,186.17110897959182,186.89381097560977,186.33713776824032,184.85395,677.3615667857142,678.5207371727748,679.6963540816326,75.14368616766467,871.4898454545454,872.1472164179104,2.76453275,347.8418875471698,714.1623203773585,349.74711015625,349.69319429657793,364.9576695652174,2.6343966666666665,2.8294172,2.8404789999999998,2.62330275,2.7656775,16.754327142857143,16.808167142857144,16.80217,16.802717142857144,157.60419903381643,16.79190888888889,363.70367931034485,364.7600016,364.44103543307085,362.8386874045801,15.90546777777778,15.933625999999999,15.920352,15.9,15.9,186.2917463414634,85.37906939393939,82.24010992907802,186.31345
2021-08-17 21:00:00,186.2653821656051,186.1508675,186.93814453441297,186.26256919831224,187.247,620.7648649819495,622.6637552325581,621.7597605769231,69.74414262295082,809.0320770491803,807.5830147887324,2.5553098,322.01573074074076,660.4456821561338,323.63944531835205,323.9349992509363,337.3192437735849,2.4282882,2.6099201666666665,2.6208548333333335,2.428288,2.5569116000000003,15.891671666666667,15.944141666666667,15.931746666666667,15.929839999999999,147.7742155172414,15.92102857142857,335.51569518518517,336.8551131086142,336.8961965517242,335.10535692307695,15.15105125,15.06103,15.041414285714286,15.35,15.35,186.39133333333334,87.83348261780104,51.04078519607843,186.2636235074627
2021-08-17 22:00:00,185.84439005847952,185.83106706349207,186.60376382113822,185.9445976284585,187.46213333333333,606.7168629090909,607.5735422680413,606.7017759689923,69.61767876344086,807.6299114754098,809.9393921428571,2.5403696666666664,323.02906168582376,661.7192049242424,324.79908821292776,324.7906925196851,337.29852595419845,2.413666,2.590911333333333,2.6064234285714285,2.4144925,2.5444385,15.695860000000001,15.749925,15.734666666666667,15.735301666666667,146.01424523809524,15.748017142857142,336.2999350943396,336.9393965250965,336.55419166666667,334.76538653846154,15.001335,15.0143025,15.0049575,14.9,14.9,186.08515714285713,84.31081226600985,52.14930258928571,185.9230796226415
2021-08-17 23:00:00,188.28342366863905,187.62203032786886,188.5480059574468,187.77820170940169,197.86776666666668,638.3875516483516,639.8438788944724,640.6492533898305,70.90205239583334,822.2669614973263,824.7469695906433,2.691382181818182,327.6076909774436,670.7064973180077,329.41632442748096,329.5276651515151,341.8366310077519,2.5635488666666664,2.7644441333333334,2.7709542,2.5668548,2.6934281818181818,15.750034285714284,15.826212857142858,15.786434285714284,15.786161428571429,150.99504504950497,15.80237375,340.8244980842912,341.3832316602317,340.7355285714286,338.9998762264151,15.002397142857143,15.012858571428572,15.002615714285714,14.9,14.9,188.95384864864866,84.37943724489796,63.65628614173229,187.9307654275093
2021-08-18 00:00:00,172.9120908045977,172.71913868312757,173.68170207468881,172.92090650406504,175.5198,603.309306405694,605.3225273743017,603.1065388888888,67.52891818181818,783.2516116564418,786.1465061068702,2.691382181818182,314.13107093023257,644.2532327137546,316.2557546125461,316.06534864864864,328.8970662790698,2.320339,2.499237,2.5362375,2.322628,2.6934281818181818,14.951339999999998,15.095745,14.9897,14.991990000000001,140.1029461883408,15.022888,326.446844,328.1293856603774,327.8487393822394,326.0904761538461,14.346963333333333,14.252672,14.355356666666665,14.600000000000001,14.600000000000001,173.24790555555555,81.63344164835165,56.306028771929824,172.96365333333333
2021-08-18 01:00:00,162.66281455696202,162.5013197368421,163.24382801724136,162.5440301801802,159.8927,571.3187795698925,572.2330826086957,571.9091444444445,65.64800788888888,761.4761357954546,761.2058446153846,2.3439885,304.97623003802283,626.9170394833948,307.6707526315789,306.8725711610487,319.9766247191011,2.226312,2.3909065,2.4086435,2.2274564999999997,2.345705,14.425963333333334,14.500050000000002,14.448556666666667,14.450463333333332,134.8393204651163,14.53311,316.5796181132076,319.11930561797755,318.57695387453873,317.1485706563707,13.789290000000001,13.8049275,13.793485,14.600000000000001,14.600000000000001,162.5882765957447,77.62863342995169,52.00746744,162.57016125461257
2021-08-18 02:00:00,155.12932291666667,154.87226566523606,155.77578520179372,155.0512891774892,153.7407,546.7970694244605,548.0235167630058,548.0642182926829,64.51246772727272,748.516282722513,747.65894,2.216967,300.5975475471698,615.1575790262173,302.4737056818182,302.5548332046332,313.98544160305346,2.110162,2.2842925000000003,2.298215,2.111497,2.2207815,13.969878,14.015297,13.975561111111112,13.976196666666667,132.6036119266055,14.010908,311.3862447470817,312.7155285171102,312.4174756756757,311.3260778625954,13.31477,13.333385000000002,13.322398000000002,13.45,13.45,156.06251923076923,75.76244184615385,46.07527884615384,155.03809256505576
2021-08-18 03:00:00,151.31589689440995,150.93726877637133,151.78854954954954,151.23894913043478,151.07675,528.4215,529.0602737430168,528.8749659793814,63.62364573770492,737.9246552486187,735.8521224489796,2.176406,302.68201022727277,619.9487076923077,304.94521804511277,304.6169486692015,316.124937164751,2.0665244,2.2201451666666667,2.234640333333333,2.0610188333333332,2.17414925,13.672816666666668,13.71896,13.70203375,13.710881111111112,117.35286358407079,13.649871,313.901045,315.03517642585547,314.5900560311284,313.2666501915709,12.994811000000002,13.009001000000001,12.999391,13.125,13.125,151.60128,73.66820516483516,45.566465217391304,151.19540656934308
2021-08-18 04:00:00,149.72271768707483,149.49521794871796,150.2571264957265,149.6667285106383,151.07675,495.30671892857146,496.3024621118012,494.4575,61.61091202312139,714.7107815028902,713.1211193548387,2.0446803333333334,301.1756749003984,616.8792919117648,302.9018828996282,302.99121472868217,315.4891847328244,1.9530056666666666,2.1077463333333335,2.115756333333333,1.9578373333333332,2.0502746666666667,13.324641111111111,13.363975555555555,13.351896666666667,13.345327777777777,97.45189608333334,13.37542,312.43655114503815,314.04759027237355,313.7851965648855,312.5953946969697,12.772202,12.792036999999999,12.780134,12.7,12.7,149.74013333333332,71.06980644578313,36.0975075,149.67555474452556
2021-08-18 05:00:00,152.1273944785276,152.0621077586207,152.89080346320347,152.23192085106385,152.32635,516.0203203636363,515.562869892473,512.9010079646018,61.98660660606061,719.777931875,711.9215959349593,2.0325375,302.55343946360153,618.8440412639405,304.1555200757576,304.2127110687023,316.0348126923077,1.9407234,2.0952089999999997,2.1081022000000003,1.9339331999999998,2.0360657499999997,13.617204285714285,13.665047142857143,13.646518571428572,13.648154285714286,99.95783732793522,13.677,313.54210110294116,314.66300839694657,314.6108855513308,313.32903970037455,13.00231,13.01539,13.014517142857143,13.1,13.1,152.1555,70.69930188172043,33.70456527777778,152.28419301470586
2021-08-18 06:00:00,152.15188620689653,151.72787393162395,152.67728949579833,151.98339686098655,151.28269999999998,513.2743257246377,513.8561670658682,514.8441788888889,63.53688451977401,737.057238372093,735.6306536082474,2.055615,309.0104161654135,633.2410305147059,310.86056325757573,310.86038364312265,324.2733541044776,1.9894976666666668,2.145890666666667,2.1588596666666664,1.9915316666666667,2.063053,13.36895625,13.40998875,13.3987825,13.39616,102.97428485596707,13.39282375,321.1163730038023,322.3944838951311,323.02219924528305,321.36901235955054,12.720096250000001,12.739930000000001,12.7286775,12.85,12.85,152.14644,72.33711083333334,34.22724,152.03687677902622
2021-08-18 07:00:00,149.6341826388889,149.48060043668124,150.24348237885462,149.67661772151897,151.28269999999998,503.6281793478261,504.25483061224486,503.7293285714286,62.50253146739131,725.050641436464,724.2737261538462,2.055615,304.9742220973783,623.9635,306.5957501945525,307.03560820895524,318.5608779850746,1.969026,2.125038,2.1588596666666664,1.9915316666666667,2.063053,13.326762500000001,13.3711275,13.348083333333333,13.3573025,100.8516702586207,13.3677925,316.57619775280904,317.45996423076923,317.038127443609,315.8921942748092,12.741837499999999,12.7502275,12.7395475,12.8,12.8,149.7447,70.84689834224598,36.563187166666665,149.64873811320754
2021-08-18 08:00:00,149.8442713375796,149.68150772532186,150.44104066390042,149.82930086206895,151.28269999999998,518.491782437276,520.0079949720671,518.9648617647059,63.03045925287356,731.0817441860465,731.9175061946902,2.1311413333333333,306.2596425287356,627.3078400749064,308.08178625954196,308.2219519379845,320.50754137931034,2.0333003333333335,2.1932535,2.197621857142857,2.025317,2.1341295,13.417736,13.461815000000001,13.441980999999998,13.451136,104.41178781512605,13.467139090909091,317.91466404494383,319.17338275862073,319.1100946153846,317.8193093385214,12.761672,12.783795999999999,12.774338,12.766666666666666,12.766666666666666,149.75843333333333,70.8356144198895,38.98956347222222,149.79992313432834
2021-08-18 09:00:00,152.48214814814816,152.24134320000002,153.03748583333333,152.28888232931726,159.72647368421053,530.4710892473119,530.8982418367347,530.1844707964602,62.293185,723.4223662576687,723.2380328,2.166329625,300.5729860902256,616.2090159259259,302.1494015503876,302.4431973282443,315.52146486486487,2.062481111111111,2.2255279999999997,2.236378111111111,2.0664226666666665,2.166377375,13.741392,13.75042875,13.757713333333335,13.731224444444443,107.9177040723982,13.754800833333334,311.5828267175572,314.1403362934363,314.047141796875,312.7410227799228,13.007833333333332,13.0214375,13.008341666666666,13.325000000000001,13.325000000000001,157.222092,73.3007985106383,36.26770338235294,152.4002786764706
2021-08-18 10:00:00,149.14341610738254,149.2013746781116,149.89225350877192,149.35110822510822,146.91577999999998,524.5570550359712,524.639056547619,523.3877964285714,63.122842011173184,732.2558882022472,732.7441893333333,2.140296,303.84055805243446,624.8320485074627,305.96937196969697,305.9965553435115,320.4232356321839,2.0461878571428573,2.2094467142857144,2.218983,2.0482584285714287,2.1417672857142858,13.250195714285713,13.272155714285715,13.30175125,13.30127375,108.58663920704845,13.261940999999998,315.41340155642024,318.81820038461535,319.14798446969695,317.96171984732825,12.651985555555555,12.626556666666666,12.624013333333332,12.575,12.575,149.7687375,73.43507765363128,39.8062149382716,149.3343802197802
2021-08-18 11:00:00,149.5989422857143,149.479065,150.17068169642857,149.5810721030043,149.7584,524.0253578571429,523.9552918604652,522.63635,62.43542296296296,724.2680508108108,723.9184962025316,2.131141,297.4705833333333,611.8223324427481,299.6282618867925,299.7946895752896,313.27508931297706,2.036543,2.198276,2.2026624999999997,2.035398,2.132667,13.4345175,13.4779325,13.462675,13.4621975,112.06860464135022,13.47879,308.52034362934364,312.25720154440154,311.9758696153846,310.7471123552123,12.810802,12.826060000000002,12.815992,12.575,12.575,149.758425,80.90474094527363,35.86673416666667,149.63757527272728
2021-08-18 12:00:00,149.6836862275449,149.53653621399175,150.25602832618026,149.6748175,149.7584,521.5838046931408,521.9191154255319,521.0297358333333,62.31961153061224,722.9845142105263,722.5489845454546,2.1132134999999996,296.7014704980843,610.078439051095,299.081346969697,299.07821564885495,312.1371284,2.016834333333333,2.172083333333333,2.1776780000000002,2.0186146666666667,2.1164555,13.414765714285712,13.455795714285715,13.445441428571428,13.449528571428571,112.89255381355932,13.448371250000001,307.1119175097276,310.9649969111969,310.8861345098039,309.60037042801554,12.77731,12.791425,12.78169875,12.575,12.575,149.81333999999998,81.58398127659574,37.178273815789474,149.70111102941178
2021-08-18 13:00:00,149.72290604026844,149.61992565217392,150.30572489082968,149.72322844827585,149.7584,526.5704964539008,527.3249739726028,527.0135910256411,62.675728870056496,727.0656479768786,726.9521289855073,2.122368,298.4851625468165,614.0481766917293,300.93988615384615,300.94253294573645,314.3251813229572,2.028914,2.189502,2.204761,2.032728,2.12542,13.40877,13.452853999999999,13.436068,13.453996,113.13724217391304,13.459718,308.8388530769231,313.04927461538466,313.1320329545455,311.81620037593984,12.779371999999999,12.79562,12.7811275,12.575,12.575,149.85729999999998,78.91866072625697,41.52125115384615,149.73854368231048
2021-08-18 14:00:00,156.72120650887575,156.43983739495798,157.17157361702127,156.4871536885246,160.92352666666665,547.0777597122302,548.7306031578947,551.2206372727272,63.56559080645161,737.2441497237569,741.7964566037737,2.2623587499999998,299.227532421875,616.4500092936803,302.267307518797,301.8872237547893,315.1387324110672,2.154552625,2.3202435,2.332592625,2.153885,2.2687344285714284,13.604397142857142,13.642975714285713,13.628535714285714,13.628537142857143,122.09999952830188,13.6021425,309.8831644268775,314.11350874524715,314.037242745098,312.59251240000003,12.891581428571428,12.918391428571429,12.90139142857143,13.0,13.0,157.61023392857143,81.75994795918368,49.67222152542373,156.49721380597015
2021-08-18 15:00:00,164.86886601307188,164.79486196581198,165.73750042372882,165.03109333333333,162.3096,574.1216879003559,574.8603588235294,572.9756322580645,65.3286554973822,757.8242292553191,758.9244108433735,2.3304470000000004,305.180129389313,627.3927534545454,307.3177796296296,307.7600337209302,320.6729772727273,2.2575909999999997,2.410614333333333,2.422948,2.259498,2.358674,13.841984285714286,13.886558571428571,13.872934285714285,13.871571428571428,129.67536621004567,13.84865125,316.390880075188,319.9939372180451,320.05824474708174,318.59715741444865,13.07274125,13.08609125,13.08017875,13.2,13.2,164.55703095238096,85.74018422885572,51.215601472868215,164.97791734317343
2021-08-18 16:00:00,176.57401164383563,176.1094594017094,176.71614464285716,176.20915458333332,173.0068,601.8848652173913,604.4932801282051,604.8826578947369,68.41902235294118,793.7844650537635,803.1822514285715,2.3891895,319.80485954198474,658.9328303703704,322.5982661596958,322.2272132575757,336.9121859315589,2.3161430000000003,2.488938,2.500954,2.3197665,2.37603,14.258579999999998,14.30860142857143,14.299608571428573,14.29743,134.76282892156863,14.283048888888889,332.9536551724138,336.36488671875,336.304939453125,334.74345402298854,13.43573,13.45387,13.472115,13.4,13.4,177.47462741935485,87.72738892307693,54.2169818699187,176.0971799270073
2021-08-18 17:00:00,188.3388485380117,188.17767154811716,188.96432173913044,188.2858576923077,189.70629090909094,641.0214744604316,642.2585333333333,641.6244854368932,72.04550875776397,835.634375949367,836.8525188311688,2.6249618,335.737955859375,689.6825094339622,338.4822344961241,337.99603601532567,352.1246907335907,2.4848693333333336,2.6740481428571425,2.6866364285714286,2.4877301666666667,2.6289287999999997,14.912814000000001,14.963384,14.927906000000002,14.925234,145.21983095238096,14.946025,350.3847061776062,351.333095703125,351.5672644268775,349.933712109375,14.032906666666667,14.049941666666667,14.041551666666669,13.95,13.95,189.31846060606063,95.25092755319149,59.17629443661973,188.30433333333332
2021-08-18 18:00:00,194.21265086705202,193.9133305084746,194.75210837004406,194.02590541666666,197.86777142857142,685.573388172043,686.8598052631579,686.2361416058394,76.39540389221557,886.2465092592593,888.9127824999999,2.7699878,348.2388631178707,713.0016285714286,350.3123306818182,350.69110039370076,362.9148757692308,2.616799,2.823848235294118,2.835339125,2.6313193333333333,2.7692631,15.072066000000001,15.124923999999998,15.114434,15.108523,172.6588756637168,15.18694181818182,364.0266115830116,362.53349045801525,362.301771875,360.41142490272375,14.042638181818182,14.052903636363636,14.114281666666665,14.040000000000001,14.040000000000001,194.89824772727272,97.05643533653846,82.1565431875,193.9494143911439
2021-08-18 19:00:00,194.47536818181817,194.20087319148934,194.9357615044248,194.30527736625513,194.5387,708.513141218638,709.748330541872,708.3813829629629,78.7424118452381,913.4276988023952,913.8527777027028,2.879539,359.5364779026217,737.0289246323529,361.99052862453533,361.71074423076925,375.974096875,2.736878,2.942478,2.961931,2.746415,2.882972,15.79608,15.851552857142858,15.839018571428571,15.838744285714284,176.04893049327356,15.87307857142857,376.3228598425197,375.14262546125457,375.7108146153846,373.78040610687026,14.84685,14.829982857142857,14.85295375,14.9,14.9,194.61551481481482,94.60286151960784,82.72025792349726,194.32074734848487
2021-08-18 20:00:00,187.91175549132947,187.83491059322034,188.8622574468085,188.02001949152543,186.80755,668.2759910714285,667.7767086206896,662.4367607142857,74.71362421052632,866.5489618279571,864.7248594202898,2.675084,340.2526771217712,700.3934642066421,342.45075333333335,342.38733248175186,358.8855930147059,2.5353217999999997,2.7269062857142856,2.739439142857143,2.5367458333333333,2.6747025,15.726874285714286,15.73466625,15.72751375,15.767088571428571,167.1209779661017,15.66672125,355.75549182156135,358.1056490566038,358.4658812977099,356.49203947368426,14.77135142857143,14.83121,14.781812857142857,14.899999999999999,14.899999999999999,188.48189642857142,89.54343153846153,76.33364422222222,188.1546821167883
2021-08-18 21:00:00,186.2396098265896,186.03718653061225,186.8990184,186.17574291497974,184.99494285714286,643.8492593639576,645.3993559322034,644.9756381818182,72.51183723404255,841.1720372972973,842.0801644736842,2.61586425,329.7353718518518,679.0226055350553,331.90928055555554,331.9420606741573,347.5182783783784,2.4900824,2.6801188,2.7014036666666663,2.4947358,2.61739,15.153617142857144,15.161543333333334,15.149463333333335,15.187561428571428,162.34408318181818,15.196614444444444,344.0483849264706,347.2197482758621,346.9354233082707,345.0947778597786,14.299009999999999,14.31405,14.264188749999999,14.4,14.4,186.3394340909091,86.27540375634518,76.82416301369862,186.22874222222222
2021-08-18 22:00:00,186.969109202454,186.65816182572613,187.3923278969957,186.7084556521739,188.7438,652.1088615942028,656.4202572254336,660.4680552083333,73.54286603658537,853.3949104938272,861.3908489051095,2.6729478,334.73065037878786,690.8962799256506,336.8214679104477,337.17844712643677,354.5344052434457,2.5273879999999997,2.72307,2.7353524,2.529524,2.6746262,14.836649999999999,14.88118,14.869101666666666,14.865603333333333,164.45355779816512,14.861151666666666,348.99779087301584,353.67388825757575,354.13337192307694,351.7517656370656,13.952803333333334,13.964756666666666,13.950695714285715,13.95,13.95,187.79488305084746,86.63674426136363,76.8360766197183,186.76497647058824
2021-08-18 23:00:00,182.7131206060606,182.72257791666667,183.52170082304528,182.88097106382978,182.8161,626.0958187943263,627.1289327683616,626.4669702970297,70.912691,822.6527038709677,822.3466934640522,2.5930726666666666,320.2602274509804,659.3662021978022,322.17895725190834,322.3536189393939,337.7803810408922,2.4558286,2.650544,2.6614155,2.4577358,2.5958703333333335,14.327736666666667,14.372901666666666,14.359231666666666,14.360186666666666,162.71535555555553,14.377031666666667,333.60054789272033,337.1388692015209,337.1599056818182,335.3503701550388,13.48642,13.497355,13.478538333333333,13.3,13.3,182.58092586206897,87.16683746113989,80.73427483870967,182.96441956521738
2021-08-19 00:00:00,165.90603214285716,165.63764204081633,166.2597489539749,165.69573261802574,166.73125,594.0488281588448,595.0467104395605,594.4711326086956,68.44558936507936,794.0365562162162,794.2343029411765,2.4726626666666665,308.0102246031746,634.7440298181817,310.36183602941173,310.2346863117871,324.70319735849057,2.32291325,2.5059125,2.5096888,2.32558325,2.477240333333333,13.828361666666666,13.884333333333332,13.858585,13.885923333333333,159.34354953703703,13.874160000000002,320.38441165413536,324.40212121212124,324.03176119402985,322.4994258555133,13.06505,13.079035,13.06639142857143,12.95,12.95,167.048396875,85.74225414141414,76.44103057324841,165.62856726618705
2021-08-19 01:00:00,156.49106530612247,156.2658651982379,157.0642325,156.39047354260092,154.1802,573.9996120141343,575.3725826666667,575.3376712121212,68.0525104830918,789.4375514563108,790.7303852941177,2.413412,308.6769011070111,635.4978204379562,311.03554661654135,311.02622271062273,325.02116529850747,2.31004,2.47616,2.501144,2.310421,2.416082,13.374441999999998,13.419286,13.402122,13.410703333333332,153.75457142857144,13.418741428571428,321.51987333333335,324.2639453874539,324.340846969697,322.71591149425285,12.60299,12.625222857142857,12.61170857142857,12.95,12.95,156.91683548387098,86.05503462311557,76.08519113772455,156.42727205882352
2021-08-19 02:00:00,153.7060546875,153.56339380530972,154.44431733333334,153.75086830357142,154.1802,562.6152327464789,563.429628125,562.323771875,67.14272958762886,778.8811921052632,779.6398756756756,2.329875,304.6308917293233,626.3472616788322,306.604665530303,306.8917798507463,320.48326339622645,2.1912195,2.3590555,2.37603,2.1912195,2.331782,13.389696666666666,13.437083333333334,13.39767,13.4142,152.93358628318583,13.408795,316.5169196969697,319.7556786516854,319.6576317164179,318.06220780669145,12.641133333333334,12.639605,12.65334,12.95,12.95,153.66862500000002,86.4798652238806,73.54087514084507,153.72635018726592
2021-08-19 03:00:00,150.12581538461538,149.78586309012874,150.6497060085837,150.02984537815126,151.10415,547.3564113879004,548.5266544444445,548.5121238095238,66.02723018181818,766.0838079268293,766.2906266666666,2.240871,304.81354166666665,625.8240144444444,306.6094728301887,307.079351372549,320.10996328125,2.125992,2.2909675,2.3018384999999997,2.1269454999999997,2.243668,13.401143333333332,13.448846666666668,13.425325,13.422783333333333,139.5913401826484,13.434305,316.8348108614232,319.3077865168539,319.3568832684825,317.73562716535434,12.692574285714285,12.709795714285715,12.713717142857144,12.9,12.9,150.6243588235294,84.6875052173913,57.7053552892562,150.07481992753623
2021-08-19 04:00:00,150.3262534591195,150.18176379310344,150.92800487804877,150.47654978723403,150.857,539.8184832142857,540.4028170454545,539.5263184210527,64.24445828729282,745.2014073033708,747.2802156626506,2.206477,303.21024907749074,624.4427898876404,305.61405643939395,305.616661732852,319.45659666666666,2.1171550000000003,2.271895,2.280414,2.1118785,2.2087655,13.311926666666666,13.34705,13.33632,13.33631875,121.2421877118644,13.369127,315.4085378787879,318.84000153256704,318.60838909774435,316.9877951851852,12.6252,12.62435125,12.61615125,12.7,12.7,151.58264210526318,83.58453389162563,40.681715157894736,150.41325092936802
2021-08-19 05:00:00,154.94186374269006,154.78922016806723,155.66746223175966,154.94862196078432,154.67450000000002,562.8705586572438,563.5887444444445,562.4703295918367,65.81735058823529,763.4427454054054,761.4734545454546,2.2667182857142856,299.5492049242424,615.7617581818182,301.7933878326996,301.83440037735846,315.4883452830189,2.1590415714285713,2.323118,2.339983,2.1590504999999998,2.2688437142857145,13.702293000000001,13.747711,13.732453000000001,13.734934,146.86006008583692,13.722153,311.20427519685035,314.25228694029846,314.4797346007605,312.92153807692307,12.974213,12.992828,12.985199,12.9,12.9,156.24078235294118,82.55989091346154,66.78130503267974,155.00589084249086
2021-08-19 06:00:00,158.08044610778444,158.0457045081967,158.83941193415637,158.26943112033194,158.5195,549.2395939285714,550.5570578125,549.194406779661,65.40731131578949,758.660838172043,758.2800638095239,2.19789425,297.37623056603775,611.7638457249071,299.94315416666666,299.7586171755725,313.0145093023256,2.1008546,2.268462,2.2779982857142858,2.0997355,2.19970625,13.606742,13.65273,13.634801999999999,13.633658,146.1949269058296,13.648469999999998,309.031057518797,311.9191837735849,311.9773922779923,310.508544047619,12.906621666666666,12.920608333333334,12.913231666666666,13.233333333333334,13.233333333333334,158.95270188679245,81.69597679144385,63.84116713178295,158.162188
2021-08-19 07:00:00,155.56198024691358,155.3133888392857,156.2177164556962,155.42312231759658,157.8741,559.3537882142857,560.7168756613756,560.0603357798166,65.16378350282486,755.8142277456647,757.5792097087378,2.2831475,299.11194642857146,615.0630263157896,301.4533969924812,301.48190714285715,315.1940075471698,2.162897,2.3556225,2.368401,2.1877226666666663,2.2565096666666666,13.6226175,13.66746625,13.64982125,13.652206249999999,140.45002146118722,13.626325555555555,310.6790653543307,313.80822105263155,314.23494730769227,312.8097101167315,12.87858375,12.899755,12.885831249999999,12.75,12.75,157.14004318181819,79.4141823699422,60.71832232758621,155.46173809523808
2021-08-19 08:00:00,150.57165714285716,150.36999958158998,151.09477967479677,150.4679834042553,149.7584,522.9603257142858,525.2695736263736,524.2884215517241,64.0147350877193,742.8128554878049,743.3180547008548,2.1743716666666666,294.98808892988933,606.7751892592593,297.18507689393937,297.49172947761195,311.07233473282446,2.056632,2.215059333333333,2.2304446666666666,2.059174666666667,2.1804753333333333,13.37468,13.41499625,13.4018825,13.401405,135.5903008888889,13.423291,306.0386973977695,309.3716688715953,310.01751946564883,308.6012423220974,12.742751,12.761365000000001,12.749619,12.75,12.75,152.43779999999998,78.49072959798994,56.668842403846156,150.514961732852
2021-08-19 09:00:00,153.2517949044586,153.15636480686695,153.86553333333333,153.29912943722942,152.0929,543.2807899280576,544.9709548913044,544.3580677083334,65.22865379120879,756.6628325966851,754.8075602409638,2.2326063333333335,296.777827480916,611.4654645756458,299.43867509433966,299.2503342205323,312.88425018867923,2.1574613333333335,2.322627333333333,2.3305106666666666,2.160258333333333,2.239853666666667,13.544183999999998,13.543573333333333,13.572628,13.567670000000001,144.6371152173913,13.494214285714287,308.1206589147287,311.9944134831461,311.9594609848485,310.46032615384615,12.778455714285714,12.816854999999999,12.802615000000001,12.75,12.75,152.3126,81.41270409326425,49.853936391752576,153.28046629213483
2021-08-19 10:00:00,153.77525683453237,153.63397907949792,154.37670510638299,153.76196680851064,152.827525,536.6729159574468,536.860547204969,535.6153382352941,64.55704718918919,748.8321752808988,746.5703857142857,2.1816825,293.60598939393935,605.5878869565217,295.6309940520446,296.10967072243346,310.79613074074075,2.051800666666667,2.2191286666666667,2.226884333333333,2.0628624999999996,2.1828275,13.555436,13.568684444444445,13.582354,13.577968000000002,142.78343632286996,13.581402,304.62868007662837,309.91047822878227,309.87987819548874,308.5997572519084,12.865579,12.886024,12.874581000000001,12.9,12.9,153.02116,78.60994825641025,55.707141932773105,153.77806727941174
2021-08-19 11:00:00,153.10519642857142,153.19079910714285,153.9363233944954,153.27444876033056,153.7682,534.8298286231884,534.7893259036144,532.9041072916667,64.57994482954545,749.0267576470588,749.6036402173913,2.10444,294.8265007662835,608.0303856603774,297.27989221789886,297.22378641509437,312.05449776119406,2.0176610000000004,2.183018,2.1968773333333336,2.0172795,2.1109245,13.346470000000002,13.515125,13.373510000000001,13.4025975,140.73318108108109,13.385909999999999,305.6585596153846,310.7125988416988,311.32053384615386,309.9521720149254,12.6762275,12.707125,12.686910000000001,12.9,12.9,153.73524,78.51297463054188,59.560426124031004,153.33851753731344
2021-08-19 12:00:00,171.28958769230766,171.503577593361,172.65936024096385,171.6805497942387,176.3841,593.1849359430605,593.862441314554,592.9479784615385,69.15569259887006,801.7290295454545,823.4237214285714,2.62060075,314.6696856589148,650.1840548148148,317.45032301886795,317.0135772727273,334.82832923076927,2.4638389333333333,2.6533891875,2.6682180625,2.464067733333333,2.622094666666667,14.125197272727274,14.103665,14.098420833333334,14.086339166666667,155.430783982684,14.165307692307692,327.9484140151515,331.80503073929964,333.70365423076925,333.0434081395349,13.296713333333335,13.312480666666666,13.307701333333334,13.325,13.325,176.68703125,82.8407172774869,76.69938244604316,171.58215255474454
2021-08-19 13:00:00,208.55183773584906,208.44307857142857,209.1381886554622,208.63392429149798,210.0,705.855653068592,708.0023298076923,706.926579661017,79.0804812345679,917.3926113207547,917.3926458598727,2.8670057142857144,356.6691233082707,736.3788259259259,359.5170905882353,358.73263529411764,377.16676091954025,2.7220495,2.908614,2.932607875,2.7250057500000002,2.873245125,15.698212000000002,15.752976,15.73543,15.736189999999999,180.67665892857144,15.78775,372.66421011235957,376.9817417624521,376.92186539923955,374.8286352272727,14.782576666666666,14.763285714285715,14.786136666666666,13.325,13.325,211.45467142857143,91.02561669902913,106.3795515625,208.64380703703702
2021-08-19 14:00:00,220.0117255033557,219.89094166666666,220.695828959276,220.00761551724136,210.0,722.2423923913044,723.7797596491229,722.1709494623656,80.08884206349205,929.158087027027,928.6406753968254,2.8670057142857144,360.3712920754717,739.978420754717,362.76942862745096,362.20860078740156,377.67006692015207,2.75061,2.958117,2.965746,2.753662,2.873245125,15.919832,15.97841,15.9601,15.951326,188.82811722689075,15.96326,376.3240287356322,377.3705421875,377.5923858823529,375.54915454545454,14.93286625,14.95708625,14.93858625,15.0,15.0,220.33443333333332,93.43540536945812,114.1440742079208,220.0212213483146
2021-08-19 15:00:00,220.01650000000004,219.93168965517242,220.7294539473684,220.06919662447257,210.0,720.0345071428571,722.027829378531,721.25963125,79.92296582417582,926.9749578651686,926.8826671755726,2.910627,363.77128953488375,746.8178794676807,366.2969003861004,365.91439143968876,380.7442233201581,2.762816666666667,2.9666363333333337,2.984564,2.7630706666666662,2.8984205000000003,16.211766666666666,16.260426666666667,16.251526666666667,16.25025666666667,180.2989333333333,16.261062,380.4310973076923,380.30332911877395,380.49467170542636,378.4305428571428,15.237412,15.252366,15.244128,15.2,15.2,220.42828333333333,92.22027105,97.65616375,220.05562490566038
2021-08-19 16:00:00,242.96163928571428,242.83294637096773,243.74156570247933,242.97461652892562,245.375,789.4630642857143,793.4568665048544,788.58807421875,88.66617674698794,1028.6727826086956,1025.071772067039,3.18536375,398.98751633466134,816.618784469697,400.6481562992126,400.4614030769231,417.34557083333334,3.031528272727273,3.2534742307692306,3.2674995384615384,3.02906625,3.1607498888888887,17.432181111111113,17.495676666666668,17.479571111111113,17.479994444444444,205.64234743589745,17.567688181818184,417.700762835249,416.6073498084291,417.177136121673,414.51638157894735,16.416206363636363,16.437846363636364,16.416206363636363,16.433333333333334,16.433333333333334,242.57046315789472,96.48865966666666,110.07739021897811,243.10905474452554
2021-08-19 17:00:00,259.78102916666666,259.62998964143424,260.53096049382714,259.81439240000003,250.0,850.8957832740214,852.5856161458333,850.3304096153845,92.3834899,1071.5709489795918,1069.6925058139534,3.371557375,420.35979409594097,857.0373389891696,422.5037970149254,422.4183457875458,434.4726125,3.191232,3.4274870714285717,3.4422203125,3.1924886428571426,3.373607625,17.9951875,18.05529,18.045275,18.0438475,215.60697845528458,18.031736000000002,440.8950929104478,434.59736752767526,434.3625713754647,431.76428684210526,16.782554285714287,16.795595,16.782878333333333,16.433333333333334,16.433333333333334,259.50464999999997,92.52552143497758,109.15164125603864,259.8317273722628
2021-08-19 18:00:00,223.21510294117647,223.66896419213973,223.85408847736625,223.3361405172414,224.71428571428572,727.8072467625899,731.4808893048128,731.1367710280374,80.29648134831461,931.3896828571429,931.7131444444445,2.966064,363.0116232824427,747.0730969924813,365.2243152671756,365.1724836431227,382.1402788679245,2.8059201666666667,3.027976285714286,3.028684833333333,2.8090351666666664,2.970959166666667,17.08996625,17.17632111111111,17.133858749999998,17.151025,183.92392832618026,17.132858,379.8990112781955,381.8449690566038,382.2952501960784,379.90353712121214,16.041973636363636,16.063473636363636,15.977572,15.9,15.9,228.38917368421053,83.25620582474227,100.57032186528498,223.10423
2021-08-19 19:00:00,198.50088895027625,197.7752481927711,198.43923403361345,197.94683142857144,194.00744285714285,663.9547595744681,666.1993468292684,666.8076903703703,74.99075726256983,869.1264212643678,869.6594569620253,2.70168975,339.3762224806202,700.0158567765568,341.18544511278196,341.88354440154444,358.72848984375,2.5316602,2.7215442,2.7692378333333334,2.5332624,2.664861,15.780604,15.829646,15.816674,15.814388,165.61672980769228,15.819854999999999,355.02415907335904,358.3354657894737,358.6266357692308,356.7741245210728,14.953618,14.865223333333333,14.963074,14.75,14.75,187.1290037037037,84.33779890710382,91.51842358490566,197.75183393501806
2021-08-19 20:00:00,173.62808705882352,173.4351935222672,174.2387724137931,173.6311123931624,173.0892,595.8196368231047,596.5633205714286,595.3588397959184,67.40529257142857,781.9014417142856,785.0680438095238,2.4891919999999996,307.7410188235294,632.5075494339623,310.103092481203,309.9464106299213,322.9656165413534,2.3712236,2.5510376,2.5615654,2.3746947499999997,2.4923713333333333,15.174322857142856,15.226522857142857,15.206361428571428,15.209085714285715,149.6829276497696,15.25022888888889,320.18417786259545,322.55784090909094,322.7154970037453,321.12131616541353,14.49276,14.520564444444444,14.501744444444446,14.55,14.55,173.70167666666666,80.17851169398907,68.92985208955224,173.59779925093633
2021-08-19 21:00:00,176.3798288590604,176.31828008474577,177.06276079295154,176.46106041666664,178.3212,597.9041859205776,599.1907729281768,599.2098393617022,68.24685989304812,791.7247108695652,794.6433650485437,2.516275,312.54999509433964,642.6683416356877,314.9021087121212,315.0001885057471,328.35241849056604,2.4090249999999997,2.6007018,2.6072815,2.3983062,2.5218693333333335,15.021526,15.070568,15.056456,15.054928,149.13605219298245,15.06795142857143,325.723340530303,327.9695342307692,328.0257346007605,326.50498371212126,14.311652857142859,14.316446666666666,14.321461428571428,14.55,14.55,176.34743783783784,80.56539895833333,67.6771780794702,176.44689889298894
2021-08-19 22:00:00,168.0490347826087,167.88994153225806,168.73454146341464,167.99189133858266,169.05200000000002,568.0407482269504,568.9738753846154,568.2771666666666,66.46490300518136,771.0420394736841,771.5910511363636,2.3924320000000003,306.7628230483271,629.7449886446886,308.9482041044776,309.0695666666667,321.7867954887218,2.272086,2.435662666666667,2.4656694999999997,2.263376,2.393767,14.520687777777779,14.570194444444446,14.552818888888888,14.5714925,140.7602143426295,14.546460999999999,319.1133681992337,320.72651198501876,321.313757037037,319.7804996309963,13.849726666666667,13.852456,13.856167777777777,13.95,13.95,168.3889679245283,78.99230353488372,60.65970775641025,168.06387675276753
2021-08-19 23:00:00,160.70909190751445,160.59684110169493,161.4000160493827,160.7640596707819,165.001,546.4091089605735,548.088356185567,547.6239694444444,65.45315360215054,759.4259258241758,759.5754412371134,2.3206247500000003,302.4486066914498,621.622154275093,304.7797240601504,304.64644603773587,317.3766744094488,2.1980853333333332,2.3660578571428568,2.3749491666666667,2.1998016666666667,2.3108025999999997,14.166487142857141,14.191078333333332,14.178683333333334,14.223592857142858,137.4381403292181,14.185755,314.32541509433963,316.79366666666664,316.89544694656485,315.4076716475096,13.505165714285713,13.5274,13.517588571428572,13.4,13.4,161.5684223880597,78.44955989949749,60.56627883870967,160.84565897435897
2021-08-20 00:00:00,153.7124612244898,153.5918784140969,154.45305619469028,153.7622512820513,154.0428,511.22649820143886,512.6303459119497,512.6797852272728,61.30461473053892,710.9260902439024,711.9159892473119,2.181416,291.7106081081081,597.2941951492537,294.079739453125,293.990744486692,304.195621509434,2.0836894,2.2443036666666667,2.2573365,2.079582333333333,2.1877857499999998,13.664338571428571,13.693503333333332,13.698455000000001,13.7015575,113.9509820083682,13.688627777777777,302.8563741176471,303.13497704280155,303.5227295454545,302.1910209125476,13.056318888888889,13.060725555555557,13.051234444444443,12.9,12.9,153.86748461538463,84.52928112820513,33.60204164179104,153.76232072727274
2021-08-20 01:00:00,153.74228174603175,153.54518114754097,154.41653950617285,153.71800249999998,154.0428,494.8393706713781,495.6790203947368,493.97526166666665,58.830304753086416,682.3667962732919,680.2889305882353,2.07974125,278.98294022988506,570.7117855555556,281.4920587121212,281.4400592156863,289.8575474903475,1.9942975,2.1457315,2.1570797500000003,1.9909978,2.08117175,13.552629999999999,13.600201428571427,13.581127142857143,13.585761428571429,111.28090541666667,13.56757375,289.2306731800767,289.1422442231075,289.14801385767794,287.87032709923665,13.001221428571428,13.017351428571429,13.011030000000002,12.9,12.9,153.74495384615386,83.27472952631578,22.95347210526316,153.70333919413918
2021-08-20 02:00:00,153.55657320261437,153.4129801687764,154.2949208888889,153.59105128205127,154.0428,499.7774978571429,500.374543575419,498.6139730769231,58.73175548780488,681.3131074534161,680.377220224719,2.04159675,278.39487583643125,567.2916498181819,280.3832536121673,280.6167695488722,288.0163958490566,1.9547222999999998,2.1090937,2.1193926,1.9546841000000001,2.0440285,13.566310000000001,13.608482,13.595132000000001,13.595894000000001,114.12414898785424,13.569414285714286,288.29488834586465,287.11963091603053,287.2812612781955,286.14267056603774,12.987996666666668,13.019528333333334,12.99054,12.9,12.9,153.74622,85.80883338709678,22.997770666666668,153.61277904411764
2021-08-20 03:00:00,151.44392078651686,151.42353305785124,152.23020578512396,151.66903076923077,151.13164999999998,495.225828113879,495.04696896551724,492.8306929577465,58.389084129032256,677.4380403973511,673.6203091503269,2.0371781666666666,275.77135773584905,564.2074082089553,278.49902424242424,278.0059880149813,286.22271503759396,1.9461398333333335,2.1099074444444446,2.117833111111111,1.9550767142857144,2.040547833333333,13.5780375,13.6193075,13.602857499999999,13.6078625,112.61785276595745,13.609835454545454,285.7342684824903,285.79542549019607,285.6531654135338,284.27918429118773,13.033719999999999,13.047603,13.038451,12.9,12.9,152.26041,82.95624861111112,22.49097857142857,151.6398589090909
2021-08-20 04:00:00,151.24980326797385,151.0291807511737,151.99907345132743,151.3272547008547,152.34005000000002,504.61960253623187,505.6458259036145,504.13754303797464,59.15911744444444,686.3291661016949,684.6725723404255,2.0587934999999997,279.50618272058824,569.7166041509433,281.22020574712644,281.7860186813187,289.47928120300753,1.9531148571428572,2.1129588333333333,2.126818166666667,1.956548,2.053453333333333,13.478066666666665,13.508606666666667,13.495576666666667,13.508606666666665,115.56104713114753,13.508654285714286,289.60236029411766,288.5209011450382,288.79898327137545,287.5209411985019,12.897464285714287,12.906621428571428,12.889837142857143,13.1,13.1,152.31411666666668,85.55510984615384,22.00862625,151.43555687732342
2021-08-20 05:00:00,154.11125443037974,153.9290004347826,154.7776574468085,154.1203515418502,155.7182,512.6232346570397,513.7684138157895,513.3155851851852,59.97292491803279,695.6814491803278,697.2973315068492,2.1104477499999996,282.70013233082705,578.736079347826,285.0068906367041,284.9585232209738,294.23034382022473,2.0128166,2.1683706000000003,2.1875951999999996,2.0117485,2.112927,13.635495,13.69774,13.6841525,13.68105375,116.29329956896552,13.671561818181818,293.5666259541985,293.6907088888889,293.5999834586466,292.14281992619925,13.053513636363636,13.065996363636362,13.066068000000001,13.1,13.1,154.44198,86.16971352380952,22.1580385,154.09560974729243
2021-08-20 06:00:00,160.624120625,160.33567661290323,161.3147831967213,160.6620869747899,163.2982,537.3343569892473,537.8197102150538,536.1259055555555,61.51152812154697,713.4452050847458,714.6058029126214,2.2217729999999998,289.43897633587784,590.6182116104869,291.3853787644788,291.7417469924812,300.2143181132075,2.135591333333333,2.302301857142857,2.307969,2.1365451666666666,2.23184325,13.598674285714285,13.62764875,13.629354285714285,13.630442857142857,123.0631690376569,13.618975,300.3255853383459,299.20216781609196,299.4569773584906,298.19387954545454,12.929661,12.954200000000002,12.949620909090909,13.1,13.1,160.56137346938775,91.50346654545454,21.76867,160.5313936802974
2021-08-20 07:00:00,170.39571213872833,170.1065616935484,171.13033658536585,170.4149896,171.30863333333332,564.2744176678445,565.2182572916666,564.0220566037736,62.889678411764706,729.475205952381,729.1809252747253,2.3663035,292.9427569811321,599.0709648550725,295.34692037037036,295.2918435114504,304.21490488721804,2.2318433333333334,2.4127756666666667,2.4312123333333333,2.2402346666666664,2.367638,14.311846666666668,14.350014999999999,14.340798333333334,14.341116666666666,130.4418231111111,14.25519857142857,304.08993657587547,303.7685268939394,303.6563895522388,302.18232113207546,13.5365825,13.55012125,13.5726275,13.6,13.6,170.60048235294116,96.70552202830189,21.394385454545453,170.37771195652175
2021-08-20 08:00:00,169.80466115107913,169.72201844262295,170.57140952380954,169.83076502057614,169.615,562.4843063604241,563.8595419161677,563.2921749999999,63.09868811428572,731.9321867816092,731.7250474358974,2.2567325,294.0983645038168,601.9802447368421,296.41231259541985,296.3727173745174,306.0660366412214,2.1433475,2.3190671666666667,2.3305743333333333,2.1599788,2.26111925,14.095055,14.145623333333333,14.12242,14.122418333333334,129.90352850678732,14.109975714285714,305.28637290076335,305.6056492366412,305.49188494208494,304.028,13.385935714285713,13.403592857142856,13.412928333333333,13.3,13.3,170.43681794871796,95.17093810055866,20.936936666666668,169.77486801470587
2021-08-20 09:00:00,174.17347181208055,173.87369094827588,174.59675217391302,174.0482718061674,169.615,600.7602029090909,603.3477151162791,603.4121902173913,66.01285216374269,765.9138228915663,769.7361645161291,2.4510224000000003,304.66496515151516,623.5522883458647,307.3166546153846,306.8847566037736,316.55201944444445,2.298341833333333,2.4980382857142858,2.510626,2.3024106666666664,2.4539213999999996,14.112540000000001,14.1421275,14.136193333333333,14.137253333333334,140.8899013888889,14.122359999999999,316.68314226415094,316.3611953125,315.97384902723735,314.24942976190476,13.281966666666667,13.306759166666666,13.294553333333333,13.25,13.25,173.92438787878788,96.46062323232323,46.53891653061225,174.00162118959108
2021-08-20 10:00:00,177.34066914285714,177.12235836734695,177.85277302904564,177.21407154811715,177.51094999999998,605.0796381625443,606.342583068783,605.7644495575222,69.3198006547619,804.3536475903616,799.1887408,2.4452244,313.0548669144981,643.3693022471911,314.64285992366416,314.72580415094336,329.4407075757576,2.323009,2.503560444444444,2.50944075,2.325636444444444,2.4405706,14.684327999999999,14.732096666666665,14.716838333333333,14.721924999999999,158.86094008810574,14.655413750000001,326.28236833976837,328.57656756756757,328.3644961538462,326.85065773584904,13.89247,13.920250000000001,13.910843333333332,14.0,14.0,177.12035277777778,87.9273690862944,71.35698412162162,177.23722794117646
2021-08-20 11:00:00,177.11167025316456,177.1832771551724,177.9151839506173,177.42383374485598,178.9528,615.0211774193548,615.3284251497006,612.377794,72.07728270718232,836.0236301675977,835.3052124031008,2.413412,328.3890178030303,678.1772588235294,330.69631235521234,330.67875056179776,348.30272178988326,2.297643,2.478130333333333,2.4937696666666667,2.3005034999999996,2.4287966666666665,14.670213999999998,14.71735,14.701326,14.700182000000002,157.99451592920354,14.681873333333334,342.7877806949807,347.66385655430713,347.543855,345.8422189189189,13.855151666666666,13.873968333333332,13.885563999999999,14.0,14.0,177.0832512195122,83.35915284999999,75.88013905660377,177.39243854545452
2021-08-20 12:00:00,161.47508638743454,161.266714,162.30292551440328,161.4900936,162.749,566.514064516129,569.9524790909092,571.0789189542484,67.19916087912088,779.7609272222222,787.8526096551724,2.27056,306.11517904411767,632.3000788888888,308.5089498168498,308.7817728624535,323.9228802281369,2.172147,2.338648,2.3514264999999996,2.174817,2.3040636666666665,14.193278333333334,14.17100857142857,14.223503333333333,14.226681666666666,148.2625536480687,14.239395,318.5998541353383,323.00381165413535,322.5718080769231,321.4773666666666,13.40359142857143,13.426041428571429,13.409694285714284,13.333333333333334,13.333333333333334,162.93851690140846,82.71855805,59.5874806122449,161.50142107142855
2021-08-20 13:00:00,161.70684011299434,161.5051790123457,162.30587037037037,161.63375301204817,161.3071,556.4824195729537,556.9922868932039,553.1370276422764,65.36537117346938,758.4133896373057,758.3373381818182,2.23842275,296.75418237547893,612.6343146520146,298.99200305343516,298.97930608365016,314.169547148289,2.13323925,2.3000585,2.3327358333333335,2.1421272,2.24214225,13.719649090909092,13.762589090909092,13.747501818181819,13.746116363636363,145.1536295652174,13.760334545454544,308.6689685393258,313.78602895752897,312.9992359073359,311.844246124031,13.022859090909092,13.041722727272726,13.028684545454546,13.066666666666668,13.066666666666668,161.50005762711865,84.40019571428572,46.78063292207792,161.66019746376813
2021-08-20 14:00:00,172.17761931034482,172.31113419913422,173.067,172.39197489177488,172.5537,608.8886702508961,609.8776413793104,607.6705,68.4843257948718,794.4371082474227,795.9222869230769,2.4054015,307.2886520599251,633.5485966911765,309.53105187969925,309.5737222222222,325.26734923076924,2.2816856666666667,2.449522,2.470755666666667,2.284482666666667,2.401714,13.974671428571428,14.027420000000001,14.007530000000001,14.009982857142857,160.31700995475114,14.037038,320.0843034220532,324.00671550387597,324.40260488721805,322.8706610486891,13.13510625,13.153225,13.14044875,13.0,13.0,171.43995517241382,87.18680176190476,82.82750058577406,172.4106501858736
2021-08-20 15:00:00,175.34653146853148,175.41720843881856,176.2622173160173,175.57864658119658,175.3001,613.5610392226149,614.2380957831325,613.5107608695653,69.19802555555555,802.7844026845638,804.0690608333333,2.438015,309.87347954545453,639.173657992565,311.4796934615385,311.98004490566035,328.5159860465116,2.32653725,2.50114425,2.5130456000000003,2.32663275,2.447233333333333,14.365382857142858,14.410501428571427,14.397151428571428,14.395788571428572,164.63218687782808,14.393064285714287,322.7595621212121,327.6411788461538,327.87279503816796,326.4093523076923,13.528052857142857,13.547015714285715,13.54004142857143,13.7,13.7,175.76772432432432,87.52284508108107,86.02182397790055,175.5912222222222
2021-08-20 16:00:00,178.80783758389262,178.69281025641024,179.51047827868854,178.83106477732795,178.40355,602.2006548736462,603.5266276470588,602.3505918367347,69.42642654761906,805.2841496969696,807.1361392156862,2.4401894,314.9179783464567,649.2549038167939,317.9167716475096,317.2485773076923,332.66244210526315,2.3176686,2.479402,2.491826142857143,2.3191943999999998,2.4414860000000003,14.355575714285715,14.373536666666666,14.361456666666667,14.360821666666666,156.65924660633485,14.378382499999999,328.9094938223938,331.6116643939394,332.0244579150579,330.3757780392157,13.519114285714284,13.544182857142857,13.53044857142857,13.4,13.4,178.74559393939393,81.39209869318182,79.37859067901233,178.85748494623655
2021-08-20 17:00:00,183.2598618181818,183.27257723577233,184.08219106382978,183.3786974789916,183.01749999999998,604.573604964539,604.8622443786982,603.1915740740741,70.29769414772727,815.5115552941177,815.390987826087,2.4170355,321.87647886792456,662.7352899253732,323.85358646616544,323.9279128301887,339.0964909090909,2.287725,2.4866495,2.4992375,2.289823,2.4189425,14.5302225,14.5831725,14.592996,14.5655325,152.95594594594596,14.617348333333332,335.8845217054264,338.80269277566543,338.1991080769231,336.61917622641505,13.779625000000001,13.789795,13.81111,13.8,13.8,183.1842975609756,75.2960188888889,85.65372015544042,183.38163800738008
2021-08-20 18:00:00,202.00782727272727,200.74973305084745,202.3850473469388,201.06633024193547,201.95708333333334,666.3273830388692,671.0374086021505,674.60549,76.03322292134831,882.2092742857143,890.041386792453,2.6427374,346.82076741573036,715.1709731884058,349.1064815384616,349.01115393258425,366.32655708955224,2.533519625,2.723739333333333,2.738827666666667,2.53027725,2.6352608,15.323316666666665,15.375786666666665,15.345590000000001,15.349084999999997,167.04638051948052,15.435504285714286,362.0144303030303,365.9195615671642,365.43834324324325,363.84399101123597,14.458175555555556,14.481742222222222,14.470383333333334,14.7,14.7,192.5125275862069,80.97251524271844,100.41474892857143,201.72270394265234
2021-08-20 19:00:00,216.08304797297296,215.72568306451615,216.6206970338983,215.99819748953973,207.5,713.1052424460431,715.1051930635838,714.0186914893617,80.66417851648352,935.7452701657459,937.1568072,2.887803333333333,365.8078129277567,754.9112644194756,367.9553244360902,367.9113679245283,387.87516870229007,2.726293,2.9320835,2.94524325,2.7342083333333336,2.885896666666667,15.98735,16.081146666666665,16.0341,16.02838,180.58358606557377,16.037914,383.021457037037,387.2265803088803,387.0337402255639,385.0764783269962,15.04997,15.106806666666666,15.060013333333332,14.7,14.7,215.9950875,88.16660283105023,114.13935135135135,216.0147
2021-08-20 20:00:00,210.71502715231787,210.63547024793388,211.36019140271492,210.6380589958159,206.85714285714286,684.5723378091873,684.6416369942197,683.4517941860465,77.8044296,902.3402604651163,900.1143842105263,2.830523375,349.82809444444445,722.7224607142857,352.6302977695167,351.69827563636363,371.1517197080292,2.6763555,2.8837697272727274,2.890315166666667,2.6791845,2.8365883,16.4651125,16.5481025,16.5118625,16.5113875,178.8703879032258,16.544476,365.9915003703704,370.1935,370.3324552238806,368.4441553505535,15.655176,15.677144000000002,15.663108,15.5,15.5,210.55581999999998,93.18040766519823,95.387176981982,210.70289856115107
2021-08-20 21:00:00,180.89737468354429,180.75805,181.29986976744186,180.69225267489713,182.6393285714286,589.7951553571429,591.1232605882353,591.9148484848484,69.34129434285714,803.8474111764706,807.6129747474748,2.4232023333333332,318.5044,653.8371131386862,320.472467578125,320.65526324110675,334.7010328125,2.2530952857142856,2.4243101428571427,2.436734285714286,2.2529317142857144,2.4241556666666666,15.454278333333335,15.380195714285716,15.36629857142857,15.372565714285713,150.78274607843136,15.398449999999999,331.8901585271318,333.2769795366795,333.5460588235294,332.1446568627451,14.643401428571428,14.659312857142856,14.651250000000001,14.9,14.9,180.3510511111111,79.06623566137566,69.86905420765028,180.72713035714287
2021-08-20 22:00:00,176.40546358381502,176.13867131474103,177.0504440329218,176.38143122529644,176.72823333333335,576.2781685920578,577.5849508108108,576.9242205357143,68.55975280254778,795.2772551948052,795.5432352941177,2.302283333333333,315.26734384615384,646.5528366037736,317.62334124513615,317.6162752851711,330.4899176923077,2.185306666666667,2.3568303333333334,2.3672566666666666,2.1935075,2.3055896666666666,14.7085475,14.8182425,14.7495825,14.7939225,148.52541603773585,14.760834,328.109173046875,329.1207406976744,329.107019844358,327.73012762645914,14.063547499999999,14.0791875,14.0700325,14.9,14.9,176.75926739130435,78.26676241758241,66.07243726708074,176.33201586715867
2021-08-20 23:00:00,180.16147096774193,180.20686443514646,181.0431858299595,180.49436694214876,183.96228666666667,588.1061670250896,587.2012664634146,585.4831847826088,69.74230582857143,808.7867029069766,810.2261917525774,2.4426558333333332,320.2018015267176,658.4396152985075,322.8214258555133,322.7663534351145,337.41027529411764,2.31805,2.4697225,2.5108711666666665,2.319385,2.4457074999999997,14.824571666666666,14.855748333333333,14.856386666666666,14.812381428571427,150.37436875,14.801604444444443,333.75374903474903,336.030222605364,335.75765179282865,334.5623918918919,14.018347499999999,14.0315075,14.0259775,14.0,14.0,179.5149288888889,79.38842,71.3677794512195,180.13480780669144
2021-08-21 00:00:00,167.39845818181817,166.71614421487604,167.67105041666667,166.78743277310923,169.62875000000003,563.4707667844524,564.3984829787235,562.9594864583333,68.15091744444445,790.547391011236,789.9046978260869,2.268843,311.5674358490566,642.0326048507462,313.7366867924528,313.9750627376426,329.1727098484849,2.1538370000000002,2.3239625000000004,2.335851,2.1549820000000004,2.271132,14.015542857142858,14.057255,14.045402857142857,14.0956375,148.407536,14.0412825,324.28445074626865,328.2218634686347,327.7983187969925,326.47939847328246,13.2907375,13.311145,13.297985,13.45,13.45,167.73473518518517,79.1907599484536,63.275743469387756,166.90364925925925
2021-08-21 01:00:00,157.4307512195122,157.22258,158.07153898305083,157.4701365957447,161.0737,551.4837521276596,552.3591978947369,551.3678677083334,67.46748403314918,782.6599254143646,783.7859781609195,2.218683,310.47278597785976,638.7077148014441,312.4169334558824,312.81489772727275,328.2344202205882,2.1209184,2.2834912,2.2949344,2.1206896,2.2271704999999997,13.789074,13.832007999999998,13.830485999999999,13.82896,143.86115757575757,13.789288571428571,323.2183237735849,326.23020786516855,326.8376830882353,325.5444145454545,13.056584285714285,13.073148571428572,13.060724285714286,13.2,13.2,157.53262222222222,78.13215029411765,56.228001428571424,157.38116145454546
2021-08-21 02:00:00,153.68646148148147,153.48802510638296,154.38791729957805,153.68697366255145,153.8506,550.1051963636364,551.1914753333334,549.8303203125,67.45836681081082,782.44618,782.0736655172414,2.238709,309.52090925925927,637.4757583941606,312.13087840909094,311.9263487179487,326.92273880597014,2.103296,2.261977,2.280668,2.106729,2.2271704999999997,13.639546000000001,13.684394000000001,13.670660000000002,13.675236000000002,144.30089523809525,13.682102,322.07574222222223,325.42992307692305,325.48492586872584,324.3002037593985,12.946904,12.967654,12.95453,13.2,13.2,153.6908,79.33836961904761,56.1560489261745,153.6772183150183
2021-08-21 03:00:00,150.08326993006992,149.91456181818182,150.74358879310347,150.1061463963964,151.17285,540.7063717857143,541.4018594771243,540.431479032258,65.42388778350515,758.9589434554974,756.8914677966101,2.173863,298.39940719696966,615.1962402214021,301.2910462121212,300.9466128301887,315.6107701886792,2.070491,2.2337505,2.241379,2.06744,2.1731,13.44577,13.472053333333333,13.486037999999999,13.47879,143.06231694214875,13.438087142857142,310.10642900763355,314.0163436781609,314.1268108614232,312.9918535315985,12.727595,12.744888333333334,12.733188333333333,13.2,13.2,151.09044285714285,78.668091875,55.92262862068965,150.10824654545456
2021-08-21 04:00:00,149.69731690140844,149.51826875,150.34441428571427,149.73163136363635,151.17285,537.3022235507246,538.2025305555555,536.9417759259259,63.7461317989418,739.4819294117648,740.466786,2.173863,289.3848939393939,596.9411191729323,291.970151372549,291.8837330827068,306.4891,2.070491,2.2337505,2.241379,2.06744,2.1731,13.257461666666666,13.297541666666667,13.283236666666667,13.286416666666668,142.58406205357144,13.288005,300.2389218390805,304.97283524904213,304.86745576923073,303.7999778195489,12.560521666666666,12.569931666666667,12.562303333333332,13.2,13.2,149.71724999999998,77.89608668367347,60.041109051094885,149.74327985074626
2021-08-21 05:00:00,151.7878294117647,151.3508692982456,152.1791551282051,151.4527124,152.07915,540.5585519855596,543.1959953947368,543.8876952380953,63.96880396825397,742.0878130434783,743.4785816091954,2.213534,290.74790679245285,597.960163099631,292.84320814814816,293.23159118773947,307.0030526923077,2.100244,2.229173,2.245194,2.07011,2.215822,13.296243333333331,13.339183333333333,13.32329,13.32456,144.49513925233646,13.334096666666667,301.8855465648855,305.04316183206106,305.35295056603775,304.26246996197716,12.623843333333333,12.64215,12.630450000000002,12.7,12.7,152.0511,78.0569389893617,61.91940634920635,151.4628138576779
2021-08-21 06:00:00,153.3417806060606,153.2853552742616,154.17805739130435,153.5956131147541,153.8506,550.1103444043321,550.55686,548.9810271604938,64.27459095238095,745.6174390243903,744.1024707692308,2.202853,290.2678384615385,597.9464453531599,292.6895929133858,292.6835531007752,307.3810691449814,2.106347,2.2757095,2.2896324999999997,2.110543,2.203235,13.373166666666668,13.407843333333332,13.400689999999999,13.4059375,147.48466431924882,13.37809,301.271103515625,305.1205909433962,305.7350667953668,304.6559796153846,12.63595,12.651818,12.634726,12.7,12.7,152.70352,78.4630338172043,65.00018573529412,153.52792730627306
2021-08-21 07:00:00,149.5591679738562,149.4227554166667,150.24913130081302,149.6383668032787,149.7035,540.7087294117647,541.1454668711657,539.1163264367816,63.97913775641025,742.1459148387097,741.263444,2.202853,290.23746153846156,597.309303030303,292.72148996139,292.7707961685824,306.1908435606061,2.103677,2.274947,2.288679,2.110543,2.203235,13.2576225,13.309145000000001,13.233646666666667,13.237459999999999,145.094861971831,13.252214,300.5739725409836,304.60196472868216,304.4636711610487,303.39182014925376,12.520598000000001,12.559759999999999,12.525788,12.5,12.5,149.75155,78.06607431693989,61.762080000000005,149.60279851301115
2021-08-21 08:00:00,149.7706096551724,149.5707025751073,150.3483844827586,149.75506502242155,149.7035,536.5290201465201,536.6972656976744,535.480914102564,64.26891192982457,745.4195975903615,745.0470675324675,2.1756436666666668,289.4703947368421,597.6232205323195,291.83004694656483,292.06490534351144,307.45778615384614,2.0801546666666666,2.2521869999999997,2.2540625,2.0913436666666665,2.1656625,13.30101,13.346811666666667,13.331873333333334,13.333143333333334,147.8505606060606,13.338546666666666,299.89766984732825,305.8173477443609,305.85399575289574,304.589984765625,12.626383333333331,12.640118333333334,12.634523333333334,12.9,12.9,149.76942,78.53737717277487,64.34501585034013,149.75143173431735
2021-08-21 09:00:00,149.76746423357665,149.64695442477876,150.35818944954127,149.80428109243695,149.7035,520.439719133574,521.669497368421,520.6781451612903,63.23245614213198,733.4543733333333,733.4377666666667,2.1756436666666668,286.50080532319396,588.5963615384615,289.5047894941634,289.1560775665399,301.0747189189189,2.0801546666666666,2.189121,2.2540625,2.031584,2.1656625,13.259461428571429,13.299448333333332,13.274016666666666,13.279423333333334,144.36665911111112,13.2924525,296.7420362934363,299.1571287313433,299.48605000000003,298.4540992277992,12.634841250000001,12.64723875,12.644404285714286,12.7,12.7,149.77215,76.91850320855615,63.054368432835815,149.77926380597015
2021-08-21 10:00:00,157.9818204819277,156.47031316872426,157.34469789029538,156.60933595041323,164.15398684210527,542.4682553113553,547.7366244444444,557.0948320512821,63.89586916666667,741.1721960451978,748.9668146067415,2.3449592727272726,289.86972936802977,595.6799867424243,292.1645244274809,292.66316891385765,305.2623235521236,2.2241450909090905,2.4072766666666667,2.402525769230769,2.2329874545454547,2.3447513636363637,13.4264125,13.451497777777778,13.436027777777777,13.43751,145.33566,13.42143125,300.45295580524345,303.4312543650793,303.79499999999996,302.68178228346454,12.716067777777777,12.724884444444445,12.719458888888887,12.9,12.9,163.0185673469388,77.49350289473685,65.41515353741497,156.3580141791045
2021-08-21 11:00:00,150.305872,150.12767875,150.8137729257642,150.31666740088107,156.38033333333334,528.2029439285715,528.6854806282722,528.4528608695653,63.30345940860215,734.4814648044693,734.442867368421,2.1807293333333333,287.4989760456274,592.014017266187,290.3968622222222,290.42702938931296,302.90903745318354,2.082698,2.24452625,2.2491035,2.0800276666666666,2.1811106666666666,13.384611666666666,13.426596666666667,13.416426666666666,13.416423333333332,142.68684333333334,13.429456666666667,298.13847865168543,301.59439094339626,301.4009503731343,300.39146221374045,12.753172857142857,12.792698333333334,12.781506666666667,12.75,12.75,153.84326666666666,75.60527807881773,62.106456111111115,150.22348555555556
2021-08-21 12:00:00,149.73745821917808,149.58681452282158,150.2764554112554,149.73305307017546,156.38033333333334,529.3319832142857,530.2310546583851,529.12096,63.50942714285714,736.7776471502591,736.502720967742,2.162801,287.90068377358494,592.2883672727273,290.68926374045805,290.82893875968995,302.5095,2.058666,2.207431,2.228029,2.060192,2.1811106666666666,13.391224,13.426095714285713,13.421511666666667,13.425824285714286,144.1280430962343,13.42098,297.9682434944238,301.6203698412698,301.2975018181818,300.0737541044776,12.754261428571429,12.759955,12.748895,12.75,12.75,149.7584,75.99297836538462,63.59856789156626,149.74100421455938
2021-08-21 13:00:00,149.78624338235295,149.6241692982456,150.33819957081545,149.74915857740586,156.38033333333334,526.2258231884058,527.0820248062015,526.017075925926,63.27217006666667,733.8860369127516,733.3202037735849,2.169286,286.7419007633588,589.7368216216216,289.762048627451,289.8852973180077,301.32170483271375,2.065914,2.226503,2.2310805,2.06744,2.179204,13.302727999999998,13.342998,13.331172,13.332697999999999,143.6670180952381,13.33613,296.9352030888031,299.94684015748027,300.26658192307696,298.8484144444444,12.676534,12.697892,12.681722,12.5,12.5,149.763,75.76167780898876,63.070110422535215,149.77573099630996
2021-08-21 14:00:00,156.65022662721893,156.11213511111112,157.07348389830508,156.31775330578512,161.04524137931034,549.1729648745519,551.5247523560209,554.632992079208,64.34012150289017,746.233613372093,750.2216738738739,2.299681846153846,290.94440377358495,598.0441584558823,294.34862808988765,294.03478914728686,305.22624499999995,2.18902575,2.3556464375,2.3680433125,2.1952751999999998,2.3013209285714287,13.5017475,13.54826375,13.53181125,13.5334825,148.59085904761903,13.506806666666668,301.3380180076628,303.6759977011494,304.0577015503876,302.8792266409267,12.765486,12.78105,12.770064000000001,12.766666666666666,12.766666666666666,158.2930530612245,76.18492091428571,66.49504046296296,156.1053418772563
2021-08-21 15:00:00,159.52631294117649,159.3571525,160.19380166666667,159.41079510204082,157.19206666666665,555.45600035461,556.6732478723404,555.3511275,64.9051140116279,753.0851680473373,754.7597633928572,2.2431596666666667,294.4585247011952,605.1941271375465,297.40546742424243,297.44888525896414,308.5546733840304,2.135400666666667,2.297737875,2.3028345555555556,2.1441651428571427,2.2459563333333334,13.754695,13.7962025,13.78452,13.785475,147.64664975845412,13.782295555555557,305.06231452282157,307.58670625,307.3386046692607,306.2038043307087,13.060556666666667,13.080390000000001,13.072593333333334,13.1,13.1,160.78349855072466,77.16745055248619,64.34087517857144,159.60144719101123
2021-08-21 16:00:00,201.93207724867727,200.50252406639004,201.1124487704918,200.35074621513942,212.95091428571428,668.0686171428572,671.8875051136364,668.8527694214877,75.07414056249999,872.2337557692308,883.1119239520958,2.8126715,339.54757509881426,701.7947029411764,344.4749239043825,342.6265937007874,359.00859248120304,2.6738008181818183,2.8730228333333336,2.8841484166666667,2.6779620000000004,2.8143118,15.09261875,15.14795,15.13222,15.1331725,173.36179694323144,15.008358181818181,355.4634980620155,359.26541484375,358.00668988326845,356.41377078651686,14.125153749999999,14.10245625,14.125556666666666,14.300000000000002,14.300000000000002,186.3175117647059,87.14257202830188,87.67523701298703,200.146368
2021-08-21 17:00:00,236.66314,236.4027510548523,237.32036652173915,236.6554504237288,236.7746,747.1906806569343,749.2537829931973,748.169269736842,84.32364988235294,978.2376246987952,977.7256762589928,3.0052895,380.847130078125,781.0362237735849,382.88773490196075,383.37544923664126,398.82539056603775,2.845209,3.055481375,3.067830875,2.8452635714285717,3.0058615,16.35502111111111,16.41936111111111,16.40113888888889,16.399232222222224,196.643437394958,16.385244444444442,398.3899081395349,398.18433684210527,398.2439769230769,396.1501162162162,15.328382222222224,15.345166666666668,15.333129999999999,15.5,15.5,237.8488705882353,100.7808430952381,101.10936137755101,236.6133906716418
2021-08-21 18:00:00,237.05904333333334,236.88742289156627,237.70223529411763,236.99626270491802,236.936044,745.3897323636363,746.9903677215191,744.2103781249999,84.18782478723405,976.5159306010928,975.2896103225806,3.000219375,377.58964756554303,776.429298880597,380.35914636015326,380.19961178707223,396.4930106870229,2.841458166666667,3.0523345384615386,3.0641008461538464,2.8420186363636364,3.0018405,16.412185,16.472382,16.485163333333333,16.46361,199.56202987551868,16.501101428571427,395.1288184615385,396.1649169172932,396.0512509225092,393.94248981132074,15.389076,15.41959,15.3856425,15.5,15.5,237.90736666666666,103.80854529147982,100.7392308080808,237.0538554347826
2021-08-21 19:00:00,237.59487756410257,237.47875798319328,238.21622652173915,237.62401583333335,237.57875,741.6856386524823,742.8775737430167,741.3854736263736,83.84457827027028,972.6033875,971.7869652173913,2.993115,376.7266996212121,770.7562366666667,379.1814026022305,379.3117534351145,392.58685503875967,2.832011,3.0467652000000003,3.0579036000000004,2.8350625999999997,2.9919705,16.625999999999998,16.67956142857143,16.65156875,16.66049,201.13556666666668,16.635727777777777,394.2067340996168,391.73965113636365,392.2505179389313,390.1610321705426,15.58914375,15.584715555555555,15.59448375,15.5,15.5,237.95403000000002,107.16709047619048,97.01100824884793,237.5625761029412
2021-08-21 20:00:00,237.51189636363637,237.33592727272725,238.1386042016807,237.47876075949367,237.63726190476189,743.8494477941176,744.886074,743.7119050632912,83.65595758241759,970.4001491712706,970.7709868965518,2.9973426666666665,376.459109765625,770.3599655172413,378.8192739463601,378.87460524344567,392.3292200757576,2.8303326666666666,3.0446674000000002,3.0533645,2.8348717,2.9993135,16.51947,16.522354999999997,16.48993,16.5624,199.2126623893805,16.529980000000002,393.7015946768061,391.84112435424356,392.0216206225681,389.8599041825095,15.40586,15.49436,15.40891,15.5,15.5,237.53134545454543,104.88426354679802,100.29715115606936,237.4793291970803
2021-08-21 21:00:00,228.6253176470588,229.30449276595746,229.80935720720723,229.48474242424243,227.28334444444442,713.21580866426,709.6906129251701,705.4496194444445,79.25033146892656,919.3874468571428,911.7520967105263,2.7755314444444448,356.51643660377357,731.5382246268656,359.3860534090909,358.8481641509434,372.4219087301587,2.6384305454545456,2.842088,2.8536355454545457,2.637840909090909,2.75456775,15.761477142857142,15.818855714285714,15.80196142857143,15.802235714285715,189.1043486111111,15.821307142857142,372.319859765625,371.90379463601533,372.43342796934866,370.36938287937744,14.739091666666667,14.750025,14.743923333333333,14.65,14.65,225.84326666666666,100.5894172,88.89734806060606,229.5221800738007
2021-08-21 22:00:00,202.23853043478263,202.10478607594936,202.8962047826087,202.08765354330708,202.661225,640.4281194244604,641.9416846153846,642.0209580645161,73.34758780346822,850.7967641176471,850.7361909090909,2.54710875,332.51109583333334,681.9608591760299,335.1071505791505,335.1462450757576,347.8693114942529,2.41765,2.6054488888888887,2.616426,2.420871,2.549588,15.005668571428572,15.06212625,15.04949375,15.042612857142858,168.9777661971831,15.039238749999999,346.4748052238806,347.05835,347.37560076923074,345.6560167315175,14.148422499999999,14.1743575,14.161961250000001,14.1,14.1,202.98135,89.28786288135593,83.16852366666666,202.08654545454547
2021-08-21 23:00:00,194.5389944751381,194.44683201581026,195.35269958677688,194.5186908,193.40446,622.4089402930402,623.2616849462365,621.7072863247863,71.72640465517242,832.1394803468208,830.8389482517482,2.5368097499999998,324.0450494208494,667.4693570895522,326.80792851711027,326.53445210727966,341.5491917322835,2.3793675,2.5674396,2.5847572,2.4029853333333335,2.5396704999999997,14.99340857142857,15.04234,15.030625714285716,15.029808571428571,164.27811798245614,15.028444285714286,337.35504676806084,340.5888795454546,341.0235443137255,339.2650623529412,14.183267142857144,14.205064285714286,14.193514285714286,14.1,14.1,194.30480344827586,86.72412443925235,81.96113727272727,194.6452408759124
2021-08-22 00:00:00,184.0261514285714,184.03206118143459,184.86480357142858,184.26986527196652,185.48016666666663,595.8745,596.76695,594.7529390804598,68.78856358695653,797.7648846153846,802.038135,2.39557925,312.09776666666664,641.5076680147058,314.5916988549618,314.50290316205536,326.8969693181818,2.2699118,2.432255,2.4578122000000002,2.2689706666666667,2.39796325,14.7552775,14.8039375,14.790585,14.79106,155.8999908675799,14.801646,324.3575605577689,326.5995606870229,326.2279447470817,324.686934765625,13.927626666666667,13.949243333333333,13.932713333333332,13.9,13.9,184.7735306122449,84.66969074468085,68.54902886363635,184.19499925925925
2021-08-22 01:00:00,178.73343379310344,178.54934146341463,179.3801148,178.71227119341563,179.2824,610.1174028169014,610.3952418181818,609.2921430232559,69.89086173684211,810.7136122994652,810.1816280701754,2.4452625,316.8510339694657,651.2203161764706,318.6795467924528,319.30676641509433,334.1757620300752,2.336741,2.514686,2.5274645,2.3390294999999997,2.4603295000000003,14.550247500000001,14.6003425,14.5817425,14.5793575,159.36886751054854,14.599864,329.7919274725275,332.6238235074627,333.3943014925373,331.7425554716981,13.808362500000001,13.8304825,13.8167525,14.0,14.0,178.62487647058822,86.85361385321102,70.64352608187134,178.70254181818183
2021-08-22 02:00:00,171.74617352941178,171.55577186147187,172.436025974026,171.7352371308017,175.0255,578.0385202166065,579.5819794285713,577.7545343749999,67.53838125,783.4454099447513,783.799308045977,2.351236,308.411322556391,633.5030832713754,310.4086615969582,310.79831074074076,323.5831553903346,2.200183,2.3787,2.394721,2.203235,2.4603295000000003,14.501996,14.549513999999999,14.529674,14.533107999999999,149.80533375527426,14.539594,320.58438850574714,323.083101532567,322.9431501886793,321.47054148148146,13.784252,13.776065000000001,13.770471666666666,13.5,13.5,171.27893414634147,83.42524527522936,61.55613947976879,171.78088943396227
2021-08-22 03:00:00,164.25047784431138,164.06250663900417,164.9866829694323,164.2425375510204,164.8637,565.135880496454,565.4424224852071,564.3379600000001,67.27113914772727,780.3561500000001,780.5393925000001,2.2352765,306.2563330855018,630.0956672862453,308.7008342007435,308.57474525547445,322.2837764925373,2.1261825,2.2952903333333334,2.2951633333333334,2.1273265,2.231271,13.9232475,13.9752425,13.95808,13.965710000000001,150.44703198198198,13.989932,318.6085416058394,321.4266917602996,321.67691553030306,320.231442481203,13.264925,13.276625000000001,13.265181666666665,13.1,13.1,164.57808749999998,85.25676538834952,55.43445072,164.27293707865167
2021-08-22 04:00:00,164.5172069620253,164.2264239495798,165.12437130434782,164.27143441295547,163.875,571.6366451263539,572.5098801104972,571.3917652173913,67.48176461139896,782.7760582010582,782.6228727272727,2.2747555,306.2376376425855,630.4064498168498,308.9342191011236,308.68401821705424,321.99014600760455,2.1668703333333332,2.333562333333333,2.3532706666666665,2.1714473333333335,2.273993,14.1390025,14.187185,14.17359625,14.1731175,152.37115181818183,14.209302222222222,318.79311368821294,321.56256819923374,321.3516287878788,319.9108819923372,13.451495555555557,13.478962222222222,13.460651111111112,13.5,13.5,165.01835,86.42680405263158,52.95810930555555,164.2924247311828
2021-08-22 05:00:00,173.43503734177216,173.42936502057614,174.17673580786024,173.56539487179487,172.47129999999999,582.0346414545454,582.5635224719101,582.4419967741935,67.65899173913043,784.7243981012658,787.0558260869565,2.3054623333333333,307.5625630350194,631.5588984848486,309.3852430232558,309.7373942084942,323.14791893939395,2.1870866666666666,2.357625,2.3651590000000002,2.1893753333333335,2.3077513333333335,14.540906000000001,14.595411666666665,14.591092,14.579838333333333,153.48121990740742,14.590008333333335,319.7369469230769,322.26376466165414,322.4846345238096,320.9019642023346,13.809123333333332,13.862986000000001,13.819805,13.9,13.9,173.13041714285714,88.16941043243243,53.96915451923077,173.53576420664206
2021-08-22 06:00:00,175.67217826086957,175.63490548523208,176.49880084388184,175.82091931330473,176.0966,594.049045289855,595.1148168604651,593.1029641304348,68.51446646067416,794.6170710227271,793.9178849462365,2.330256,308.16321467181467,634.7047580524345,310.57343774319065,310.29643255813954,325.12434448818897,2.221925,2.394721,2.408453,2.223833,2.331782,14.516236666666666,14.51976,14.572526666666667,14.57634,160.01274798206276,14.57221,320.59763846153845,324.15329251968507,324.44547450980394,322.8743892307692,13.7763175,13.7973,13.78471,14.0,14.0,175.27105714285713,90.13563111111111,55.96145540540541,175.78233011152415
2021-08-22 07:00:00,167.51224269662922,167.45144957264955,168.24854769874477,167.53111576763484,167.10205000000002,578.8261182795699,579.6391156862745,577.6176756302522,67.75247752631579,785.947137037037,784.6124455445545,2.285055,307.2603696850394,632.8356667870036,309.7036188888889,309.46945075757577,323.50261102941175,2.1681415,2.3384956,2.353034142857143,2.1710025,2.28276625,14.383364285714284,14.422761428571429,14.367178333333333,14.365906666666667,152.84577629310346,14.353284285714285,319.60210656370657,323.17749285714285,322.9534849056604,321.36302196969694,13.57701375,13.60805,13.596277142857144,14.0,14.0,167.474454,85.70290557291666,57.412560703125,167.6630557195572
2021-08-22 08:00:00,154.1067356321839,153.490073015873,154.33004508196723,153.69466857142856,156.305,555.4304154676258,559.3884878640777,559.4766411290323,65.85229203592814,763.8342436363637,769.862556,2.2837199999999998,300.72724241245135,617.7250554307116,303.003715503876,302.9900217557252,316.1489915057915,2.1836282000000002,2.3558896000000003,2.3697741999999997,2.187977,2.2862945,13.943558000000001,14.030235,13.970094,13.972382,146.08451666666664,14.014345,312.56487188755017,315.0811865612648,315.44204137931035,313.8447190114068,13.220626,13.268233333333333,13.226424,13.15,13.15,156.41694782608695,82.21780243902438,55.215792132352945,153.61582408759125
2021-08-22 09:00:00,151.5679409090909,151.4719659574468,152.20918255319148,151.59865732217574,156.28314999999998,529.8342782918149,530.2123888268156,528.7396866666667,63.55786964824121,737.2775454081633,736.8144337349397,2.147162,288.4861253731343,595.0384669090909,291.5090522222222,290.8355411764706,304.46028779527563,2.048272,2.2200946000000004,2.2364205999999998,2.0605737499999996,2.1493233333333333,13.43642625,13.49748142857143,13.47268875,13.46196125,141.6820586956522,13.490490000000001,299.10230807692307,303.4741667924528,303.8214264150943,302.3896079245283,12.801852222222221,12.821007777777778,12.810158888888889,12.8,12.8,152.9016125,79.2259730909091,64.03991392045454,151.63243382899628
2021-08-22 10:00:00,154.70756790123457,154.64935439330543,155.36342415254236,154.7741294871795,156.50973333333334,546.809050902527,547.0747197860962,545.572505319149,64.30241166666667,745.9239626373627,744.8765845360824,2.22764725,290.02123396946564,597.564162867647,292.36368838951313,292.31824457364337,305.8302161654135,2.1163605,2.28515,2.297547,2.115216,2.22841025,13.300058333333332,13.3484,13.33473,13.33346,147.79495238095237,13.34109,300.3112063909774,305.19156589147286,305.2194992395437,303.85820988593156,12.582718571428572,12.591218571428572,12.585552857142858,12.8,12.8,154.49153333333334,79.88690626262625,69.32717962732919,154.80646380597014
2021-08-22 11:00:00,162.36436496815287,162.98015630252098,164.59171888412016,163.31967272727275,166.81122499999998,573.5035956834532,575.8614663101604,574.0398365384616,65.19070664705883,756.4324638554217,760.5493650943396,2.33168675,293.7037603921569,603.8419220588235,295.7247476923077,295.81357751937986,308.9331178030303,2.21348625,2.383802125,2.3896772222222222,2.215250125,2.331781875,13.447868333333332,13.492713333333333,13.472371666666668,13.473006666666668,154.16784051724136,13.460972857142858,304.2581934362934,307.98758125,308.26404232209734,306.8604988372093,12.654866666666669,12.683093333333334,12.66453,12.8,12.8,162.32012093023255,82.34951202020203,72.73155361445784,163.38971617647059
2021-08-22 12:00:00,154.14087239263802,154.12356304347827,154.82567399103138,154.17854957983192,152.5355,553.8742884892087,553.72909375,551.9204746666667,64.48386620320856,748.1060661202187,746.0449953125,2.235658,291.6589769230769,601.9730959409594,294.23014469696966,294.03138352059926,307.97793666666666,2.1466533333333335,2.315761333333333,2.3212925,2.1488150000000004,2.237946,13.384613333333334,13.430726666666667,13.424370000000001,13.414836666666666,146.28916515837105,13.43216,302.38257669172935,307.72218244274814,307.3917160305343,305.93326305970146,12.670126666666667,12.68996,12.682839999999999,12.5,12.5,153.29704583333333,79.40818580310881,67.53769323076924,154.2111412878788
2021-08-22 13:00:00,152.3357882352941,152.178817167382,152.96221910569105,152.31974406779662,154.25549999999998,547.0004179856114,547.8478340425532,545.9602110169492,64.37615724550898,746.6949182926829,746.6075951219512,2.235658,291.437375,599.882712867647,293.382663878327,293.67045846153843,307.6282498084291,2.1466533333333335,2.315761333333333,2.310421,2.1488150000000004,2.237946,13.25651,13.300085000000001,13.280695,13.281963333333332,147.0615368888889,13.2771975,302.2249565384615,306.42785882352945,306.95588122605363,305.5277034482759,12.51869,12.538715,12.53318625,12.8,12.8,153.6091696969697,80.261171,69.49905573333334,152.36193540145985
2021-08-22 14:00:00,161.39379025974026,161.32667136363636,162.01325579399142,161.38379427312776,162.8863,578.943684697509,580.0956569536423,576.0616424242425,65.80926208588957,763.5766811320755,764.426190410959,2.331401,296.9167358267717,611.4405314393939,298.8897966542751,299.0274043137255,312.780222265625,2.21525,2.3878545,2.402159,2.2203995,2.3323545,13.538463333333333,13.582036666666667,13.522276666666668,13.562963333333334,151.70580995475112,13.498753333333333,308.3189372549019,312.3566022388059,312.2082795454545,310.65169305019305,12.7380225,12.7540425,12.739550000000001,12.8,12.8,160.86505106382978,83.78575815217391,71.7864482962963,161.38666641509434
2021-08-22 15:00:00,166.2105681818182,165.45736097560973,166.1177164,165.51272680851065,171.280028125,595.5416563636364,598.170636453202,600.6391913385827,66.6182182320442,772.7704730994151,777.4484958041959,2.478366571428572,298.9630690196078,615.353471111111,301.2636862068966,301.0691625498008,314.9822225296443,2.3629653125,2.542435875,2.5518342777777776,2.3656355,2.4799469285714286,13.870003333333335,13.91008,13.909445,13.904995,157.2328570754717,13.886558571428571,310.24496395348837,314.1384181818182,314.2888554263566,312.87538972332015,13.033873,13.048214999999999,13.030973,13.05,13.05,166.08832820512822,85.63094796954316,74.98669492957747,165.31996518518517
2021-08-22 16:00:00,169.60848083832337,169.39401526104416,170.14128034188033,169.45188073770493,168.26925,569.0858571942446,570.5062174863388,569.8817175824175,66.23807455555556,768.210015909091,769.2923693181818,2.29468625,299.86439541984737,618.3435787313433,302.2713623134328,302.08902500000005,316.7446627819549,2.1834758,2.3533975000000003,2.3594371666666665,2.1859936,2.2939235,14.055323333333334,14.155955,14.1502325,14.1454625,150.72825131578946,14.144355,311.57197283018866,315.6360923664122,315.90483909774434,314.66833256704984,13.331098,13.33201,13.348795999999998,13.5,13.5,169.83805151515153,81.43680589108911,71.6407134868421,169.41449442379184
2021-08-22 17:00:00,171.39588479532165,171.08382151898735,171.9834929752066,171.11731440677966,171.36356666666666,547.3711826241135,550.5010153846154,550.5389008928571,65.51640860824742,759.9398492063491,762.0690305263158,2.208574666666667,298.4651700757576,614.0452677655678,300.3125083941606,300.49005133079845,314.5166717557252,2.0763085,2.2900776666666665,2.26340775,2.114993333333333,2.2081933333333335,14.374593999999998,14.419056000000001,14.397694000000001,14.398840000000002,146.4357906666667,14.39388142857143,309.94426015037595,313.8323833333333,313.7946280898876,312.37582706766915,13.70221,13.723355714285715,13.708312857142857,13.6,13.6,171.1769037037037,79.83024994791667,68.13445006711409,171.1873981684982
2021-08-22 18:00:00,167.60460952380953,167.1667488,168.08771000000002,167.33549227642277,168.67026,533.1967372340425,535.0198227513227,533.8753786407767,64.23622682291666,745.2051336842105,747.057255670103,2.1176382,293.35983903345726,601.9060761029411,295.6238479245283,295.47690851851854,307.4420171641791,2.013328857142857,2.167160857142857,2.1807295,2.0112581428571428,2.1236652,13.843142499999999,13.88608,13.84269,13.87273,142.65230349344978,13.90258,304.6421992565056,306.1765022222222,306.5216254681648,305.1979680297398,13.203641666666668,13.221698333333334,13.209745,13.2,13.2,167.189376,80.52990558823531,61.43889567741935,167.2746761732852
2021-08-22 19:00:00,171.40838536585366,171.13019152542373,171.84935512820513,171.21777531380755,171.73433333333332,543.8726906810035,544.939674375,544.0906618421053,64.66681989473685,750.1201776595746,750.4432048780487,2.151421666666667,296.02573103448276,605.6253783088235,297.84502164179105,298.20057938931296,308.7210483394834,2.045316,2.2060192,2.2233666666666667,2.04769975,2.1508238,13.941525,13.997815000000001,13.969203333333333,13.96666,144.1086899563319,13.9573625,307.43798735632186,307.80401042471044,307.9533606870229,306.4296671698113,13.27853125,13.29894125,13.2863525,13.3,13.3,171.6075325,80.86979601895735,64.10976294871794,171.29706580882353
2021-08-22 20:00:00,167.15274,166.98992016806724,167.81790714285714,167.1065029288703,165.13836666666668,541.7628733812949,542.1783502439024,541.6303495575221,64.55021242105263,748.8001312169312,748.80478,2.157461,295.5277169172933,605.3623783882783,297.4090390977443,297.5925359550562,308.99716592592597,2.074221111111111,2.235403333333333,2.2486693333333334,2.0768488888888887,2.1621018333333333,13.948898,14.006076666666667,13.95172,13.960305,143.5524465811966,13.953312222222221,306.9850888461538,307.9616958801498,308.3062031128405,306.93202298850576,13.27196,13.291627777777778,13.28120125,13.3,13.3,167.069425,79.82877578199052,64.6820006329114,167.1434109489051
2021-08-22 21:00:00,192.06963416149068,191.73734033613445,192.67493497942388,191.89609037656905,188.3536294117647,663.6366039426523,663.6135024038462,664.087720610687,75.70423670212766,878.3633956284153,878.9482596491227,2.6386285714285718,339.70116814814816,700.2242651851852,342.09863609022557,341.4698337078652,358.69241226765797,2.5481895,2.720476142857143,2.7518181666666663,2.5571533333333334,2.6378658571428573,14.957445,15.005865,15.02588875,14.992275,174.98621826086955,15.01516375,353.95222613636366,358.38676603773587,357.08227490636705,356.47424349442383,14.159292857142857,14.178255714285713,14.03761,13.85,13.85,192.80046458333334,93.36645918552036,80.33315471264368,191.93749239130435
2021-08-22 22:00:00,196.39092333333332,196.14011020408162,196.94674526748972,196.25092066115704,196.23465,652.9623322580645,656.7470376884422,659.8070461538462,74.03192776470588,858.3619810650888,864.7724936170213,2.7526699999999997,334.36618764478766,691.9501102272727,337.00104583333336,336.654085440613,355.4094949612403,2.6100856,2.803949333333333,2.809506,2.6116112,2.7509916,15.440819999999999,15.49077875,15.47361375,15.4712275,167.4690821917808,15.494701818181818,349.8271091603054,354.9966588679245,354.80078100775194,353.05351908396943,14.57583111111111,14.612298000000001,14.599022999999999,14.55,14.55,197.32848235294117,91.53237181318681,74.77748951612904,196.22541480144403
2021-08-22 23:00:00,192.53117816091955,192.19738571428573,193.2464177966102,192.46954388185654,199.7286294117647,608.685925,612.4064362745098,612.4150685185185,70.31449423529412,815.8563280487804,817.5208753521127,2.6052156666666666,317.56508007518795,653.4741518248175,319.81233811320755,319.58855019011406,334.479534496124,2.4762866666666667,2.6610340000000003,2.6742573333333333,2.4778125,2.6083944999999997,14.989864,14.995613333333333,14.973046666666667,14.975905,161.8713881773399,14.97134888888889,330.7091832713755,333.9882148854962,333.941484765625,332.39632734375,14.162002222222222,14.1816075,14.16558625,14.100000000000001,14.100000000000001,194.2349881355932,94.31299897849462,60.15557878787879,192.25861474820144
2021-08-23 00:00:00,188.6153587837838,188.54841502145925,189.36585210084036,188.6854753246753,187.0547,596.0452459854014,596.8292715151515,595.6800530864198,68.83381512195122,798.5739418750001,799.7097697368421,2.454226,311.292533984375,640.5358507407408,313.2217525096525,313.3624420233463,328.13340666666664,2.3321635,2.5083915,2.5216153333333335,2.3348335000000002,2.456897,14.79304,14.829683333333334,14.837124,14.820336000000001,157.75495550458717,14.81805,323.93502702702705,327.39341977186314,327.5884598425197,326.0386654761905,14.059199999999999,14.074760000000001,14.064694,14.100000000000001,14.100000000000001,188.50160909090908,89.33181791044777,59.900964576271186,188.69163609022556
2021-08-23 01:00:00,189.51228181818183,189.5032436440678,190.32133221757323,189.7464718061674,189.49905,623.9620992753623,624.5051703448275,622.0039322033899,71.8902471590909,833.7734,830.5090405660377,2.530516,327.2623515151515,674.68539298893,330.2903911196911,329.36445868725866,345.0281245210728,2.4061645,2.5799766666666666,2.591801333333333,2.4113135000000003,2.536619,14.81917,14.869100000000001,14.855431666666666,14.855751666666668,158.71466810344828,14.868782857142858,341.40162251908396,344.743742248062,344.7049492248062,342.8342903846154,14.011072857142858,14.032396666666665,14.025021666666667,13.9,13.9,189.171264516129,86.7339033497537,62.77137541984733,189.68894666666665
2021-08-23 02:00:00,183.93517046979866,183.67018075313806,184.79548716814162,183.8771099137931,180.8753,603.1671222627737,603.3774830409357,602.857189010989,70.07479295454546,812.8387977011494,813.81691,2.354669,319.57136436781605,658.1878186567164,321.28378150943394,321.685665,337.9299552123552,2.275328,2.449649,2.456134,2.277998,2.360009,14.7939,14.869735,14.846847499999999,14.8306375,153.64344928229664,14.838268,332.6714585271318,336.824120610687,337.32704352941175,335.80006795366796,14.024108000000002,14.051266000000002,14.02716,13.9,13.9,183.0687,83.40398834196891,57.57998,183.9410448148148
2021-08-23 03:00:00,176.3830774390244,176.26382635983262,177.0624797520661,176.44193099173555,174.8881,569.3000642857144,570.0765484848484,567.1856910256411,68.28537502590675,792.0886865284974,792.4513894736842,2.261214,312.33563494423794,643.9287567765567,314.7229682835821,314.46339739776954,329.22165018726594,2.218111,2.36287,2.3750765,2.1902654999999998,2.340555,14.422146666666668,14.494326666666666,14.474621666666666,14.454595,148.52357305936073,14.476162857142857,324.8773947565543,329.05938000000003,328.59454372623577,327.0180358490566,13.737957142857143,13.75909857142857,13.750817142857143,13.9,13.9,176.2801685714286,81.0737425462963,52.479267096774194,176.48953074074075
2021-08-23 04:00:00,172.62515065789475,172.4762123931624,173.2797844155844,172.59154487179487,172.9794,556.2783182795699,557.7333281250001,556.9076712328767,67.8521755612245,787.1427526041666,786.9405746478873,2.293256,311.13715741444867,641.9081794964029,313.91537397769514,313.3444045283019,328.8000988505747,2.151739,2.322628,2.331019,2.160894,2.260833,14.2741775,14.32236,14.30615,14.302335,144.808659375,14.299475000000001,323.2478856060606,327.98043185185185,327.8906319548872,326.3175356321839,13.5936075,13.6161125,13.6008525,13.7,13.7,172.9580222222222,79.18022219512196,54.85627483870967,172.61735294117648
2021-08-23 05:00:00,180.23697134146343,180.0762112,180.91099191489363,180.31117983193278,182.6055,587.5719612903226,588.8088258426967,586.9240095744681,69.2361743715847,803.3444882681564,804.514959,2.368783,315.41406716417913,647.9710062043796,317.20158320895524,317.5317052434457,331.5993015037594,2.2551878000000003,2.44564375,2.45746875,2.2607063333333333,2.3474215000000003,14.62422142857143,14.677787142857143,14.670111666666665,14.667704285714285,154.31186853448276,14.6625625,327.6500327137546,330.61059465648856,330.73069141791046,329.12823371212124,13.89097142857143,13.911024285714287,13.899690000000001,14.0,14.0,179.34746739130435,81.94705290640394,72.78806087719299,180.28505645756456
2021-08-23 06:00:00,185.52059808917198,185.38124736842107,186.22443319148937,185.46848535564854,187.26530833333334,609.1475381294964,610.1568837837838,608.618231092437,70.91688560209424,822.6358968586387,822.8046676923077,2.5294986666666666,322.65828060836503,665.7604479400749,325.1957744274809,324.6695233082707,341.3548680608365,2.3933858333333333,2.5769249999999997,2.5885591666666667,2.402858166666667,2.5315965,14.80214,14.839902857142858,14.7920175,14.78343375,156.49996872246695,14.806226,335.7770169172932,340.6371366412214,340.40131955719556,338.7103963235294,13.995523333333333,14.017394444444443,14.003663333333334,13.9,13.9,185.1236037037037,78.89332995121951,86.60936148571429,185.47045393258426
2021-08-23 07:00:00,190.576575625,190.284189626556,191.05833950617284,190.46136652719667,189.691325,635.135500729927,637.41592,634.5172846938775,73.4685525698324,852.2802971910113,855.3566575,2.578196333333333,334.5259513207547,689.1329595588236,336.4108803030303,336.64527748091604,353.5889217557252,2.4441564,2.6330484,2.6518156,2.4462924,2.579086333333333,14.885603333333334,14.94189,14.920913333333333,14.924730000000002,163.85929818181816,14.956515999999999,348.1260723076923,352.7574526119403,352.7393707865168,351.06401385767793,14.004173333333334,14.1028375,14.086055,13.9,13.9,190.62414915254237,84.48406948186529,89.41218520710059,190.40027666666666
2021-08-23 08:00:00,196.52374567901234,196.33678755186722,197.07025278969957,196.42319469387755,194.6348,639.1275877256318,640.7461774193548,639.6564265060241,73.50495845238095,852.6663084848484,852.5702082568807,2.5882095,334.421807421875,688.9628269372694,336.5423030651341,336.5470903846154,353.3853857142857,2.45756425,2.6446446000000003,2.65706075,2.45947125,2.590212,15.173340000000001,15.215136000000001,15.20293,15.211704000000001,162.8142995192308,15.190722,348.303359375,352.495191634981,352.389655984556,350.6494174242425,14.332725000000002,14.361609999999999,14.346964,14.5,14.5,196.5016923076923,81.0319420670391,96.74473128654971,196.36161747211895
2021-08-23 09:00:00,202.60699019607844,202.612265,203.33433849372386,202.75372704918033,202.22865000000002,651.897033935018,653.3209218181818,652.1441853333333,74.9030710989011,868.9257117977527,869.7769887755102,2.6836665,340.5789992277992,701.3630348148148,342.2884268939394,342.56182547528516,360.2045012,2.5573443333333334,2.74527,2.759002,2.559887,2.6905324999999998,15.3999225,15.4500125,15.4152025,15.4161575,168.18668558558556,15.419209999999998,354.9603298449613,358.82755057471263,359.1112638132296,357.3354201581028,14.5422625,14.5620975,14.554166,14.5,14.5,202.8063,82.4968778021978,105.19702664864865,202.74141729323307
2021-08-23 10:00:00,203.08861103896103,202.99915084745763,203.69552199170124,203.1508164556962,201.6657,637.0012541818181,638.7355808988764,636.6719352941177,73.2537814450867,849.7379173410404,850.4231532710281,2.636939,332.37088052434456,684.300038576779,334.76756807692306,334.7074,350.73114545454547,2.486649,2.6768004999999997,2.6982250000000003,2.489701,2.6212999999999997,15.41089,15.4643175,15.449057499999999,15.4447675,165.19742122641512,15.46918,346.44132222222225,349.39569328063243,349.7404018796992,348.0954669230769,14.618552,14.641442000000001,14.626565,14.5,14.5,202.71134074074072,82.25336122905028,102.022032,203.0972563432836
2021-08-23 11:00:00,203.1431227777778,203.20953703703705,203.97950737704917,203.38824349593494,201.17131999999998,631.7121751798561,632.0781937142857,629.1380220338983,72.7774703125,844.2056797468354,841.1711547945205,2.572347666666667,329.9983827067669,678.7289669090909,331.71714961832066,332.20987175572515,348.50621807692306,2.456515,2.6421526666666666,2.6522924999999997,2.458168,2.5750176666666666,15.318864999999999,15.370384999999999,15.35513,15.35608,165.5203531818182,15.351946666666668,343.38227931034487,346.79359090909094,347.35335300751876,345.6708720754717,14.544296666666668,14.563626666666666,14.55142,14.5,14.5,203.06764285714286,82.96603235602095,101.59982157894737,203.454453649635
2021-08-23 12:00:00,185.82431276595747,185.24098024691358,186.34592909836064,185.48947011952194,184.13254,588.0438674999999,589.247743062201,588.7859718309859,69.49334293478262,806.1078158469945,806.434586231884,2.3853753333333336,316.2234892592592,650.0163142335766,318.4507428030303,318.24646296296294,332.55791672862455,2.2748195,2.431339571428571,2.4400039999999996,2.2590894285714285,2.387982,14.68733125,14.73456,14.7245475,14.7221625,155.13965833333333,14.75434888888889,328.5502415730337,331.71552274509804,331.52287094339624,329.9897411764706,13.984335555555555,14.002137777777778,13.992473333333333,14.05,14.05,184.40038732394365,80.9239343,87.01374731707317,185.56658897058824
2021-08-23 13:00:00,184.83196606060605,184.080116,185.3242596707819,184.58861458333334,189.57752857142856,579.5049422939069,582.1652088235294,582.4718669902912,68.96721795,800.0530646464647,803.2056733333334,2.3570052500000003,314.440951119403,646.7649688405797,316.561188973384,316.5824018587361,330.99053471698113,2.241167222222222,2.413962777777778,2.425067111111111,2.251296875,2.368945857142857,14.656375714285714,14.706941428571428,14.692228571428572,14.697675714285714,152.59350458715596,14.696314285714285,326.5103,330.3091791044776,329.79366329588015,328.4196588679245,13.93862625,13.9601775,13.95197625,14.0,14.0,186.49536530612244,80.71822828282828,75.01736741935484,184.15295294117647
2021-08-23 14:00:00,196.4500433121019,196.2879481012658,197.0703225,196.37781341463415,194.23665,607.1497101449276,608.7562373626374,607.7156822916667,70.92899014778325,822.855111557789,822.9663720338983,2.473171333333333,321.8279490636704,663.1324021978022,324.22678432835824,323.8257345724907,340.1762643122677,2.3400214,2.5189962,2.5315074,2.3447514,2.4767316666666663,15.052488333333335,15.10178,15.064591666666667,15.087795,159.340505907173,15.069042857142858,334.77866466165415,338.883325,339.0446645985402,337.47945833333335,14.297920000000001,14.316884285714286,14.306202857142855,14.5,14.5,197.1405894736842,81.85443834905661,82.03031729591837,196.379075
2021-08-23 15:00:00,207.18594217687075,206.94117903930132,207.73829411764706,207.26401313559322,203.4508,639.1611960144927,640.5379402116403,638.1124803921568,74.0503680927835,858.9779136125655,859.2030462809918,2.617676,335.49348364312266,691.0832250922509,337.8914902255639,337.5098056179776,354.51432851711024,2.449267666666667,2.6399906666666664,2.6490183333333337,2.4510476666666663,2.6235885,15.700990000000001,15.75591857142857,15.748016666666667,15.747698333333332,166.43379480000002,15.7270375,349.2631174242424,353.2397091911765,353.34075338345866,351.8128356589147,14.905619999999999,14.923274285714285,14.917172857142857,14.9,14.9,206.64926875,86.47526608108109,84.30721555555556,207.18286691729324
2021-08-23 16:00:00,212.54620643274853,212.6161557312253,213.4005196,212.77704534412956,212.72000000000003,658.6919078853047,660.2049845744681,657.5340871794872,76.13096225433526,883.0901649122807,883.5474731034483,2.747686,345.3352207692308,711.043078597786,347.6463083003953,347.2380893536122,364.1340149019608,2.5843949999999998,2.7719714,2.79180675,2.587828,2.7495933333333333,16.207953333333332,16.26551,16.252161666666666,16.253751666666666,171.62516556016598,16.24175125,360.6973276264591,363.4021420849421,363.1056579150579,361.4487471042471,15.38823,15.406706666666667,15.390433333333334,15.4,15.4,213.04681333333335,89.06248517412935,87.4599763861386,212.76716176470586
2021-08-23 17:00:00,214.37458793103448,214.25513562753036,215.07638106995884,214.44337053941908,214.4365,700.4166850364963,701.9320682080925,699.9946537037038,80.27664110497237,931.1805644067796,929.3385156716417,2.747686,364.59749400749064,748.2370534798534,366.5555422641509,366.6834061818182,382.7788906367041,2.693393,2.895941,2.907766,2.697589,2.7495933333333333,16.694551999999998,16.752366000000002,16.744353999999998,16.738252,182.09702366071429,16.75122,381.10876908396943,381.816536121673,382.0699463601532,380.2034700757576,15.779931666666668,15.816297142857142,15.802125714285713,15.7,15.7,214.57724375,93.2313912745098,92.2008931147541,214.40204264705883
2021-08-23 18:00:00,215.73064906832298,215.71623548387097,216.50557364016737,215.8503817427386,214.4365,705.9918397111913,706.9412679738562,704.3444999999999,80.51435212643678,933.9582549707602,933.6513138888889,2.866951,363.93805839694653,750.5277450549451,365.9070891385768,365.95104054054053,385.0442104,2.711321,2.9157764999999998,2.9277925,2.714754,2.868859,16.76054,16.824840000000002,16.801192,16.80119,183.56375470852015,16.819245,380.2496980544747,384.5865183520599,384.14530760456273,382.29049118773946,15.88572,15.901738333333332,15.892330000000001,15.9,15.9,216.04233529411766,94.81210157068064,93.00043920529801,215.87400516605166
2021-08-23 19:00:00,217.29186732026145,217.20521346938776,218.07665294117646,217.39243145161288,217.2928,700.95765,700.844913580247,696.5895435897436,77.77068264705882,902.1276182352942,898.3179952380952,2.8399448,348.46290864661654,716.6843109433962,350.3437996153846,350.5779507518797,367.7779823754789,2.7213152000000003,2.9264568,2.920953428571429,2.724443,2.8516298333333334,16.848783333333333,16.909203333333334,16.895533333333333,16.893945,184.13387962085307,16.88425125,363.552208778626,366.39905219123506,366.453451171875,364.95242648221347,15.95571625,15.997184444444445,15.96067125,16.1,16.1,217.46885294117646,94.82812402116402,93.21369986842105,217.35981194029853
2021-08-23 20:00:00,210.93966790123454,210.87759749999998,211.68974769874475,210.98313621399177,209.2458,661.5741981884058,664.0404674285714,662.2404282828282,72.50223369426752,841.0180821656052,841.1776068181817,2.693012,325.7987735632184,669.8987642585552,327.63163046875,328.02495580524345,343.76915172413794,2.5700586666666667,2.768157,2.750992,2.5695503333333334,2.696064,16.814706,16.85383,16.854212,16.861458000000002,170.30341643835615,16.838636666666666,339.14404714828896,342.3572794676806,342.5726898876405,341.00250150943396,16.02772714285714,16.045818571428573,16.015411666666665,16.1,16.1,211.7256117647059,87.90835815028902,87.19074072368421,211.04242472324722
2021-08-23 21:00:00,213.1738345744681,213.01309959839358,213.91428285714287,213.19807926829267,213.13195000000002,675.1491158844765,676.1795462765957,673.9898433962264,74.99449747252747,869.689354494382,869.8754536764707,2.7483215,340.49038219696973,700.0511397003745,342.49474068441066,342.627207751938,358.5330093023256,2.632743,2.796098,2.8079225,2.636176,2.7448885,16.348962,16.412498,16.393424,16.393042,170.69807818181818,16.391024285714284,354.89358959107807,357.3958779116466,357.28266819923374,355.5384080152672,15.498168333333334,15.516988333333332,15.508086666666665,15.7,15.7,213.2249,88.70090920792079,88.42096672727273,213.2111674074074
2021-08-23 22:00:00,210.6105441860465,210.44571983471076,211.36584705882353,210.73151666666666,210.99436666666668,668.806141197183,670.1879590163935,667.9648926605504,74.93365067901235,869.170875,869.7467269503546,2.733191,339.5113607692308,698.4602698113208,341.72911,342.03599358490567,358.43661846153844,2.591674,2.791679333333333,2.803504333333333,2.5926913333333332,2.736242666666667,16.174636,16.236268000000003,16.214651666666665,16.195069999999998,170.7157952606635,16.19621666666667,354.36942727272725,356.9192498127341,356.9953678030303,355.33844745098037,15.327536666666667,15.350676666666667,15.34025,15.3,15.3,211.75874117647058,88.91255170103092,87.48542834437086,210.69640185185185
2021-08-23 23:00:00,207.56459872611464,207.33247795918368,208.20808582995951,207.48700083333333,205.70839999999998,663.3353801444043,664.2330073863636,662.9047928571429,74.74209586206896,866.9981514450867,867.04586875,2.6876715000000004,338.73200570342203,697.9468710526315,341.13626183206105,341.07268787878786,358.144915234375,2.5442477500000003,2.74002525,2.7504578000000004,2.5460283333333336,2.6893884999999997,15.8347675,15.916807499999999,15.901069999999999,15.90012,168.7763096069869,15.883111666666666,352.81185877862595,356.9404656126482,356.9620623076923,355.342526171875,14.993385000000002,15.013478333333333,14.996948333333334,15.1,15.1,207.2310875,88.30849076142131,86.9641824852071,207.60141660516604
2021-08-24 00:00:00,208.2812981707317,206.84891416666667,207.7458445833333,207.2233784232365,209.5365823529412,681.1248443262411,685.1236259067358,686.7183105691056,77.53748797752809,899.2398367231639,904.390108074534,2.7813440000000003,351.8853879245283,723.491865,354.3543654135338,354.11037566539926,370.4901434262948,2.6391732857142856,2.833336625,2.845018375,2.633792375,2.784341,15.32601625,15.39207875,15.377588888888889,15.372055,173.8958456521739,15.388184444444445,367.032259375,369.79570634328354,369.90622751937985,368.11645265151515,14.359586363636366,14.380669999999999,14.367491818181817,14.333333333333334,14.333333333333334,203.829334375,91.86806425925926,84.93788654054055,206.97899592592591
2021-08-24 01:00:00,183.52454352941177,183.05701513944223,183.98226737288135,183.25450086956522,186.5054,619.4523892473118,620.4985195,617.7638,72.3023676884422,838.8003823232324,840.4816919708029,2.5344576666666665,331.0908763157895,680.2172647940075,333.12073146067416,333.1598267175572,348.06389765625,2.414842,2.6076442,2.608426,2.41818,2.5448836666666668,14.59793,14.64182,14.6268025,14.62370375,157.84888533333333,14.65016625,344.58666666666664,347.15841203007517,346.8018185606061,345.3897554307116,13.782422500000001,13.803212499999999,13.790815,13.8,13.8,183.2498418918919,83.88818091346154,77.1820037912088,183.26964254545456
2021-08-24 02:00:00,166.70345359477125,166.13817071129708,167.06167942386833,166.48888451882846,164.82255,571.0573670212766,573.2865868263473,572.6785565217391,68.74177551912568,797.4938535911602,798.0259506172839,2.306988,316.3555108614232,648.7290180147058,318.1072780669145,318.3235947565543,332.39725970149254,2.1970043333333336,2.35791125,2.38226,2.1985306666666666,2.3100393333333336,13.731092499999999,13.777370000000001,13.771645,13.768785,148.53898925619836,13.797188571428572,328.74410222222224,330.68689776951675,331.06252377358487,329.83726525096523,12.975475,13.02301857142857,12.944154000000001,13.8,13.8,167.48406229508197,84.21977761682243,58.15243108108109,166.15618880866427
2021-08-24 03:00:00,163.35910891719743,163.328869527897,164.19218942731277,163.49432553191488,165.3203125,570.2519516483517,571.1304916666667,569.178812345679,68.41749333333334,793.6429497267759,793.933784126984,2.295417666666667,313.39967811320753,641.9181186813187,314.9577400749064,315.4963871698113,328.5245561068702,2.1831453333333335,2.3558133333333333,2.364396,2.185561,2.3005033333333333,13.6323925,13.67604625,13.6641275,13.66794,150.9122134199134,13.65697375,325.7401938931298,326.9325927756654,327.1186734848485,325.92041750972766,12.8698125,12.888094285714287,12.870655714285714,12.9,12.9,163.10143333333332,80.96308084507042,70.14468179190752,163.45610652173912
2021-08-24 04:00:00,161.13558367346937,160.92596749999998,161.7840458874459,161.06178117154812,161.6504,562.2630858181818,563.3749018404908,561.9308705882353,69.05929194444444,801.1382266666667,801.0603526315789,2.287153,316.78898421052634,652.6915154411765,319.11501586715866,318.9806970037453,334.81172901960787,2.1653439999999997,2.3308664,2.35772025,2.1794576666666665,2.2902045,13.62772,13.65292,13.654257999999999,13.6400475,148.0749872246696,13.662775000000002,329.4990909774436,333.51598082706766,333.52691946564886,332.2051436507937,12.904078333333333,12.918175714285713,12.90814857142857,13.1,13.1,161.1387052631579,81.0566704608295,63.49031759493671,161.09177259259258
2021-08-24 05:00:00,169.49629464285712,169.31337415254237,170.0648493723849,169.36211428571428,170.0544,569.7573054545454,571.3918542372882,569.7767031249999,69.24373005050505,803.25055,803.226812345679,2.314617,317.95947249070633,654.7969516853932,320.33705880149813,320.2198779026217,335.58310563909777,2.2099484,2.3789287999999997,2.3896094,2.2070492,2.3177956666666666,13.754192222222223,13.8028775,13.79214875,13.78976625,148.07680689655172,13.780705833333334,330.8897295202952,334.4790667910448,334.2790446096654,332.8164996240601,12.998846666666667,13.019188888888888,12.998676666666666,12.9,12.9,169.7376160714286,81.48445466981131,65.0661667114094,169.5018274074074
2021-08-24 06:00:00,176.37101904761906,176.43482520325202,177.2805979757085,176.5837410041841,178.4997,593.9167710714286,595.4398307228915,593.1303585365854,70.61868093406594,819.20901160221,821.0584847619048,2.3809886666666666,322.2001332075472,664.4953097378277,324.037693385214,324.20198576923076,341.77514263565894,2.2680803333333333,2.44593,2.45880375,2.273039333333333,2.405592,13.84934,13.895140000000001,13.8713,13.872573333333333,154.383384,13.884653333333333,335.18309450980394,340.25654626865673,340.45076381322957,339.07718452830187,13.074963333333335,13.093273333333334,13.092260000000001,12.9,12.9,176.37220740740742,83.44858767195767,64.37107528169014,176.6926
2021-08-24 07:00:00,165.50248554913296,165.41465514403293,166.2638174672489,165.47056101694915,168.6263,566.8661014184397,568.4570073863637,567.9915509433962,69.23779916666666,803.0525321839082,803.4456849999999,2.2759636666666667,318.4639103053435,656.4425395604396,320.8533091254753,320.74305056179776,336.6146832684825,2.1645816666666664,2.3314003333333333,2.3442426666666667,2.1687773333333333,2.2792696666666665,13.727595,13.767355,13.754959999999999,13.756546666666667,146.68288954545454,13.759588571428571,331.2130745318352,335.60448396946566,335.46211072796933,334.04009248120303,12.99721625,13.0172425,13.00465375,12.9,12.9,166.0554450980392,80.81618616766467,58.35635096491229,165.49814407407408
2021-08-24 08:00:00,154.08978268156426,153.91438040816328,154.66011806722688,154.07326,155.15146,501.22577,502.35362797927456,501.58376460176993,61.58747494505494,714.0205139664805,713.6811847222222,2.02366875,290.55927265917603,598.1793554744526,293.4917196153846,293.12869,304.8691965648855,1.93517325,2.1081019999999997,2.124657,1.933552,2.0148,14.048752222222223,14.133457272727272,14.052275555555555,14.097741818181818,116.08964798206279,14.121734615384614,301.1423295019157,304.1322102272727,303.51088897338406,302.33152943396226,13.516659090909089,13.562556999999998,13.567288,13.55,13.55,155.148149122807,76.57187842364532,39.57835487179487,154.08223043478262
2021-08-24 09:00:00,149.63402483221478,149.56381057268723,150.23928270042194,149.669960619469,149.7035,489.5034716845878,489.864533125,487.9966734939759,59.600040062111795,691.2548754716981,688.1684543689321,2.004883,283.1397880478088,581.5658125925926,285.6016769230769,285.4600612403101,297.48055992366415,1.9116826666666666,2.0603196666666665,2.0739243333333337,1.89083,2.028151,13.382887142857143,13.450618571428572,13.410567142857143,13.441962222222223,109.73581173913044,13.442554999999999,293.05868046875,295.4806285714286,295.9125542635659,295.1555551724138,12.857457777777777,12.868815555555555,12.863561111111112,12.95,12.95,149.755,76.27340806451613,33.62608632653061,149.694912267658
2021-08-24 10:00:00,149.76346470588237,149.62390932203388,150.30856177777778,149.74637905982905,149.7035,495.19092230215824,495.77005241379317,494.1866638297872,60.357821524390246,700.1205644171779,698.1979329787234,2.046842,285.7313484251968,588.9905609665427,288.48678682170544,288.1953984375,301.3517873076923,1.965975,2.112832,2.125038,1.9568205,2.048749,13.1446175,13.192641666666667,13.172775,13.175001666666667,111.4723888429752,13.177475714285714,295.707794,300.2423586206897,299.9905011406844,298.90998740458014,12.559916153846153,12.57764,12.56390846153846,12.675,12.675,149.78040000000001,76.05313905759162,31.544768166666664,149.77157490636702
2021-08-24 11:00:00,152.8059813559322,152.4999930612245,153.26898412698412,152.67143401639342,158.59441333333334,496.0799685714286,496.36993451776647,495.8886589147287,60.21439152631579,698.4360268817204,705.2648664516129,2.1065166666666664,287.1710608365019,589.8778503597123,289.2022698113208,289.4279475836431,301.88493595505616,2.0105194444444443,2.1671244444444446,2.1793732222222224,2.0144611111111113,2.107661111111111,13.250088,13.295696000000001,13.273,13.273765000000001,110.83074938223938,13.304056666666666,296.7614258555133,300.4881637735849,300.4967347014925,299.52026826568266,12.684875,12.704456666666665,12.6884325,12.85,12.85,157.6874054054054,77.0706497260274,35.126219090909096,152.4473789090909
2021-08-24 12:00:00,151.21926024096385,151.12128565737052,151.77824246031747,151.23483557312252,155.69263333333333,494.6327203508772,494.56543673469383,496.1777410447761,61.15900571428571,709.5343620111732,708.104994375,2.100189857142857,290.88701791044775,596.9280955390335,293.53077642585555,293.2425865671642,304.67155396226417,2.011155111111111,2.14539775,2.15707975,2.0113671111111113,2.0961027142857143,13.122878,13.168676999999999,13.150175999999998,13.15189,110.84268381742739,13.147314,300.95198490566037,303.45438684210524,303.4586256603773,302.1914538167939,12.539061,12.550352,12.523193000000001,12.4,12.4,155.39054285714286,78.93068935323383,32.83823678571429,151.13305942028984
2021-08-24 13:00:00,157.47647674418604,157.50209873949578,157.8864447257384,157.20429617021276,159.45022592592593,505.26740401459847,504.518730964467,501.7863927927928,61.40302290322581,712.6061270718233,706.3604215384615,2.0971925000000002,290.8953488970588,598.5375394833948,293.7419953667954,293.3655875,305.7065937037037,1.963092888888889,2.1426886363636366,2.149756,1.9630082222222223,2.098766125,13.440377142857143,13.480862857142856,13.472961428571429,13.47296,112.705788671875,13.44959,301.3543330909091,304.73222264150945,304.6769292592593,303.45160885608857,12.843216666666667,12.86103875,12.853897777777778,12.975,12.975,159.1285588235294,79.63960598039216,32.541486739130434,157.15828981818183
2021-08-24 14:00:00,152.07794,152.2710875,152.92770040983606,152.35597974683546,160.27086153846156,475.3645801444043,476.88242959183674,474.5856450704226,59.7777073,693.17495,691.9935286585365,1.971765909090909,284.8162299625468,586.1274853479854,287.19973636363636,287.54255305343514,299.7969931558936,1.880218909090909,2.0289829090909093,2.0405304545454546,1.881189818181818,1.9728409999999998,13.170938999999999,13.220361,13.203768,13.202052,106.12346616666667,13.187816363636363,294.2771203773585,298.7392874074074,298.5844160305343,297.4861354716981,12.5909125,12.599557500000001,12.601466153846154,12.475,12.475,153.73606170212767,75.80407951456311,34.236439295774645,152.37669779411763
2021-08-24 15:00:00,162.6770038888889,162.38383502109704,163.0974231092437,162.34473140495868,161.05995000000001,570.7125276978418,572.5395988888889,569.6578579439253,67.34319520618557,781.468264021164,783.3778057692308,2.360009,307.29484569288394,634.2480356877323,310.1133845283019,309.92984714828896,324.52656904761903,2.23622975,2.4107416,2.4174803333333332,2.2414555999999997,2.36182125,13.587502857142857,13.585535,13.616277142857143,13.616547142857144,148.09599207048458,13.6572125,318.8482918604651,324.1961270992366,323.9652440613027,322.3903211538462,12.926457777777777,12.91615875,12.90185375,13.2,13.2,163.9406625,79.5426730952381,72.84707205714285,162.44290698529412
2021-08-24 16:00:00,183.8555004854369,183.79418629032259,184.99017242798357,184.2695104,185.2421,618.2988385714286,620.215029953917,617.9159701388888,72.28169577142857,838.2974825581394,842.3319720238095,2.4601005999999996,325.75794826254827,671.9450715355805,328.4798536121673,328.202544486692,344.52121849056607,2.335542142857143,2.520489142857143,2.529099,2.3406825,2.461474,15.001946666666667,15.052511666666666,15.037889999999999,15.038526666666668,165.39861428571427,14.873687142857145,338.47572046332044,344.1639716475096,343.92848745098036,342.05526899224805,14.0084325,14.028727142857145,14.002572857142857,13.7,13.7,183.79023950617284,86.0969393298969,92.41098158823529,184.19623639705884
2021-08-24 17:00:00,203.39710594594595,203.0897681632653,203.93677083333333,203.20711721311474,203.72545,700.1605028985507,701.207225,698.9760514084508,80.50681132947977,933.8292805882352,933.1879494382022,2.819398,361.5049717131474,746.713027306273,364.11786023166025,364.0094901574803,383.49885343511454,2.6604616666666665,2.8788715,2.88993375,2.6649119999999997,2.822703333333333,15.9172575,15.9139475,15.9621025,15.961625000000002,186.715676076555,15.8924925,377.3948235741445,382.6090127819549,383.15686511627905,381.14870193050194,14.927525000000001,14.913030000000001,14.919744,15.0,15.0,202.6275222222222,96.20502436842105,109.26497765957447,203.25373834586466
2021-08-24 18:00:00,203.32571505376345,203.14489367588934,203.93478053435115,203.32529215686276,201.5558,660.5531532142857,660.9581191387559,658.0987217054264,76.08344360465117,883.1382778443113,877.5886722891566,2.68681325,338.6771528957529,700.4879174242425,341.2584545454546,341.11115323193917,359.08445134099617,2.557556,2.743267375,2.75413875,2.5621757777777776,2.68948375,16.001757777777776,16.03958375,16.04851222222222,16.03049888888889,178.57618392857142,16.03156,352.5934479245283,359.1845835294117,358.9707270992366,356.9464889733841,15.125659285714287,15.1655475,15.141898333333332,15.149999999999999,15.149999999999999,203.06938055555554,91.5504673015873,103.5718517919075,203.33475766423356
2021-08-24 19:00:00,206.7075558139535,206.56984916666667,207.34765593220337,206.71313927125507,207.0212,649.3184311355311,650.3870353932584,648.8110731182795,74.47643737142857,863.9076784883721,864.174652,2.68462,332.97596447876447,686.9251420664207,335.0403893939394,335.2757137931034,352.62381335877865,2.538526,2.732301,2.751755,2.541959,2.688434,15.845068000000001,15.911276,15.894494,15.894876,177.0329225225225,15.87294,346.8580572519084,351.8769310077519,352.2788469924812,350.3588749063671,15.034178,15.044758333333334,15.03331,15.149999999999999,15.149999999999999,206.80896363636364,90.84274133663367,104.53204098360655,206.7276877777778
2021-08-24 20:00:00,201.9366,201.61956113360324,202.53812510121455,201.7897379310345,204.68946,631.456423655914,632.1768310344828,629.5516042372881,72.45463852071005,840.6167353293413,840.476830967742,2.5925645,326.0618747081712,672.6079733333333,328.3090667953668,328.66599423076923,344.78117870722434,2.4806098333333333,2.6524695714285715,2.6668007142857144,2.4766045,2.5956158333333335,15.987892857142857,16.042548571428572,15.99357375,15.99261875,168.4036974025974,16.0057325,339.44387760617764,344.1381924528302,344.3222216216216,342.824650390625,15.23630625,15.2540425,15.23973875,15.1,15.1,202.1103206349206,85.70423311320754,97.50838290502794,201.7757879120879
2021-08-24 21:00:00,197.5766097826087,197.47441880000002,198.32972429149797,197.67362430278885,197.2714,623.9476921708185,625.2430944444444,621.78719453125,72.2372735078534,837.9279026178011,835.4360377622377,2.5999386,325.806936259542,672.2401906716417,328.15274701492535,328.16944666666666,343.83348505747125,2.4956516,2.6689262857142855,2.682276857142857,2.4945963333333334,2.6023804,15.739408000000001,15.794745,15.7995125,15.797605,165.14249083333334,15.782891428571428,339.23318134328355,343.85343735849057,343.81678365019013,342.08985074626867,15.021361666666666,15.033131428571428,15.020052857142858,15.1,15.1,197.3257260869565,84.8960581690141,88.88727240837696,197.61575627240146
2021-08-24 22:00:00,196.42827714285713,196.2534313807531,197.00866034482758,196.36149840000002,196.37423333333334,611.4732099290779,613.3100492307692,612.3880891891893,71.20224765550239,825.9496771144279,826.7009458015267,2.535093,323.63929219330856,667.4341132841329,326.15443470149256,326.0183534798535,341.6557418867925,2.4093109999999998,2.5925643333333337,2.612336,2.414429,2.536428,15.549107777777778,15.602430000000002,15.586536666666667,15.589716666666666,158.29219870689656,15.588867777777779,336.7129425925926,341.315478021978,341.48336616541354,339.6430315589354,14.821822222222222,14.841996666666667,14.82945111111111,14.75,14.75,196.84296363636363,87.06551290322581,61.14117699421965,196.41300362318842
2021-08-24 23:00:00,189.87418841463415,190.13178512396695,191.02506541666668,190.42309881422926,189.37545,594.3637920577618,595.4867199004975,593.2873765217391,70.43428115606936,816.9682081395349,816.9368218487394,2.488938,320.0122872093023,659.9299201492537,322.2703560150376,322.18284887218044,337.8381758364312,2.371834,2.5005086666666667,2.513096,2.37603,2.491227,14.953355714285715,15.03058,15.009281666666666,15.012776666666667,156.8895096491228,15.035347777777778,332.7820772727273,337.72047940074907,337.5855903345725,335.9072307692308,14.255415,14.276395,14.27735125,14.1,14.1,190.1152734375,89.38899134883722,59.156772380952376,190.37844832713756
2021-08-25 00:00:00,182.49389176470586,182.41261195219124,183.18250836653385,182.54580534979425,189.37545,583.2212712765958,585.1647054347826,584.621495652174,69.9120020967742,810.968991160221,813.1344085106382,2.4001565,317.3156086142322,653.8633996363636,319.41431927272725,319.5919981343283,334.9042573584906,2.273993,2.47949725,2.489987,2.2907384,2.4025404999999997,14.592342857142857,14.65054142857143,14.631465714285714,14.631739999999999,157.54391222707423,14.62274875,330.2255871794872,334.24119104477614,334.6255311787072,332.8938458015267,13.832928,13.864965999999999,13.844523,14.0,14.0,182.484715,87.89595129186604,66.08080157142857,182.5224188405797
2021-08-25 01:00:00,175.5948956521739,175.3227928,176.1716970338983,175.44846406926408,179.8042,583.8920389891697,584.4392714285715,582.4313114583333,69.84060321428572,810.0830305389222,811.1809891304348,2.4181795,316.6290873076923,652.7800589552239,318.8769552238806,318.90689543726234,334.6234561752988,2.29525875,2.4552436666666666,2.467195666666667,2.2801596666666666,2.387473333333334,14.519164,14.565534,14.552564,14.550273333333331,156.86661842105264,14.551548333333335,329.3074645038168,333.93317222222225,334.43017164750955,332.517516,13.795393333333331,13.812686666666666,13.796663333333333,13.6,13.6,175.16277575757576,86.71585423469388,66.65917956834532,175.44279325842697
2021-08-25 02:00:00,163.78601933333334,163.85444246575344,164.70753220338983,163.9449953586498,163.2433,537.4085676363636,537.4197079096045,535.015978021978,67.09525786585365,778.2558465838509,775.240930120482,2.183304,308.2668840909091,636.1376299625468,310.97735,310.4327041509434,325.8576435114504,2.06229,2.2252822,2.2313853999999997,2.0627098,2.1603856666666665,13.948517500000001,13.99384,14.116572,13.983825,142.08308957345972,14.071558333333334,320.207500390625,325.23856795366794,325.3842348484848,323.69382403100775,13.417506666666668,13.497102000000002,13.423355,13.333333333333334,13.333333333333334,164.2981755102041,79.31559806629835,58.39212813725491,163.9505742647059
2021-08-25 03:00:00,155.08674752475247,155.16295301204818,155.98994703557312,155.3327032,157.7705,542.7199238434164,544.5885939655172,543.2582936046512,65.15038482954546,755.7618331428571,753.3810929032257,2.2794285,297.13807196969697,611.1955830882353,299.1821178438662,299.25019438202247,312.6891252788104,2.175934142857143,2.3414815714285715,2.354049,2.1771327142857144,2.2822895,13.5661175,13.610009999999999,13.597135,13.604765,144.24833574468084,13.622216,307.8391124528302,311.8015437735849,312.07861698113203,310.56648111111116,12.924929999999998,12.947055,12.933576666666667,13.0,13.0,157.40199555555554,81.01744167487684,61.7249547826087,155.28556799999998
2021-08-25 04:00:00,153.71545238095237,153.54018151260502,154.41525762711865,153.72961322314052,157.7705,524.8411446043166,525.5647591836735,524.69535,63.592784367816094,737.7613377906977,737.9092153846154,2.178441,289.8799912878788,596.5285118959108,292.332504887218,292.3025988636364,304.9562633962264,2.065659666666667,2.2280284999999997,2.2362933333333332,2.0648966666666664,2.182636,13.684683333333334,13.727941666666666,13.712683333333333,13.715221666666666,141.25205175438595,13.685663333333332,300.3910333333333,304.19679505703425,304.31592083333334,302.73139423076924,13.029701666666668,13.052335,13.040381666666667,13.1,13.1,153.7621,81.42925232227489,56.71444637795276,153.74107026022304
2021-08-25 05:00:00,161.33508529411765,160.92020000000002,161.79293733905578,161.14837379032258,154.7294,529.4245702508961,531.3749345549738,530.3656366972476,63.721507081081086,739.2191522222222,739.8066273584906,2.1808822,289.55021596958176,595.5417644927536,291.84697,291.8285100386101,304.7390909090909,2.0879425,2.2478001666666665,2.2466432,2.09175675,2.1820264000000003,13.814056666666666,13.85954,13.84301,13.843645,143.43871133004927,13.833156666666667,300.09052045454547,303.63904135338345,304.0363277777778,302.60330708955223,13.176431666666666,13.197791666666667,13.185841666666667,13.1,13.1,161.40584444444443,82.01439944162436,58.270152,161.20615464684016
2021-08-25 06:00:00,166.40968186813186,166.86666390041495,167.60051203319503,166.88532887931035,167.42706666666666,533.5517892473118,533.525225,531.6649926605504,63.94724214285714,741.7803499999999,741.3923790476191,2.1957586,290.62347984790875,596.77795,292.64381800766284,292.8549832713755,304.89072613636364,2.100244,2.2523775,2.2772356,2.1025326,2.198848,13.87509,13.917073333333335,13.90817,13.903723333333334,144.62522635983265,13.910808571428571,301.10395617977525,303.97198443579765,304.1937424354243,302.75700766283524,13.246218571428571,13.269322857142857,13.250794285714287,13.1,13.1,165.95695223880597,81.32387405660377,61.17396719178082,166.97360654545454
2021-08-25 07:00:00,154.087325,153.86610123966943,154.76029649122808,154.02070041841003,153.7407,536.8951744680851,537.9146984126984,536.9626543859649,64.28538402061855,745.6082329842931,746.6522630434782,2.1965589999999997,292.69511985018727,602.5250917910447,295.36734014869893,294.97942368421053,307.54472068965515,2.09013575,2.2507245,2.2643615,2.09299675,2.1912826666666665,13.715454,13.761444000000001,13.748856,13.751524,142.89158427947598,13.737158333333333,303.7599477443609,307.17006807692303,306.84671346153846,305.4618957692308,13.074458333333332,13.09073,13.081325,13.1,13.1,154.31159642857142,81.70984839285714,57.994405987261146,154.02424813432836
2021-08-25 08:00:00,150.08963157894738,149.93253508771932,150.67650611353713,150.03021234567902,151.10415,522.6942503571428,523.8500789999999,522.9218454545454,62.4415168852459,724.3249314917127,724.8694188524589,2.1978945,294.9313664092664,605.626310989011,296.9717550185874,297.3412871698113,309.3732445692884,2.102469333333333,2.2619775,2.275709625,2.102787166666667,2.1959872000000003,13.795092222222221,13.849685555555556,13.823406666666665,13.830613333333334,118.676764,13.8202825,306.2413832061069,308.6900003773585,308.8456247148289,307.18921553030304,13.128319,13.127167272727274,13.164325999999999,13.333333333333334,13.333333333333334,150.82318076923076,80.23278731958763,44.523505,150.02312299270073
2021-08-25 09:00:00,150.92328896551723,150.7443294871795,151.4694513043478,150.79142026431717,153.63645,526.2747241992882,527.4896500000001,527.8705754098361,63.89871265,741.2168102564102,743.3592845238096,2.273748,303.5295503703704,627.1304352517985,306.20183161764703,305.94861856060606,321.24964797047966,2.1554585,2.32586975,2.338219125,2.158176375,2.2742382857142855,13.29815142857143,13.326102857142857,13.308666666666667,13.312481666666669,114.08853933054392,13.308121428571429,315.58404106463877,320.84040671641793,320.753580075188,319.1399317343173,12.605873333333333,12.623164444444445,12.612822222222222,12.55,12.55,152.3641,79.6134307106599,34.925969615384616,150.85781751824817
2021-08-25 10:00:00,149.66305466666668,149.608269527897,150.2745617777778,149.72173261802573,153.63645,516.600731294964,517.4798986666667,515.9896433962264,62.69980217647059,727.3079211764706,727.3775446428572,2.273748,297.68767074074077,614.124007116105,300.09679087452474,300.01338188679244,314.46932304832717,2.087656,2.243668,2.256637,2.089182,2.2742382857142855,13.305779999999999,13.36683625,13.35610875,13.35420375,113.50001026785715,13.35539375,308.81817442748087,314.047431598513,313.8743515037594,312.46363245283015,12.69549125,12.7187575,12.7025475,12.6,12.6,149.7653,79.28738777777777,39.0976355,149.72897773722627
2021-08-25 11:00:00,149.65590628930818,149.5453356846473,150.23382591093116,149.6851974789916,153.63645,519.4058776978418,520.2787541899442,519.3429116504855,63.15557508982036,732.4815349397591,733.3004726315788,2.1912190000000002,300.9857507633588,619.3415570909091,303.0239543396226,303.350166796875,317.2954941634241,2.0516095,2.2303175,2.2429050000000004,2.0712545,2.193317,13.150720999999999,13.196141,13.189994444444444,13.18617888888889,112.99078828451883,13.151953333333333,312.33557354085605,316.3035862204724,316.629842578125,315.10273359683794,12.49035909090909,12.507698181818181,12.49479909090909,12.65,12.65,149.7584,78.47060796954314,40.64134583333333,149.69678992537314
2021-08-25 12:00:00,156.30102894736842,154.78882116182572,155.80955169491526,154.8550801724138,174.80082307692308,533.2472451263537,533.8952615384616,533.2787314606742,65.19413632432433,756.489935359116,770.5466785714286,2.4322296666666667,309.74652444444445,637.7976388888889,311.6548253731343,312.0595394052044,327.3151311284047,2.2779218,2.5002725714285714,2.4808325,2.2824228,2.460234,13.629690000000002,13.673585000000001,13.652921666666666,13.541348333333334,116.1730644736842,13.653055714285715,321.6102167910448,326.4929431906615,326.86894641509434,325.0124906367042,12.832366666666667,12.855506666666665,12.842793333333333,13.100000000000001,13.100000000000001,167.8161125,79.85576666666667,40.540130116279066,155.05895801526717
2021-08-25 13:00:00,214.76757513227514,215.65704796747968,216.0201603305785,214.84472078431372,209.55796666666666,697.8834395759717,696.0285410714285,692.9407077669904,83.36488919753086,968.4778993630574,957.8085652173913,2.7224597,387.90703657587545,796.3866831460674,390.9490699619772,390.4644174242424,406.0919277992278,2.5945106923076926,2.7943593076923077,2.8127043571428567,2.5970633846153843,2.7284865,16.13593909090909,16.190147272727273,16.174369090909092,16.174369090909092,176.7711008583691,16.085448461538462,405.261574015748,405.72928479087454,406.58675056179777,404.74443282442746,15.101591666666666,15.119138333333334,15.107060833333334,15.219999999999999,15.219999999999999,208.04283500000003,92.89233787878788,83.24295989189189,215.4495925266904
2021-08-25 14:00:00,233.94853314285714,233.66747320000002,234.54853487394956,233.8361274509804,234.05273333333335,767.7809648550724,770.0436765060241,769.070263,88.76704447368421,1029.7337513368984,1033.2478732394366,3.0894876,408.7906586466165,836.1171592592592,410.7977196969697,410.854466015625,426.0323118577075,2.9217162857142855,3.139924,3.152130375,2.9242228571428575,3.0916995999999997,17.3298,17.39419625,17.378698749999998,17.3796525,194.45940695652175,17.381179,428.2125128404669,425.2677076335878,425.84990075757577,423.5030856031129,16.295223333333336,16.33692888888889,16.304885555555554,16.2,16.2,232.825,100.70645215962442,94.50395957446808,233.73531875
2021-08-25 15:00:00,232.88850650887574,232.7758652542373,233.6022970954357,232.89022023809525,233.0,759.0406361313869,760.8100151515151,760.1170511278195,87.95094672222223,1020.1890320224719,1018.6236624999999,3.049283,402.9674531835206,822.4998953068591,404.95422862745096,405.03824291044776,418.14660714285714,2.881828,3.089907,3.0946749999999996,2.8688585,3.051762,17.321048571428573,17.383604285714288,17.37434142857143,17.371887142857144,197.08314917355372,17.37975888888889,421.65324486692015,417.5969353383458,418.1016030534351,415.5717042145594,16.331163333333333,16.352988749999998,16.34608111111111,16.2,16.2,233.01871999999997,101.9879764516129,93.53828484693878,232.90531727941175
2021-08-25 16:00:00,257.22165824175823,254.58342270916336,255.48021934156378,254.76391219512197,276.43764210526314,804.821164874552,807.9285235294117,811.8358936936936,89.5662651807229,1039.51833625,1053.2654867052024,3.364288181818182,406.6850207843137,831.9915477777778,409.139480078125,409.71154555984555,422.82966848249026,3.1512245,3.415794153846154,3.427648384615385,3.2136483,3.4007476,18.028087142857142,18.090097142857143,18.077838571428572,18.073477142857143,206.29148214285715,18.04262888888889,426.9669032,423.67984806201554,423.3626505703422,420.14188603773584,16.88339125,16.91276375,16.892355,16.8,16.8,261.5198375,98.61487727748691,104.43410697986577,254.84403814814814
2021-08-25 17:00:00,323.27392849462365,323.08659033613446,323.92443138075316,323.3832033898305,322.06803214285713,1011.8886831541218,1011.3488065789475,1006.4442326315789,104.6291739884393,1213.7388143712576,1213.5171760299627,3.997107909090909,467.3268958955224,948.2554116788322,468.9274498084291,469.3044848148148,479.70952567049807,3.777409714285714,4.059186125,4.0591861875,3.782804357142857,3.9999167272727267,18.540181666666665,18.571484,18.55699,18.560803999999997,265.63917932330827,18.546472857142856,489.93882269230767,479.1846358778626,479.8089871595331,476.87960653846153,16.91257333333333,16.88587,16.909521666666667,17.0,17.0,319.4207466666667,101.25991298755186,120.46797272727274,323.2266934065934
2021-08-25 18:00:00,327.87494935064933,327.51438076923074,328.41523967611334,327.78675527426157,327.632275,1025.9170769230768,1027.7524285714285,1024.7563333333335,104.63695271739131,1213.7939782608696,1213.5691026615968,4.1085595,464.6891084291188,946.0661348314607,466.65735555555557,466.5217282527881,480.1112568181818,3.8884652500000003,4.1647593333333335,4.168319333333333,3.89285175,4.110658,18.7199375,18.79339,18.777655,18.7767025,267.24566785714285,18.79196,487.4801238636364,479.5078649253731,480.1896121568627,477.37272234848484,17.05638,17.0846025,17.0640075,17.0,17.0,327.9332083333333,101.65872076233184,117.91471818181817,327.7591610486891
2021-08-25 19:00:00,327.15077804878047,326.8226619246862,327.7175776859504,327.0284820408163,327.34994615384613,1024.8620799999999,1027.391139534884,1024.1479375000001,104.92918823529412,1217.1725928143712,1217.31984981685,4.101693333333333,467.9558230769231,951.6382664150943,470.2496111969112,470.07648571428575,482.31226515151513,3.870537,4.1473146,4.15805225,3.875305,4.11835,18.657472000000002,18.722156000000002,18.706134,18.706516,265.4873012,18.6931,490.9884377952756,481.382688671875,482.63489007633586,479.58730383141767,17.00412,17.0266225,16.99802,17.0,17.0,327.63028181818186,101.94436862831859,118.91814666666666,327.0949811808118
2021-08-25 20:00:00,318.7652943037975,318.93302227074236,320.17903376068375,319.2067560165975,314.88293571428574,1001.2068577868853,989.0087642201835,985.0786555555555,103.04359061855669,1194.785783068783,1200.983617647059,3.8758136666666663,461.6993185873606,939.3219520146521,463.7619148698885,463.53199400749065,475.81519520295205,3.632853666666667,3.9102422727272725,3.894263,3.636159444444444,3.861709428571429,18.434598571428573,18.5218475,18.5123125,18.487348571428573,257.03725675675673,18.52473666666667,483.92252916666666,475.3875079710145,476.1793566037736,473.1246974169742,16.966302857142857,16.99093285714286,16.975457142857145,16.9,16.9,315.0364416666667,101.55969364035087,117.95008166666666,319.83198634686346
2021-08-25 21:00:00,322.2611070967742,322.065994893617,322.965440167364,322.2745397540983,321.29372666666666,1014.0038747292418,1015.5008226086957,1011.4733352941175,102.52733433734939,1189.2937499999998,1189.228637735849,4.024387333333333,462.8741352059925,944.1234037037036,465.04379195402294,465.07560224719106,479.601812267658,3.7796764000000005,4.057293400000001,4.0627097999999995,3.7844064000000004,3.9952699999999997,18.5778475,18.640335,18.6269825,18.62794,245.406362601626,18.6126775,485.7046379699248,479.06269511278197,479.63056605839415,476.8040819188192,16.9339325,16.956055,16.940034999999998,16.9,16.9,319.79778421052634,105.06444246575343,119.24472666666666,322.3625248120301
2021-08-25 22:00:00,324.0613075471698,323.8527383333333,324.84876772908365,324.185870338983,324.11428,1019.8679126811594,1020.7509194690266,1017.0823274193548,102.96005705882352,1194.1600363636362,1193.9903956043956,4.0890105,463.82747203065134,944.7717152985074,466.1613212927757,466.00331335877866,479.2812469465649,3.8561693333333333,4.137549833333334,4.140219666666667,3.8672568,4.0912992500000005,18.542085,18.60696,18.618399999999998,18.616496666666666,249.80193659574468,18.588648,486.1974582375479,478.69311828358207,479.29159305019306,476.3211667938931,16.874683333333333,16.903673333333334,16.862985000000002,16.9,16.9,324.1947,105.02678585858585,121.65501599999999,324.2209132841328
2021-08-25 23:00:00,309.8910035087719,311.2320666666667,312.1392289795918,311.540047368421,307.2088857142857,974.8691456834532,966.2018857142857,955.0816735632184,100.57745230303031,1166.7728148148149,1170.5509601593626,3.854564125,455.4238741176471,926.1752557142858,457.0535796934866,457.1239838461538,469.925121484375,3.6623096666666664,3.9378451818181817,3.935213444444445,3.6808438000000003,3.85790175,18.273803333333333,18.333588333333335,18.31833,18.321825,240.3090051724138,18.337085,477.1127577946768,469.23244886363636,470.0683353846154,466.9552138461538,16.826366,16.824185714285715,16.803225,16.9,16.9,309.92828125,104.1306257709251,116.89467570621468,311.68451304347826
2021-08-26 00:00:00,217.1869033018868,215.05827683397683,217.3911484,214.55785547169813,247.37663513513513,711.6244795053003,718.4545104803494,724.3392949438202,78.2340556684492,907.8720069892474,915.1798371428571,3.0177403076923075,353.39384285714283,725.3253985074628,356.34083598484847,355.5961921052632,369.1888190298507,2.8568431666666667,3.06515115,3.0770712,2.8506093157894736,3.016532857142857,16.74240111111111,16.80864888888889,16.787883333333333,16.789152222222224,181.2618183760684,16.577076153846154,369.47165622641506,369.23973460076047,369.75672442748095,366.5863831460674,15.641662727272728,15.630565454545454,15.699573000000001,15.8,15.8,217.1611705357143,90.6429390952381,93.74527158415843,215.4124867857143
2021-08-26 01:00:00,179.85139102564102,179.70716590909092,180.51366769911505,179.79210660792953,247.37663513513513,596.1506112727274,596.4106162790698,594.9179876288661,67.37291588832487,781.7840248677248,782.2264478723404,2.472536,306.85899660377356,628.4623832089552,309.280486770428,309.2470996240601,319.09447595419846,2.344656,2.5238405,2.536746,2.348057333333333,2.4780029999999997,15.371737777777778,15.443812,15.426457,15.41064888888889,153.06187413793103,15.393462,318.17015648854965,318.969909765625,318.53212404580154,316.9540356877323,14.679446363636362,14.676364444444443,14.68523,14.4,14.4,179.73006,85.3071599484536,76.71155074285714,179.8393237735849
2021-08-26 02:00:00,173.99923776223775,173.9968101321586,174.70406294642856,174.05986754385964,174.00925,573.4299167259787,574.4551274285714,573.69839375,65.47560222222222,759.499274111675,759.5870893333333,2.472536,299.89063235294117,612.9739383458647,302.4375261538462,302.24893866171004,311.6981283088235,2.344656,2.5238405,2.536746,2.348057333333333,2.4780029999999997,14.85763,14.911378888888887,14.896329999999999,14.891033333333334,145.79312170212768,14.8499475,310.54372037037035,310.61348921933086,310.9854597014925,309.4833078358209,14.12610875,14.204726666666666,14.190823333333334,14.25,14.25,173.44574814814817,82.7554764953271,72.92293438502674,174.08154708029198
2021-08-26 03:00:00,168.12770192307693,167.7858386554622,168.75122821576764,167.99322690763051,168.489,566.9212619217083,567.6863536723164,566.3607540229885,64.74699010638298,750.9739978378379,751.406782051282,2.323009,297.0265481751825,606.9250147601476,298.9336486891386,299.311919245283,308.9011915129151,2.210864,2.3737410000000003,2.3891263333333335,2.212771,2.3279674999999997,14.627493000000001,14.679585,14.662038,14.654028,144.19512217573222,14.654217500000001,307.4020525925926,308.003302247191,308.35599819494587,306.88236985294117,13.936223000000002,13.951939,13.939427,13.9,13.9,168.34303142857144,80.04302245614036,76.6091863888889,167.9274540740741
2021-08-26 04:00:00,162.2022577777778,108.68392452843138,92.80806621578947,69.22564825806451,165.9623,526.823880775,496.2077654803571,467.40158432352945,51.55400048192771,597.8197237804878,575.4200025974026,1.523824257142857,260.6374007782101,534.3347048507462,261.81138846153846,262.954694140625,272.4749398496241,1.7141727125,1.5785525833333331,1.5886607,1.5170124666666667,1.5270935285714287,13.89448,13.938690833333332,13.924543333333332,13.922954166666665,142.0455989041096,13.914531666666667,266.26076225680936,271.09340339622645,271.4922130268199,270.58708501872655,13.70225,13.732626363636363,13.712097272727272,13.9,13.9,165.9656875,79.14940283582091,78.14510269230769,163.43054819277108
