timestamp,#4发电机有功功率362,#4发电机有功功率2_364,#4发电机有功功率3_365,#4发电机有功功率1_363,机组负荷指令_367,主蒸汽流量264,主蒸汽流量259,主蒸汽流量263,风量比值176,总风量198,风量指令信号148,给泵汽机A主蒸汽压力251,B侧二次风量2_158,总二次风量200,#4机组B侧二次风量163,B侧二次风量1_157,A侧二次风量2_142,末级再热器出口B压力310,墙式再热器前墙进口集箱A压力307,墙式再热器前墙进口集箱B压力308,末级再热器出口A压力309,给泵汽机B主蒸汽压力252,汽包压力2235,汽包压力3236,汽包压力均值234,汽包压力1_233,总一次风量199,汽包压力237,B侧二次风量3_159,#4机组A侧二次风量147,A侧二次风量1_141,A侧二次风量3_143,至高压缸的主蒸汽压力248,至高压缸的主蒸汽压力250,至高压缸的主蒸汽压力_249,主蒸汽压力#2_277,主蒸汽压力#1276,AGC控制指令_361,A磨总一次风量149,B2侧容量风量负荷162,target
2021-07-20 07:00:00,-0.5978829839471327,-0.5938331920087679,-0.5950489739996392,-0.5949871307864439,-0.4117101471776453,-0.7143057995039505,-0.7137552570375413,-0.7154543046244553,-0.7151303093841658,-0.715544244585231,-0.7307072644659707,-0.6797172411670064,-0.7675737744358259,-0.7923850990394562,-0.7891808923075168,-0.7902546252748035,-0.7915245415701629,-1.1428900066936747,-0.7426112943711113,-0.7436033232293399,-1.1232424813397255,-1.1189722706409577,-0.7114506063636673,-0.7238396195576076,-0.7402366297534261,-0.7403787139019159,-0.49417439555394044,-0.6773968866968962,-0.8618087886128587,-0.8846833336496601,-0.8826821622248999,-0.8871238092697834,-0.6878349397467797,-0.6890543061962037,-0.6824738582145811,-0.5735492100634698,-0.5735492100634698,-0.8149265282279691,-0.7381076116225774,-0.5805601334486384,164.83514921465968
2021-07-20 08:00:00,-0.5953440955746101,-0.5917727420167541,-0.5927794144057243,-0.5933522804405326,-0.4117101471776453,-1.0322567400245601,-1.0321593908593267,-1.0365472965223164,-0.9783496744786037,-0.9769285575454697,-1.0038551614492233,-1.0376438898268843,-0.9140063023666576,-0.9479750977351211,-0.9295667066155776,-0.9367913735963518,-0.9655849457097925,-1.1428900066936747,-1.1546715957769536,-1.152090337141537,-1.1232424813397255,-1.1189722706409577,-0.6567549608881984,-0.64509174417159,-0.6537149139522771,-0.6531089933993808,-1.069769121614456,-0.6070560520730837,-1.0208041158108165,-1.0632546244844057,-1.0646928509184883,-1.0682510671572838,-0.5841027778710949,-0.5836501410107168,-0.5145203911627891,-0.4976924409321545,-0.4976924409321545,-0.8149265282279691,-0.8168475388710468,-1.2339971342868996,164.89903431734317
2021-07-20 09:00:00,-0.36441458090775103,-0.3610867998728807,-0.3670102032921942,-0.3595540625972145,-0.4117101471776453,-0.7886265841661868,-0.8053563958542649,-0.8176648597601774,-0.7495709697381884,-0.7494855234760269,-0.8076423742030877,-0.9183352718956499,-0.7148812109651516,-0.7421461883445162,-0.7320551711300424,-0.7304967779214155,-0.7576748050513663,-0.9959735682366734,-0.9983483048295345,-1.0002322428701387,-1.0044891386762436,-0.9960881264142971,-0.4500887147773933,-0.4679290955670119,-0.4801955715749611,-0.4639251460423364,-0.802374551458734,-0.4512633114353631,-0.8080140861374768,-0.8365440155688553,-0.8440954573522785,-0.8445458769297476,-0.39079542141953594,-0.3899879001706049,-0.3895612186923702,-0.37126449237996256,-0.37126449237996256,-0.6081290068007368,-0.31477022528927934,-1.1769679287268195,178.51978970588235
2021-07-20 10:00:00,0.604595580539126,0.6175702060722797,0.6102468098966004,0.614588932066792,0.7185232886010691,0.30024164799407116,0.3075866107977508,0.33584178678923504,0.4405013467753957,0.4500299538011941,0.5313452447436348,0.3053320208541249,0.38133398192842893,0.3658664433349598,0.35546762718353864,0.3420651611616712,0.36121604428638315,0.27175976441446525,0.3055192069325101,0.31720847079162623,0.2736183916698026,0.29538565439198955,0.5879198757296192,0.5915305919059299,0.5909974083422395,0.5897967814323536,0.6217033928492978,0.4942538951043305,0.36087708532993706,0.34725682963244847,0.352140158971906,0.35919183641692004,0.6172531936885097,0.618279098148614,0.6470133952924313,0.46315996806450443,0.46315996806450443,0.5024706972395784,1.0220919569322016,0.6288309617129979,237.0338293478261
2021-07-20 11:00:00,0.9410255496619977,0.940767668375637,0.9420455564774348,0.9408189306652124,0.9779839724768747,0.637283966114535,0.6412024883116535,0.6402132075956465,0.6964462624005163,0.696445613781201,0.6990879749597219,0.6485963409539455,0.5699712127590959,0.5731453699048511,0.5607988971407715,0.5570844213835114,0.5854360834969093,0.6598058209320554,0.66975044101133,0.6373961667026746,0.6590578983139963,0.663169638657987,1.1157768864298858,1.101531299442083,1.1266867941112642,1.1262725760172383,1.0108257049785354,1.0704974295696057,0.5674039610439583,0.5953299836674522,0.5969115217162347,0.5950421046244502,1.1783978872885152,1.1799215831630274,1.187826004548593,1.1458708902463408,1.1458708902463408,1.0441136971918765,1.6594516562673445,1.417393868550237,256.14844067164177
2021-07-20 12:00:00,0.9401232683407821,0.937628485284231,0.9391169552254154,0.9378785458253821,0.9779839724768747,0.6372675838682055,0.6387954262029759,0.6421252927476343,0.7432286203818419,0.7434544021926554,0.7440212456014168,0.6485963409539455,0.596186543600729,0.6156365882093425,0.5955334108119557,0.5840201158511562,0.62472565560888,0.6443970778580624,0.6332890250239002,0.641055536355099,0.6446734537132108,0.663169638657987,1.0216864505118115,1.0224962610411685,1.034318786543265,1.0313586179124214,1.0801684442932558,1.0007658642291013,0.5985966752984498,0.6476817354862997,0.642753757197796,0.6419570911285062,1.09119198196102,1.092328075729554,1.0819695182015692,1.1458708902463408,1.1458708902463408,1.0400235259770498,1.9151873933220958,1.417393868550237,255.9605557620818
2021-07-20 13:00:00,0.9398861555726759,0.9382647906222337,0.9393700435709308,0.9379037258907656,0.9779839724768747,0.637574564830939,0.6402609519297192,0.638961396207105,0.6854019056953928,0.6848136311520201,0.6820066199773499,0.6485963409539455,0.5511462890000896,0.5570836804365736,0.5393401285647186,0.5399751159331434,0.5662833262135812,0.6443970778580624,0.6332890250239002,0.641055536355099,0.6446734537132108,0.663169638657987,1.07409955717737,1.0757347407666478,1.0852960783019707,1.084756109251135,1.0232058357884115,1.0454471258243951,0.5525266794736114,0.5818892823033435,0.5794933781655037,0.5776601580560257,1.1555204391874887,1.1564284465073758,1.1510176618462888,1.1964420696672164,1.1964420696672164,1.0339433135659757,1.7306202535427637,1.4334778192053674,255.96482544802868
2021-07-20 14:00:00,0.9410979192679165,0.9376788028190975,0.9391867107819789,0.9375872263035335,0.9779839724768747,0.6495328089470371,0.651074856231673,0.6506758837055726,0.5100579922997726,0.5102116850971476,0.5040341588893659,0.6485963409539455,0.3344330210396518,0.3357210251367509,0.3294322272214806,0.31891463676735643,0.330173491359965,0.6443970778580624,0.6332890250239002,0.641055536355099,0.6446734537132108,0.663169638657987,1.064422204598958,1.0660684826745737,1.074218982630475,1.0732997134652293,0.9834609292136083,1.032700311657805,0.31865043163712525,0.33991776208341473,0.32831200666650123,0.327586988670808,1.1393089498585418,1.1393925235407274,1.1343492065968592,1.1964420696672164,1.1964420696672164,1.0392952696905877,1.6005509691326436,1.4413835997894817,255.98410263157893
2021-07-20 15:00:00,0.9404527063342981,0.9385921811606587,0.9393849950107557,0.9382011944848538,0.9779839724768747,0.6536836821013621,0.6546923766662925,0.6558464135819084,0.4951917185929404,0.4961887723282121,0.4964928854036284,0.6485963409539455,0.34191815703682565,0.33110425728584447,0.3208334527163375,0.3291035623559886,0.3383992306583591,0.6443970778580624,0.6332890250239002,0.641055536355099,0.6446734537132108,0.663169638657987,1.070215248168186,1.0714055086758874,1.0805033650482525,1.0823600443976897,0.9408129984446175,1.040718716811615,0.3238036253879247,0.33465832842984455,0.3373886721678945,0.3351312908433741,1.1471543294156594,1.148533416826794,1.1440900174563648,1.1964420696672164,1.1964420696672164,1.042455678480635,1.5240478605207723,1.4156006377614698,255.9666488888889
2021-07-20 16:00:00,1.0433405304725187,1.0400578667827067,1.0433197056727317,1.0392910216168743,1.0159062108277421,0.7840850866969947,0.796211052001159,0.8013315438474827,0.8397678256734364,0.8398821598874542,0.8673510461876759,0.7906452852723951,0.6840817644291712,0.7033149605254427,0.6948380505104428,0.673953732150379,0.7016264589360256,0.8238238150061823,0.8258812034048036,0.8267783017397258,0.8248074753225884,0.8078153417173961,1.141586071558394,1.1430651377358119,1.1526035177247933,1.145098653922622,1.2008655202274705,1.0983684416882016,0.6969289703350705,0.7337903441081448,0.7209388024875704,0.72113705828377,1.1967636075172905,1.1972045746280695,1.191678628995191,1.1964420696672182,1.1964420696672182,1.1555660506310963,1.2200875383862646,1.1365292516404293,262.00137885304656
2021-07-20 17:00:00,1.089754335873894,1.0856793881385534,1.0856947939767987,1.083192119193408,1.1239313628718601,0.9048595259234807,0.91167925105822,0.9050351762341263,0.9722490178391264,0.9720557633150303,0.9591769380070899,0.90892327972173,0.9204189358893495,0.9259771167710987,0.9169663182599963,0.9089122244430135,0.9321851831645028,0.9432135853299713,0.9405699363871878,0.9497624853824835,0.943869961262427,0.9124590490605089,1.1497173466113555,1.150875830529835,1.1628144450111855,1.1622650375494592,1.0585798931457255,1.1227787069266673,0.9432652936507656,0.9717597635052762,0.9736440931204098,0.9687238122498715,1.1731961224992062,1.1750085343465468,1.1702144518191846,1.1964420696672164,1.1964420696672164,1.1953685426567515,0.3059493812109446,1.2773621773965589,264.7126476534296
2021-07-20 18:00:00,0.7963674391539225,0.798584228120437,0.79556335608766,0.797538531777465,0.7894803730192108,0.49185859760013256,0.49479062615631525,0.49985840890245337,0.5613928956679328,0.5610985971974646,0.5694861295079422,0.5265287425309068,0.5113427370443152,0.5345303646508868,0.5059516541365674,0.5035143550589088,0.5572482208522064,0.5174084138482057,0.527665232443481,0.5252373898465349,0.5167897208667296,0.5313895250894126,0.8134321928022819,0.811961592196261,0.8192453195058783,0.8194378988129197,0.6276976646062252,0.7927855992322345,0.5119969451744564,0.5726904389383652,0.5730697263984397,0.5697541196935492,0.8628536451545689,0.8743624450343539,0.8696391201525181,0.8930149931419569,0.8930149931419569,0.8662446052792538,0.3161622834987149,1.2674047254031284,247.6788487364621
2021-07-20 19:00:00,0.9393723876067279,0.9336454621815886,0.9333231574787467,0.9343498927230945,0.837256343467414,0.6485922798236423,0.6585184060858914,0.6798715691207544,0.6773003493844931,0.6785065988386458,0.7014463185998587,0.6249474825292384,0.5978313639296039,0.607263196768958,0.585131491480305,0.589531602928143,0.6272652828717239,0.6156334923307178,0.6754514673243691,0.6632296007665343,0.6748111784659818,0.6340499744000959,0.9817930627082336,0.983626220303435,0.9912928745821242,0.9909390449951923,0.8740506009686384,0.9580666193448907,0.6003063417569824,0.6422890461996252,0.6459277314331964,0.6427302337922269,1.0409983834488357,1.0738822926522626,1.0701377669157495,1.0447285314045875,1.0447285314045875,1.0222037927565542,0.664121696831189,1.116102817792999,255.68805197132616
2021-07-20 20:00:00,1.0687144471911338,1.0648998178608475,1.0660829069122082,1.0650551082542692,1.0783950092000154,0.8323323053525864,0.8324285707966077,0.8335882675500366,0.9666246466167152,0.9667144347343565,0.9692369322875214,0.8004992412380819,0.9488955321519517,0.9465380895548704,0.9365872250323958,0.939660387577863,0.957228075994856,0.8118393510513424,0.8159243270714671,0.8125233041741621,0.8073419322978087,0.8266961427532918,1.0699258618301943,1.0591131765850939,1.0695137802256907,1.0710794152008674,0.9934946197142906,1.0372970135456099,0.9746571745535962,0.9959072366280396,0.9939485537869078,0.9933347053257066,1.1076615838098787,1.103652615054476,1.0997738940507067,1.0447285314045875,1.0447285314045875,1.1886304911147823,0.5526111637680555,1.128827681747629,263.57833248175183
2021-07-20 21:00:00,1.059786115488463,1.0515968324608218,1.055402306907091,1.0502906737889575,1.0552315545460322,0.860042298479943,0.8699771860645459,0.8800862767931469,0.8864103198373988,0.8838040083583162,0.9036243405164667,0.8892351864536435,0.8300261127535915,0.8350654912687717,0.8273942923001172,0.819906837535036,0.8420528347798306,0.8977862947235404,0.8316715441585911,0.8688724610621116,0.8990075282399353,0.9175795293485546,1.074024036783203,1.0719015489582817,1.085721831609045,1.0847808028259862,1.036283491435443,1.049059926439769,0.8508290252653455,0.8801193480939542,0.8679637321866914,0.8682492205339736,1.0988003439837992,1.0970831246562405,1.0891299020176284,0.99415735198371,0.99415735198371,1.1906474720568476,0.6671488816252913,0.9966199994507876,262.66297913669064
2021-07-20 22:00:00,0.8395885202689523,0.844777388237074,0.8442809410755705,0.8455640719922366,0.9202123305823923,0.5906915838850246,0.5958903943186341,0.6008041479074523,0.6598072928633308,0.6628423870028906,0.6622964399360787,0.5815894403872799,0.5599115399071061,0.5813833007654307,0.5482714162802468,0.5555286137199221,0.6160178805081507,0.6037958638036143,0.5762389466340637,0.6109170943164264,0.5994695599640208,0.6478098756771288,0.7704079638301747,0.7685916555738769,0.7915650709299232,0.7743710082434467,0.8444685239397635,0.7780488984422294,0.5691044378884891,0.6288934699881764,0.6273313081971047,0.6258579820665787,0.8140302225597951,0.8190283247492149,0.8247157180698388,0.99415735198371,0.99415735198371,0.8873022424358712,1.274754571750202,1.1972155910497408,250.44582707581225
2021-07-20 23:00:00,0.5101241061274875,0.5177660871766686,0.510811931289287,0.5157156213024717,0.26787827955435983,0.40278005069427714,0.4005776007786467,0.40537338038912873,0.4353212068996901,0.43527714586554206,0.42844446015380483,0.42974726787887796,0.3811520433880224,0.3859403460238996,0.3628719914273405,0.3624867402764911,0.4053351796883423,0.45665355643481775,0.465624824482093,0.46427095952592456,0.43636696838192107,0.42796190178441257,0.40500644288030885,0.40673720764718474,0.4056981666391083,0.40436379615114365,0.6165826901771466,0.4053918776279072,0.37440826678898087,0.40860318899566866,0.416774075773653,0.4004601376852224,0.36099833589182573,0.35546798582650513,0.356847957302625,0.18501848124968182,0.18501848124968182,0.4643292041373224,1.0386951872863968,0.9554780892427633,231.21624244604317
2021-07-21 00:00:00,-0.5248307080969228,-0.5400865203266211,-0.5384956274914431,-0.5370236346457581,-0.41464557293153365,-0.7590036820383074,-0.742088139520425,-0.7047425948998141,-0.7365944556814163,-0.7377675081479227,-0.7025393710585471,-0.6223523852438966,-0.7412164062430109,-0.7831163444805991,-0.7538366150587085,-0.7610653072129112,-0.8117275877263972,-0.7123790311954349,-0.7199318232880296,-0.7217370818841992,-0.7263075242615249,-0.674156856924189,-0.6597338498153588,-0.6574432336590244,-0.6711358565063229,-0.6722517678616718,-0.6172533554024522,-0.6168588437455114,-0.8261920652394538,-0.8982753993508753,-0.9028871673405373,-0.9100854278979543,-0.614416384188749,-0.6023829179720291,-0.6078536202366213,-0.5988347997739085,-0.5988347997739085,-0.5409469227004484,0.6074293025367458,-1.163744030785958,167.8887025735294
2021-07-21 01:00:00,-0.6002927958765917,-0.5957269089330414,-0.5953490071474651,-0.5962361784974631,-0.41464557293153365,-0.8579262370861157,-0.8595715016398291,-0.8655611242608421,-0.7234422530356553,-0.7229439781571726,-0.7461219344263809,-0.8367740537268146,-0.7060607937952501,-0.7439141247342892,-0.7181494953509969,-0.728678262787014,-0.7686063246866814,-0.9088126023828882,-0.9170726251672011,-0.9203451208759641,-0.9080403447686551,-0.9167252541815302,-0.6782346536877905,-0.6674558121626377,-0.6819214536932758,-0.6898498804076978,-0.6811247404953371,-0.6381616821005074,-0.7911880680714578,-0.852550971407205,-0.8588886061175774,-0.8606729136983815,-0.6107270864249974,-0.6062637235011363,-0.6032096043233277,-0.5229780306425932,-0.5229780306425932,-0.5409469227004484,0.5923012629651102,-1.6714041964553168,164.72036194029852
2021-07-21 02:00:00,-0.6078940686017236,-0.6009216124425913,-0.6009883597457647,-0.6016058024788097,-0.41464557293153365,-0.8598626192415022,-0.8623932538762791,-0.8698078356884957,-0.7226726980638436,-0.7228450970646706,-0.7486311707345351,-0.8868021358857495,-0.6801854695723238,-0.716544039455031,-0.6964928879919019,-0.7031102017915128,-0.7353513653118081,-0.9453369639150304,-0.95783786767634,-0.9556503626012415,-0.9409157406238257,-0.9618468912442324,-0.6780948433028997,-0.6792141012334983,-0.6918970774360662,-0.6948292314138137,-0.7334847351859575,-0.6396126712992638,-0.766525723118337,-0.8212343743370148,-0.8226986782627865,-0.8243245543784484,-0.6112415688971733,-0.6122371535693824,-0.6075627103668466,-0.4724068512217166,-0.4724068512217166,-0.8145550628765563,0.3796224082846962,-1.6873638883265083,164.38704419475656
2021-07-21 03:00:00,-0.6006182568718513,-0.5962452116408943,-0.5957568624786179,-0.5965538280975661,-0.41464557293153365,-0.8515401638427319,-0.8522639592526823,-0.8565361740665953,-0.7419058448111875,-0.7412576578423181,-0.7622741587618057,-0.8467798291318366,-0.6948292329448758,-0.7423291562561461,-0.7225289416756703,-0.715929749796975,-0.7531569968569404,-0.9173726162311774,-0.9024453109441024,-0.9224979070479524,-0.9169437611402688,-0.9160851417116721,-0.702572402783876,-0.7074416301333993,-0.7181887563194748,-0.7182829556639894,-0.7385499111529293,-0.6597284157491329,-0.7815360698131099,-0.8461426112959757,-0.8418618625100854,-0.8435650842214177,-0.6368888353556998,-0.6346021415548556,-0.6297852034748397,-0.5735492100634698,-0.5735492100634698,-0.8145550628765563,0.35163190146014495,-1.6817724105335854,164.67463371212122
2021-07-21 04:00:00,-0.5989596286120071,-0.5950299128716524,-0.5947923664712803,-0.5951337929233054,-0.41464557293153365,-0.8588055818871939,-0.8593916774794133,-0.8631225142783636,-0.7586254662121039,-0.757948965551103,-0.7785610430906973,-0.8467798291318366,-0.7247271176883039,-0.76351261016933,-0.747009756550696,-0.7484393537718574,-0.7752948150778594,-0.9173726162311774,-0.9024453109441024,-0.9095820365697672,-0.9169437611402688,-0.9160851417116721,-0.6821884067375868,-0.6830387177049569,-0.6955147544747591,-0.6943176004641187,-0.7544918654115229,-0.6353961586632381,-0.8115370296044481,-0.8667479976869903,-0.8669837979349336,-0.8675368324130097,-0.6097826997639694,-0.6085417090050221,-0.6056614765805972,-0.4976924409321545,-0.4976924409321545,-0.8145550628765563,0.3037728997497217,-1.6787118882976706,164.75386258992805
2021-07-21 05:00:00,-0.5986996331091229,-0.5951089468728906,-0.594624959594191,-0.5954459986012338,-0.41464557293153365,-0.829484196144659,-0.828777164911385,-0.831331200386573,-0.7365237896883565,-0.7368189210293679,-0.7542775217773777,-0.8467798291318366,-0.7040031620901657,-0.742046869426479,-0.7276857993313824,-0.7245916781294603,-0.754966216765504,-0.8862131125410314,-0.8884620339204785,-0.9095820365697672,-0.8861234141985413,-0.9160851417116721,-0.7005845671213183,-0.6987638430755179,-0.7120291704588475,-0.7118536507010066,-0.7155541452362392,-0.6652382449258137,-0.7908630025605077,-0.8397600631007079,-0.8458467097805592,-0.8457722106119181,-0.6450783770826941,-0.642898551973701,-0.6421344353375718,-0.5229780306425932,-0.5229780306425932,-0.8145550628765563,0.4099538524229664,-1.6803225796806773,164.79408265682656
2021-07-21 06:00:00,-0.5983200577955547,-0.5943937498954576,-0.5943158903559091,-0.5952702131993305,-0.41464557293153365,-0.8430688004500282,-0.8428895388832115,-0.8426554739741275,-0.7496862133284647,-0.7495315067560765,-0.7666906759525387,-0.8592107412353589,-0.7144085006970582,-0.7490072898201703,-0.7343208649229325,-0.7360430144173494,-0.7536665146071542,-0.920455262529814,-0.92944242545904,-0.9296021860708887,-0.9248209997451415,-0.9340066129844193,-0.6800972730646169,-0.6786259044476585,-0.693008752030671,-0.6914792623015128,-0.7490412349274048,-0.6361799743180003,-0.7977457226453111,-0.8489674635804872,-0.8429235363464884,-0.8445311047792747,-0.6125057804737832,-0.6063375279979052,-0.6042398142549219,-0.5988347997739085,-0.5988347997739085,-0.8145550628765563,0.2981094178893319,-1.68256633481543,164.76666545454546
2021-07-21 07:00:00,-0.5996872257310488,-0.5951733345945301,-0.5958097043297753,-0.5958315727746071,-0.41464557293153365,-0.8268210965678378,-0.8270266172846988,-0.8305968092616145,-0.769421322209363,-0.7700279055330115,-0.7902831475088263,-0.8592107412353589,-0.749979387837444,-0.7897785182654168,-0.7723901849025628,-0.7681617069279678,-0.8025647485642132,-0.920455262529814,-0.9052419663488274,-0.908290195555826,-0.9248209997451415,-0.9340066129844193,-0.7026133096640501,-0.7004946886447604,-0.7153909050847205,-0.722959739230903,-0.7150849042434824,-0.6618017855741807,-0.8379637703035402,-0.8937239016778367,-0.8942126663652432,-0.8944882618615895,-0.6417443047970841,-0.6426032125976509,-0.6364936071441535,-0.6241203894843464,-0.6241203894843464,-0.8147779420874037,0.4117367288087949,-1.6933256532535146,164.741530075188
2021-07-21 08:00:00,-0.5977130481116646,-0.5933708857036101,-0.5945396828396579,-0.5947912601230659,-0.6478678623361463,-0.8176522952960833,-0.817450391323299,-0.82067468992394,-0.7741867580538674,-0.7740441866084701,-0.7967758736726317,-0.8592107412353589,-0.7785690352494462,-0.8125837311203657,-0.7965260127237757,-0.7994192795283694,-0.82343710384894,-0.8958003759275877,-0.8749101828667314,-0.9057065135279421,-0.8977659979947578,-0.91288541830402,-0.7275301569550617,-0.7277653407101552,-0.7425736751744395,-0.7421025136931924,-0.6736194745503388,-0.6908336850722426,-0.871169273795344,-0.9176100253479104,-0.91539361541872,-0.9171777207318346,-0.6813203839950115,-0.6820541439000487,-0.6743131750214376,-0.7252627483261005,-0.7252627483261005,-0.8147407955522624,0.4426349678483183,-1.5507788397580102,164.8064276119403
2021-07-21 09:00:00,-0.509917471565076,-0.515798492082525,-0.5086002323795272,-0.5137886658109528,-0.4338784419711428,-0.6679022807627593,-0.6751653404734873,-0.6988269530428592,-0.5980809746213476,-0.5966940055243777,-0.6168449038609742,-0.5628652366347839,-0.6004075912115033,-0.6218593439551017,-0.619933350779814,-0.6185036360602331,-0.6270912679887186,-0.6201228118789065,-0.6159068445959736,-0.6178813444651371,-0.6047344875536521,-0.615210636184158,-0.7028675670830614,-0.70604996156335,-0.7425374677522666,-0.7306829393548946,-0.5583895684035691,-0.6901552722704727,-0.6775414139435437,-0.7036935364087497,-0.703715403976725,-0.7053446157233247,-0.7113351220223063,-0.7130129210151952,-0.7051547275002604,-0.5398350904495521,-0.5398350904495521,-0.6932850369868281,0.12363915850673599,-0.6875417834413818,169.5359932330827
2021-07-21 10:00:00,0.8922884751729248,0.8935354369262518,0.8701339296649885,0.8816599865731679,0.8950082900306905,0.9334550139680203,0.8659840645375576,0.9861086230329246,1.145898425321048,1.1441470065403405,1.279895777072355,1.1435989331979246,1.090301335722827,1.0506805427367985,1.0820589294326453,1.0810778476367338,1.050827488541698,1.0844898707942434,1.058010466141239,1.0779331410083812,1.0839359692596593,1.1776844914550895,0.7942538538073516,0.8178854803216504,0.8212746428899218,0.8234971678767994,1.3026366857486986,0.7779497996777033,1.1188103307750061,1.0945913304229367,1.0816717865391703,1.0925471243274165,0.7469762195278182,0.7470729462358556,0.7440842959559906,0.8677294034315182,0.8677294034315182,0.7762274881842351,1.171035595558542,0.6982073637948152,253.9789567857143
2021-07-21 11:00:00,1.9146152430340473,1.9073519957296405,1.9089008331058128,1.908859555176165,1.9403150449795439,1.9789668402768716,1.9775268616396098,1.977823580874423,1.8879968072854307,1.8888333271624518,1.9013101877565055,2.0012218444102867,1.782705866963241,1.7685429180618528,1.778997063833061,1.780743869643891,1.7584731668534768,2.0826905396094593,2.0777979166950136,2.0780273962126636,2.0791531462587787,2.087133271121458,1.4066459306448718,1.4086752924209909,1.4227271836674915,1.4195165269624628,2.2028496373965205,1.3635663376021734,1.8537530727380727,1.8508129472750112,1.8558421274502155,1.8546572230114402,1.221666096957561,1.2219796340359863,1.2171756933800904,1.2975844285089715,1.2975844285089715,2.1810662672903867,1.8992254003854752,0.7407503561002543,313.8005084558823
2021-07-21 12:00:00,1.4939920879475495,1.5064319335893164,1.5121185792783949,1.5152569680551924,1.4485007708471298,1.433547593030432,1.4222423401795508,1.4381174851231406,1.458877644208182,1.4527874143293553,1.5982974351902786,1.4069834950345166,1.3609938010362463,1.349233292777686,1.3725054208003609,1.3724594306229743,1.3239858147971837,1.488415019313283,1.4478895652614299,1.4459216939772561,1.489308993985986,1.4530037081077984,1.2504676721862444,1.2506024922607477,1.2601007177376338,1.2616432787503653,1.779610900592938,1.2130214038740883,1.409367973448528,1.3874523701111192,1.4024074198297185,1.4023843536734908,1.1771997779208463,1.177897834728275,1.1722068245165627,1.2975844285089715,1.2975844285089715,1.7474330411945833,1.3699985174644866,0.6314583655832797,289.73261
2021-07-21 13:00:00,1.0086055820211781,1.0050678371712534,1.006440807256366,1.005737751935645,1.4485007708471298,0.9533701757185702,0.9551641316661935,0.9557618066437613,0.9767020900050183,0.9766664813566808,0.97902026243467,0.9393639516613518,0.9274226460101084,0.9315162015619936,0.9218445796226195,0.9212220519874871,0.9399260240663279,0.9806514897809404,0.9440278094933631,0.9599349775157183,0.964874135288781,0.9588604915921078,1.1850056179654471,1.1818658336991366,1.1970140219443506,1.193040127627007,1.0801305407755903,1.142714262246076,0.9523995960386489,0.9760288636026638,0.9830273361961747,0.9787196105990935,1.1986199369225337,1.1993806018817363,1.1947478926500477,1.2975844285089715,1.2975844285089715,1.1165255318565135,0.5608322750704764,0.36888125753010176,259.9849630824373
2021-07-21 14:00:00,1.007692323626591,1.004127630115474,1.0055747463529923,1.0044463616353259,1.4485007708471298,0.9621111709579196,0.961277505638879,0.9577472207764266,0.994388927008437,0.9947801344498974,0.9918807046138618,0.9311780223629239,0.9510830062134075,0.9481349622408629,0.9440335228599515,0.9449492246650751,0.9509091559662121,0.9580521196302624,0.9630659607973651,0.9598378778012358,0.9597375005778248,0.9513402187483244,1.169689206744112,1.1654396704837258,1.1805676529251077,1.1777837179488324,1.1054561584606148,1.13578656746607,0.978487578600025,0.9848165299143171,0.9914134719972165,0.9920389487980898,1.1871669410359362,1.1860673734368035,1.1826860075219905,1.2975844285089715,1.2975844285089715,1.1224397330250846,0.5845722027635516,0.24394357852008153,259.95495053763443
2021-07-21 15:00:00,1.009019871422777,1.005584475946258,1.007189502665983,1.0061887196013222,1.4485007708471298,0.9947224448859466,0.9985819848688668,0.9973435950743639,1.0241855681351275,1.0239496167537976,1.034029386023007,1.0012164630326403,0.9854387091926037,0.9891761888452115,0.9760797626465526,0.9794901540125003,1.0087113627216207,1.0244800054724417,1.0127577731943225,1.0158525330863182,1.026174565503298,1.0276637732146416,1.1616869384641,1.1637870133990826,1.1751661514138303,1.1739640126819373,1.0976974879729333,1.1289665980852612,1.0190422611605494,1.0475833090742857,1.0536208155962454,1.0531954319886707,1.1745433843236301,1.1799730197180134,1.1700217555329282,1.2975844285089715,1.2975844285089715,1.1239510566920963,0.6023449770478688,0.21847494948029686,260.02125054545456
2021-07-21 16:00:00,1.0087603990487268,1.0060981107550995,1.0071001070452088,1.006372491745145,1.4485007708471298,1.0542318738682925,1.0496815370607382,1.043711466377088,1.122646953344175,1.1217877300529446,1.1137388645025406,1.0456865759438483,1.091627502666702,1.0856703043277804,1.089725773711306,1.0846152831211142,1.073131987828514,1.0744744122171068,1.0751425323938886,1.0744080912167329,1.0718351367888082,1.0780114573881805,1.1485005568122326,1.1444111828477912,1.16141212580322,1.1605125818277897,1.2056466494730187,1.113534873581232,1.1242182987851417,1.1264276984870973,1.1237630304171007,1.1206262277717103,1.1540754802371351,1.1520984289375733,1.1477673426671275,1.1964420696672164,1.1964420696672164,1.1239877304531523,0.9500835167570157,0.8779911245087098,260.0209501831502
2021-07-21 17:00:00,0.9389791482673072,0.9365508287308547,0.9373138587229969,0.9383340128029707,1.0861836401139557,1.050725632466353,1.0515743362076064,1.0441465657475215,1.0418754333950766,1.0427121028244,1.0575704202428482,1.054943375448147,0.9728762443026996,0.9830475520748706,0.9719009082101961,0.9705173959303808,0.9883225629869603,1.0854309426840902,1.0778314722950235,1.0780677430537395,1.0863101986622001,1.075131370744639,1.1727795388889497,1.1732681911888418,1.1857294136818632,1.1858202123308907,1.2012649185615931,1.1400083474206135,1.0069568285026493,1.0373058614743718,1.0314326338382624,1.0315328279955946,1.1631727762507078,1.1747860283554674,1.1617010990900105,1.1964420696672164,1.1964420696672164,1.0448600048524406,1.0002454655505706,1.0279560518464819,255.88620253623188
2021-07-21 18:00:00,1.2424842655709167,1.2403574991281445,1.2425711455017165,1.240745421089106,1.2813749679532853,1.4038725848105655,1.400264008177107,1.397406262978967,1.458913970020602,1.456863644953389,1.4506161599523208,1.357576165507121,1.4003980193184287,1.3862320752337172,1.3919319707606896,1.3915131290551488,1.3676526802473432,1.4044282805111663,1.3972984955820242,1.420018978559638,1.403428755764265,1.4116770035701676,1.2448055957373616,1.2440219505484549,1.2559422337238295,1.2546799533397435,1.625567140365748,1.208854713305883,1.446182922374937,1.4397694367899938,1.439464884504458,1.4376987547447815,1.1794883096186375,1.1849006190262887,1.179193971925206,1.095299710825465,1.095299710825465,1.405458782101303,1.569952232230597,1.3980683153991027,274.0946531135531
2021-07-21 19:00:00,1.2131833303625652,1.2078561058612034,1.2093662754067227,1.2085323195121123,1.2196531656120844,1.3030678099465716,1.3073098443867799,1.3017145934781962,1.3638344582995754,1.3636467241770218,1.3661607916358705,1.2492329914089622,1.3368715554033113,1.3188844764283223,1.33469600624801,1.3325382937189465,1.289401981454946,1.2977307764748125,1.2980060503103157,1.296573846403059,1.2967179991894469,1.2923121076563842,1.2741832460809608,1.2748418951146248,1.2830672251970021,1.286068464215984,1.463714122999611,1.2298413049761272,1.3830078651698687,1.3664056789690338,1.353818008453566,1.3535340491604042,1.2273740685406425,1.2265171539195654,1.2202220643318802,1.095299710825465,1.095299710825465,1.3514863572782931,1.2478311703098568,1.5064004759036245,272.07525770609317
2021-07-21 20:00:00,1.2013398196992517,1.1969919082937541,1.197660194055146,1.1965060675679924,1.18907977888089,1.3043682475586127,1.3099913994279893,1.30766957887006,1.3665964506789172,1.3663219428479174,1.3800816109499512,1.245140225476292,1.340717742742246,1.3259211371129624,1.3376120630683417,1.3342833572149675,1.3066719206337245,1.2768436185533556,1.2788063257509288,1.276552003794449,1.274800470090452,1.2908724838054324,1.250367282145035,1.2431568303592135,1.2636591273587483,1.2641492825514211,1.4816396456699,1.2179521455716056,1.391410889783743,1.37483360921495,1.373222403345888,1.3716189510161216,1.2083078283904565,1.2131629100075203,1.2071135710512608,1.095299710825465,1.095299710825465,1.3440295589655509,1.2963629966597665,1.4282900077836005,271.33424321428566
2021-07-21 21:00:00,1.304622665431151,1.3068410496739542,1.3054040626830734,1.3023177297264812,1.407078703548905,1.4029299480742872,1.3926174783023175,1.3842616890029542,1.4534833077717302,1.451165653641866,1.4180853984854433,1.360311284428079,1.4056949743588814,1.3845753356468016,1.4019161082656817,1.3920563829436041,1.3648780725431455,1.3907316000524204,1.402184686739261,1.3995987316340832,1.3916819381633951,1.3864669937772232,1.2803649230962248,1.2802270842137993,1.290764910379382,1.2907443356384352,1.59684291264949,1.2355094712662287,1.4548073087156936,1.4361600882973165,1.441423998134457,1.4350577362865027,1.2053831917793334,1.1976455986004104,1.1987924495522686,1.2470132490880939,1.2470132490880939,1.5048831936986136,1.5232180566438784,1.4944756476623833,278.04935551601426
2021-07-21 22:00:00,1.0752954806500898,1.072882823975131,1.0691059230692963,1.0711344786332218,1.0646180502291422,0.979282512153364,0.9868197834950008,0.9966162451287807,0.8719035470136878,0.871896585453702,0.879384286791529,0.8773095442817327,0.7406303762229056,0.7278719051507732,0.7121907681651023,0.7297887423189979,0.7391386275153232,0.9375065603318418,0.93838035895436,0.9416896279397146,0.9330253660970101,0.9005115413689498,1.2055183242007603,1.206105539148392,1.2171830503692205,1.2176779449122501,1.2408387632821074,1.161882644491866,0.7511022250753786,0.7518347106804325,0.7632616559553633,0.7652152407861439,1.2159273116782954,1.2139037469216294,1.2033911897585232,1.1458708902463408,1.1458708902463408,1.1998575052409968,1.130837850531532,1.1873550592201307,263.96163309608545
2021-07-21 23:00:00,0.7536880692813926,0.7376659687739836,0.7381112598386989,0.7383257264303384,0.9320143441828647,0.43575404910046084,0.46848303970862837,0.49869153535726296,0.3814882837690893,0.3816776284619567,0.45191075746470055,0.537236044111109,0.3245110528816876,0.32442913873671075,0.3251511503981415,0.3156945918136218,0.3188666764052686,0.5422702806952934,0.5500377707368833,0.5487024487181682,0.5514265872191367,0.5412459707480479,0.8245300449327009,0.7900598899446885,0.7905838853670033,0.7905542314899819,0.6112530523689512,0.777771639359663,0.3224118969363736,0.30977500341869263,0.30443803016811954,0.3031036248653712,0.8385765040162512,0.83684604127012,0.8343607696559212,0.8424438137210793,0.8424438137210793,0.8356075389039496,0.9469460999691501,1.030667632042614,244.04393393501803
2021-07-22 00:00:00,0.615811949517539,0.6167147694307541,0.6192274748586016,0.6137176612906458,0.6186607294558122,0.43003401373806177,0.4359688789851165,0.44920111988281997,0.3983798858733478,0.3975426109860854,0.40432644533656004,0.4217028512550554,0.3309271504281035,0.32799060702223787,0.3120992120178156,0.31862591900164805,0.32894594144777894,0.38758274830986933,0.406553247544518,0.41458519647083175,0.38457599495763006,0.4036410853862569,0.4260849335858874,0.4273391870960826,0.4111357934695598,0.4098589922143681,0.5429806536175921,0.4304236353033951,0.3106033061896351,0.3305375225462241,0.31714399614243843,0.3165104303400071,0.4179994236702946,0.4141982782971636,0.4164514462513421,0.4378743783540657,0.4378743783540657,0.6555667963679719,0.9281754368491084,0.956962067763158,236.7510380952381
2021-07-22 01:00:00,0.12423954973497996,0.18576987365816736,0.17576461169916832,0.19006318629675595,-0.3232509092496264,-0.04500544265152315,-0.09592552018995411,-0.1981082437814561,-0.14014538049957187,-0.1400567343409187,-0.26423873830206746,-0.14042774383320258,-0.24813622073310196,-0.2901134050281932,-0.2734295192646721,-0.2638020253402082,-0.28622929994117313,-0.0830140895009688,-0.11299174781095199,-0.08660940953678031,-0.1144458137504741,-0.17387254234150867,-0.24761997029893645,-0.25023903238546025,-0.2576888036148662,-0.25871779558247965,0.10238508109997575,-0.1831887695809247,-0.3084382480115308,-0.35113116837375735,-0.338369297845127,-0.3411126052740666,-0.17721153237977397,-0.18604550016728846,-0.1762058678036862,-0.1015515354686198,-0.1015515354686198,-0.042736908110673474,0.6181902581193411,0.4028519940056306,211.683476534296
2021-07-22 02:00:00,-0.6031608760058192,-0.599653239617448,-0.5982271708534365,-0.5991896634010534,-0.6542579689169791,-0.8238074504424507,-0.8202285494822267,-0.8186883759228962,-1.0173980008550592,-1.0146527197463775,-1.0467297173453722,-0.8262842048215022,-1.0249793056815029,-1.0762137706127517,-1.0448541818068364,-1.047858169666288,-1.1006554918684344,-0.8927760790784021,-0.8998800508257845,-0.8998477569355051,-0.8938279772212018,-0.8976527549813311,-0.7617992719093647,-0.763588202751048,-0.7786940681693264,-0.7779061175390237,-0.8813322492357601,-0.7177926651941864,-1.1427151810502163,-1.216421047655433,-1.2093916444764812,-1.212233536330688,-0.7103620042459383,-0.699167804366252,-0.6955458234544776,-0.6999771586156618,-0.6999771586156618,-0.8294927688380221,-0.2322420264916223,-1.0109465396189223,164.57056606498193
2021-07-22 03:00:00,-0.5979557368546364,-0.5944190057922506,-0.5938709300348067,-0.5950545512131906,-0.6353280444037877,-0.8715891824262186,-0.869841370369082,-0.8719334298518047,-1.025997764344995,-1.0263886044860548,-1.0371917228251117,-0.8119130243859454,-1.0058996333487717,-1.0565382199821256,-1.024680158426222,-1.028826900503166,-1.0842625242421455,-0.9071004200764616,-0.8860956765745979,-0.8886998131722748,-0.9066703121596924,-0.8844041886327114,-0.780549813912853,-0.7822600667664982,-0.7951048154344481,-0.7968190315971082,-0.9504050036383209,-0.7287824541236954,-1.1211045924822391,-1.1931711366832594,-1.1937310070639628,-1.1969930176845573,-0.7292333743312804,-0.7309634006580034,-0.7235791922073691,-0.6999771586156627,-0.6999771586156627,-0.8165348606343272,-0.4185937295494585,-0.9959240184738869,164.80862321428572
2021-07-22 04:00:00,-0.5864227857416064,-0.5809894364756609,-0.5807254740776352,-0.582111778330359,-0.6426657851973754,-0.8052281528713966,-0.8070894846899277,-0.8098148084347231,-0.9431711336684406,-0.9429044042593642,-0.9685367764336936,-0.77189045267664,-0.917409920763739,-0.9638277730252364,-0.9448371180842711,-0.9380374948781509,-0.9750850199180932,-0.8140314323727784,-0.8274761663787911,-0.831823366175402,-0.8218769649780935,-0.842270022743226,-0.8176752490626328,-0.8165179703478369,-0.8303059832623342,-0.8303878450273785,-0.8902824933833877,-0.7715708395719547,-1.0274946024154836,-1.0819582802208336,-1.076714582730241,-1.0799311990368266,-0.7847064974371193,-0.7852918254245895,-0.7985346049377853,-0.7758339277469771,-0.7758339277469771,-0.7974247693482818,-0.281076445906321,-0.9573098827201748,165.58366974169743
2021-07-22 05:00:00,-0.6018841815120861,-0.5965696001658024,-0.5962848217671525,-0.5975777833113486,-0.6516351304414393,-0.8023084010888287,-0.8005856787886193,-0.7997124735899881,-0.9458013975040234,-0.9456488656347797,-0.9667334858214932,-0.7415705474044696,-0.9325807498399123,-0.9740101320135885,-0.9492978045664785,-0.954344092043191,-0.9943420125575839,-0.837248049930253,-0.8100507868621776,-0.8127075053840404,-0.8080414312142151,-0.8092022991365128,-0.8646850017331164,-0.8640798688285856,-0.8967632698582219,-0.8995607215811623,-0.8663190463467659,-0.8079569926571359,-1.0375000937889833,-1.1007262275693883,-1.1001514241159822,-1.1023727263665417,-0.8481392627500294,-0.8720547773525673,-0.8410075842886212,-0.8264051071678538,-0.8264051071678538,-0.8018584999637405,-0.25269531841246945,-0.9375065301661454,164.6278230188679
2021-07-22 06:00:00,-0.5900911111179334,-0.5890151593121697,-0.5877255370654023,-0.5899399068213932,-0.6418470743789212,-0.8082812762384094,-0.808893316234682,-0.8110457926123608,-0.9451374322349538,-0.9449632937829283,-0.9669140318681474,-0.7574580145545656,-0.9464047083514847,-0.9929901275597777,-0.9654028875386558,-0.9658324911696238,-1.019851196995055,-0.8146961800786451,-0.8265079957463934,-0.8253365822659313,-0.8173367984988585,-0.8276559390550177,-0.8115139079389484,-0.8140441720702313,-0.8315427828260812,-0.8317179979307194,-0.8255656499242843,-0.7666857640762708,-1.0575893394021068,-1.1247685047130327,-1.128262065248628,-1.1290678330119566,-0.785361053204074,-0.7789011511022004,-0.7726364777320263,-0.8769762865887303,-0.8769762865887303,-0.8043372483442153,-0.24009549234026542,-0.8707843162936361,165.1402227436823
2021-07-22 07:00:00,-0.2185557989622213,-0.2650455221004725,-0.2650080464653732,-0.2679361399215383,-0.21720308120077786,-0.6011162450960019,-0.5461848665359664,-0.5045413259897283,-0.6362784341570388,-0.6340295851753711,-0.4032912801534769,-0.41724858848302065,-0.649911284238627,-0.6750014462871068,-0.6684703484909861,-0.6710244197436419,-0.6930752619680652,-0.4677778168554877,-0.48044798319963067,-0.479061138863604,-0.4772781421474476,-0.4290865374067849,-0.1538728592072766,-0.15534808256828564,-0.1634986021064935,-0.16046711817580608,-0.4073208800393581,-0.172888866486268,-0.749317600715215,-0.7743348927864706,-0.7769585240717549,-0.782695757022439,0.009780001619245686,-0.06819489244946009,0.021907174172977145,0.05859053269748988,0.05859053269748988,-0.09965875802380593,0.048718735462640675,-0.2308519967675101,183.49682710622713
2021-07-22 08:00:00,0.029811896804448606,0.030011440318153865,0.03200818725801821,0.03084729134336433,0.07316333335866314,-0.2937074636414325,-0.28839670196279316,-0.2833310288880887,-0.17594949318269462,-0.1738652895912433,-0.12742460358416388,-0.3931342829220463,-0.2903303191729327,-0.28563009324954486,-0.29158705723209255,-0.30050223315796737,-0.27850228703637764,-0.3281472083685391,-0.27169479063932284,-0.273051503731642,-0.33308751624287475,-0.46625638055404206,0.2284192536245601,0.23112007869639944,0.22757067655748217,0.22675449282776766,0.0996179929844919,0.24327103634578848,-0.3545492314187749,-0.3310077544349666,-0.3332054062831065,-0.3446716232302259,0.36595891596121694,0.3601553401681616,0.3552779702745527,0.18501848124968182,0.18501848124968182,-0.04825701445797486,0.26211522947912846,0.03130095793340863,202.51247647058824
2021-07-22 09:00:00,0.6210381671244586,0.6126469614160958,0.6095619342299553,0.6077040402006508,0.7149650652453461,0.5109489024041182,0.5190620307131649,0.5309645151210606,0.7094637587665695,0.7095566755015179,0.730772471787758,0.5988110109247131,0.6914640058085371,0.6872435791806022,0.6881186739710893,0.6867171599757094,0.6790152156895691,0.626652969476502,0.6376987341937718,0.6352974188780363,0.6248111639686676,0.606336376327634,0.7872994671651787,0.7886165099857236,0.7937566736265255,0.7944798093644811,0.7448467049668765,0.7708597335248981,0.7003353378464211,0.7024900203344249,0.6989094863592235,0.6965505668426714,0.828295476336006,0.8177316477188129,0.8149118528543248,0.7918726343002037,0.7918726343002037,0.6530727788976577,1.3372844506538955,0.7451215674633666,236.4635018115942
2021-07-22 10:00:00,1.5488175395587933,1.544713970580149,1.5432157481772708,1.5468300619437088,1.5041877512688395,1.6077072164689858,1.5422611837441198,1.579971966077202,1.6153896609271836,1.6196481900354929,1.6466775119720989,1.5442458829962784,1.5784364222584308,1.5725470883191555,1.574809086086758,1.5727609595938077,1.5527416322998255,1.5329559165936237,1.5395091684894924,1.5448525824223163,1.5303733283929155,1.5680684241824216,1.3255889801323697,1.3212159338202176,1.3338863537401184,1.332915109166557,1.766113851251505,1.2733901897380004,1.6469071286753372,1.6513299389552198,1.6319759581323334,1.653805581863271,1.2210823367960306,1.2214613031129566,1.223046392147239,1.2470132490880939,1.2470132490880939,1.6305379765377936,1.924033833345472,1.4816987198530343,291.8144967032967
2021-07-22 11:00:00,1.8451435487450016,1.8369537561893907,1.8371220014875271,1.838476634548095,1.8869916999218297,1.9313242052823103,1.9403070925913506,1.948191434207727,1.9699872825120812,1.9693552665561738,1.9809976937559612,1.8891850476333405,1.9795052668364352,1.9808253945090424,1.974876021062441,1.981036794900356,1.99138373018036,1.967295795788827,1.9772727433989892,1.9697861455733006,1.9687614894361387,1.9564272970239724,1.3863075398021298,1.3878120975109656,1.3994033968014856,1.3993950068990617,1.903937028933495,1.3407439231976028,2.0578849090333104,2.0904047348112043,2.102671930404474,2.1037040266703446,1.1940404495317498,1.1944286460312639,1.1849227863119511,1.2470132490880939,1.2470132490880939,2.1537826859847713,1.870949673693209,1.5539714859991065,309.497459352518
2021-07-22 12:00:00,1.6449950801334297,1.6419867226925655,1.641306513767557,1.6420892726142355,1.660816513960788,1.6720874651769488,1.7022678504166147,1.6965375617832406,1.7736701083382072,1.773924411867706,1.8395353549720288,1.5686751722580272,1.7995499703468854,1.8077690304625829,1.7884852489495928,1.8012132302929433,1.8293026397304086,1.6251969633693286,1.6287507337495422,1.6328661321562383,1.6290563477007616,1.6274098470633858,1.3381538810232736,1.3375157526578203,1.3469651642941531,1.3479692581076304,1.656622811850127,1.2732510165514588,1.87008345401917,1.9297806411771654,1.9292154090801945,1.9288821729920587,1.2145326200364586,1.2131629100075203,1.2091767289069197,1.2470132490880939,1.2470132490880939,1.8788483469649666,1.8350604829721897,1.3819804322135414,297.91362877697844
2021-07-22 13:00:00,1.7714326169143635,1.7805913860800964,1.7812437357024344,1.7819352350854156,1.7644179530219235,1.8628358764201236,1.857391665465951,1.8485556103534222,1.8025926631728892,1.8034167211185614,1.8146840064959118,1.8012972776170841,1.7743556871782757,1.7975444793029483,1.7887203763369917,1.7775184361093317,1.7973738342071477,1.8170939895403522,1.8209865325267593,1.817677199470239,1.820082650839094,1.8745407924648045,1.3537151186565413,1.354482729464775,1.3704661951125086,1.3702418118335908,1.7992061197000369,1.3109930450769212,1.8500001896157254,1.9039510979070506,1.8971624301901377,1.8986317496153817,1.1967643802745627,1.1937170031656277,1.1862131055282372,1.2470132490880939,1.2470132490880939,2.0199665143355925,1.849443113453391,1.446053725292332,305.87865090909094
2021-07-22 14:00:00,1.9841551965757303,1.9779120344001793,1.97733290807676,1.9779884105569157,2.0180477513112067,2.046237579929756,2.045203342742236,2.041071724359383,1.853556505245642,1.8534514009018324,1.867275212175737,2.044978685364121,1.8344084172458694,1.8363067925015937,1.827387050398343,1.8346672623960865,1.8426370086091155,2.1462430842739204,2.137245756696475,2.1257264971744805,2.1307228061476526,2.127008980698748,1.3537151186565413,1.354482729464775,1.3704661951125086,1.3702418118335908,1.8845467988069737,1.3662926409171208,1.906178392998942,1.942842752323331,1.946972502919568,1.9492788292928858,1.2045455823403133,1.205123682363597,1.205048722082606,1.2470132490880939,1.2470132490880939,2.2819215162812716,1.8554061825983474,1.4145105085553793,317.8658728301887
2021-07-22 15:00:00,2.0506133705680383,2.044039574745175,2.043498148629491,2.0444623439788217,2.0826793684776077,2.134716490351139,2.1360774191162424,2.128342678622818,1.9176570003277005,1.9169556782115889,1.9297701391730313,2.1300873117832784,1.8959043273689078,1.8921510515832936,1.8949394816396263,1.899622205919639,1.8808455571476859,2.2410929570204075,2.2339013675284893,2.2338013697690076,2.2391683089051644,2.2204092481377034,1.393696005951293,1.3932225028917447,1.4081724896191696,1.4075044819594558,1.9494758782595139,1.3419051494728151,1.9673454152258312,1.9929753059091104,1.9877536628041514,1.9890687770561994,1.1765301947848161,1.1778985630621237,1.1709897063342667,1.2470132490880939,1.2470132490880939,2.3606426224004955,1.9000791868009652,1.4416243156725972,321.86267838827837
2021-07-22 16:00:00,2.018015934543208,2.0096847930495514,2.010803504973495,2.0105295803412737,2.0550344009914965,2.1091088667333815,2.113801191709861,2.1139942828106983,1.8352244119014292,1.8345655383873702,1.8455638346079843,2.0662534110031934,1.791118024840374,1.7985039622878876,1.7998670460992345,1.7916702209194129,1.7853715134289916,2.184867786603906,2.179433754238334,2.1803269400862635,2.1827305966591415,2.153463047725234,1.322855597590041,1.3168254910070283,1.3358266117917963,1.339114115895991,1.917791612905698,1.2881121033769372,1.8592142073118008,1.8939357120245595,1.8865791780828491,1.8860476576801035,1.1037707702687525,1.0993306415274144,1.0951297595398788,1.2470132490880939,1.2470132490880939,2.327811163859563,1.8632252238066285,1.37314402646314,319.8151136531365
2021-07-22 17:00:00,2.0125216059529762,2.0060760040538406,2.005488408365914,2.005828833887862,2.055389143596828,2.1148141395195936,2.121288956086523,2.1184018151877,1.8494459013850053,1.8494263201670211,1.8551707974363383,2.093035896843301,1.8245010110163615,1.8360019790104556,1.8199603372258313,1.8257725580653164,1.8420785994076674,2.1884749196461124,2.192039513518142,2.190617421655426,2.187798819518982,2.206158649896557,1.4315030777622195,1.4103206547956002,1.4441270345578445,1.443893682549336,1.866144852307258,1.3820540042930451,1.8961487796634182,1.9507559923511781,1.946636754742956,1.9482539857948902,1.2115481541796898,1.2074587206857104,1.2015658748664333,1.2470132490880939,1.2470132490880939,2.3193988244331654,1.839775241690436,1.230691236619712,319.544440942029
2021-07-22 18:00:00,1.5346585643238795,1.5018027904497278,1.4994509618768899,1.4978928316694942,1.637232985731576,1.533528350417916,1.5598662809642458,1.5759363514389253,1.4845182140875106,1.4848544615517567,1.5193787509011105,1.4724887760601013,1.5143467267290658,1.5185185716061644,1.5038798210817539,1.5076334246418324,1.5293436743749609,1.4959306726252544,1.509492677968842,1.5005418333135436,1.5165771692790044,1.5197914554926824,1.2833099291185712,1.2828493253377153,1.2965858122501914,1.2781772032993175,1.35383680408853,1.224449793718304,1.5710479456941777,1.6144373407365011,1.6126782241161337,1.6090059637279828,1.162523593906636,1.1556494206217436,1.1494702934545455,1.1964420696672164,1.1964420696672164,1.7126818163581292,1.255877580473479,0.8358858691148696,289.089328113879
2021-07-22 19:00:00,1.4662530005281014,1.4616097417554652,1.4619136043321665,1.4628660772308826,1.4642297885260576,1.5469074415258135,1.5450943836088011,1.5550013437894117,1.5722582617998346,1.5726677542712162,1.574055600484419,1.4668626691175244,1.5696508988275886,1.586366605467092,1.5783243449460196,1.5698836948755905,1.5806900330545415,1.5150810543433795,1.5303928799537012,1.5306698161763366,1.5264399077413313,1.5234672818651673,1.2833099291185712,1.249735556499231,1.2590990611605162,1.2562586345958326,1.4925548051006514,1.1850500095802246,1.629731400187974,1.6750059409469213,1.6640389893775174,1.6662846094497086,1.108440001528002,1.1211115866914168,1.1100944184453927,1.1964420696672164,1.1964420696672164,1.6713698817742433,1.514639878626716,1.047695502191133,287.18706582733813
2021-07-22 20:00:00,1.5066070730601977,1.5024271071567734,1.5023890686911003,1.5046221854859758,1.4981492208929956,1.6220101250440049,1.6252009995010899,1.6162640064881404,1.5541988451527478,1.5543591591543382,1.5533715202412175,1.4969470732058747,1.5604208715394627,1.5324781323007568,1.551317298424343,1.5590948979572659,1.5185335701591336,1.5788563293293687,1.59478883910425,1.5919022833309477,1.5789049144651357,1.560929978352884,1.2856990753814532,1.2943192031877389,1.3062319292938402,1.3062348836783393,1.6141887165328024,1.2412055205176589,1.6180346551908502,1.5932254134068595,1.5987825766425956,1.5976190507479044,1.1373117123259122,1.1362033438352883,1.130892740743433,1.2470132490880939,1.2470132490880939,1.6699428971938495,1.5442046104412988,1.0147810128366699,289.5477633699634
2021-07-22 21:00:00,1.5856486257045004,1.5817466870959627,1.5800399179685793,1.5819610161077713,1.618326992477012,1.621719079322377,1.6182358660357241,1.6198709285750519,1.497111416749675,1.4971003353204213,1.5149148891481643,1.563104818238286,1.4659472033536152,1.4416402984570722,1.4608397227997907,1.4661328553803488,1.4233658771350113,1.6185082811976221,1.6197803727158937,1.6171959184465083,1.618561852028894,1.6222013538075857,1.2760957783619775,1.2783035862531098,1.290141350880203,1.2897502149302902,1.6467928786499648,1.2540736970165616,1.518831188282652,1.499667669491926,1.4977903224035047,1.4954781086415692,1.156786053318545,1.1664029462085075,1.1593773970920325,1.1458708902463408,1.1458708902463408,1.7666484817131447,1.4899331973887184,0.9807369611581647,294.33380291970803
2021-07-22 22:00:00,1.68285727583726,1.6752605249973045,1.6748145931664251,1.6764614830486024,1.618326992477012,1.732376744579275,1.7360602699411742,1.7333480198973343,1.654357992994108,1.6538930729456442,1.6566710041917954,1.727681223782412,1.6469085942465,1.6363476124240968,1.6505652131717339,1.6448916081174116,1.6213418308644545,1.7728930846701811,1.7857876719511707,1.7779317833556265,1.7776461301880315,1.7956900941020875,1.3228560533165579,1.3241840054393426,1.3348620000874312,1.336220633127845,1.66129896280899,1.2951220828165932,1.7121693558234472,1.7052603182894988,1.7066180297072955,1.7076988697946769,1.201694571664266,1.1887896304501042,1.1920437249173688,1.1458708902463408,1.1458708902463408,1.9262878492980826,1.372568882729432,0.9518003669469102,299.9563609318996
2021-07-22 23:00:00,1.6827784559638392,1.6768641456271525,1.6759553617341447,1.678006473997494,1.618326992477012,1.718553606483683,1.7223057365726642,1.7231465479545922,1.644085627345361,1.6442935461037318,1.6587520157235256,1.7054099406987318,1.651670570145865,1.6405907188574775,1.6458103846762464,1.6495029073096381,1.6389474094462466,1.7666299071311078,1.7728669928616858,1.7712179067011464,1.7710021004898884,1.778730133840748,1.3127735598649546,1.3132769549947019,1.326093137158143,1.3256985432649022,1.6382788688254808,1.2790924848694192,1.715529162662564,1.719482981639249,1.7256826036226374,1.725514144935994,1.1737647540972578,1.1786774756513771,1.1719361659079413,1.1458708902463408,1.1458708902463408,1.9262878492980826,1.2849319572579636,0.8989998923324941,300.0282580882353
2021-07-23 00:00:00,1.3683849851553502,1.4021980548258395,1.3919725997676857,1.4002208145924881,1.2715068148631326,1.395185591636023,1.3721019208164258,1.3377440244929564,1.3664336450824432,1.3668214420229274,1.2721214382802477,1.1918681672804998,1.3183479045301985,1.3000053081300855,1.3108963243410998,1.3167406697570854,1.3055705776112567,1.2499502882492393,1.2595233394257497,1.2573450945801865,1.2427146489312324,1.258497943495164,1.2208746368104313,1.220446593254318,1.2292833026562764,1.2296607210237886,1.4928978667527817,1.181909914558862,1.3697843149627296,1.3599930836385032,1.371092872769252,1.3734250874124319,1.1419320209167563,1.143411712501277,1.1306185462839013,1.120585300535902,1.120585300535902,1.4312128867281502,1.2071211054560989,0.9503937133672058,283.58395072992704
2021-07-23 01:00:00,1.4960022363903438,1.5037775339205308,1.4996167754270384,1.5036152521792672,1.5125529455952542,1.6149660174393332,1.602199464902261,1.6085440675506248,1.6383889445157018,1.6398139010023471,1.6576232690849604,1.5622809750803146,1.6162197030713148,1.612987946446413,1.6181744493346588,1.6161771146202597,1.626788065384041,1.6287024814508975,1.6557543619506925,1.6423793403269653,1.6511737968466127,1.6411933585550902,1.1299007833448753,1.141959101192133,1.160965557146948,1.152269328012149,1.672061888362204,1.1106194534053149,1.6831449530955152,1.702403815120806,1.7044797321474205,1.7035846843518474,0.9828759199957784,0.9842018505119664,0.9779846711633576,0.9773002921767503,0.9773002921767503,1.67177187769001,1.542195317357407,1.248337200532392,289.5570046263345
2021-07-23 02:00:00,1.8161809792384052,1.8117472915321173,1.811492850937183,1.815435994880412,1.8322755993657427,1.8865172720101515,1.883774927347441,1.8863757703670563,1.896719517621368,1.8946658960029468,1.910759580663264,1.9128558415754608,1.8322780113006567,1.8202745905517805,1.8200139800484858,1.832472716870253,1.829456927735742,1.9957571610908158,1.9957695756364007,1.9997610687016294,2.0114564997477493,1.992603978543017,1.3339196016691874,1.3339438617839499,1.337541579216621,1.344494521066447,2.0617969459419094,1.2874908980599227,1.9094111505647233,1.9255048555607253,1.930504668269627,1.9354485870738691,1.1486540126332612,1.150900469705916,1.1382958166829977,1.166099362014691,1.166099362014691,2.0741113112986915,1.849266153467357,1.3425223862449143,308.1000057761733
2021-07-23 03:00:00,1.4940690587952574,1.4867831931317999,1.4882426180585868,1.4887765959436698,1.5161080697338944,1.5236594067255054,1.5288321664331512,1.5298695932885509,1.5104674009459849,1.5054023034042177,1.511445030129666,1.5055015365285098,1.4314797823078727,1.4394158407797235,1.4273530060508368,1.4270347546177797,1.4512440084330587,1.5641518833463197,1.5646908559961799,1.5590385227605386,1.5667576828031524,1.5626306089323243,1.285916684793095,1.2858064386813208,1.2963662688332054,1.2968818638311903,1.6795541262360822,1.2596569856117925,1.488760739790841,1.5257116974390403,1.5281313746824547,1.5261235819741241,1.2088033476264812,1.2120774953143936,1.2025445816438154,1.2975844285089715,1.2975844285089715,1.6980675599466024,1.5868338298186644,1.253519597748156,288.7099792253521
2021-07-23 04:00:00,1.443005280446894,1.4363066458283227,1.4354802043622683,1.4398683845574882,1.4648812609564115,1.4188526778180253,1.4223684023776626,1.4224441767786005,1.5088871159603428,1.5089372786533852,1.523091794724552,1.3622141112235193,1.5051663952226282,1.4922129399997006,1.4986792302165193,1.5050674218215647,1.4857054609859233,1.4184846628836758,1.4229196167192877,1.4210129371004965,1.418884210864641,1.413395475641778,1.2677253843291714,1.272984607904771,1.2811466718648732,1.280931850383324,1.5466168469928476,1.2384672880724379,1.5526826182260718,1.5613239155387708,1.5639812928579617,1.562982835074147,1.218874138573921,1.217657377267983,1.2116974820439697,1.2090848645224368,1.2090848645224368,1.644742067999827,1.2463098085922035,1.1940256851976259,285.83606738351256
2021-07-23 05:00:00,1.6839043653403278,1.670505052888738,1.670806902554923,1.6720459756871637,1.6972254450010256,1.7457828114910172,1.7514240719250473,1.74693363890628,1.7977891569112123,1.7969780646587687,1.7998491031438861,1.7205559109162025,1.8018452734528287,1.7692812923251808,1.7988949275463417,1.7976405002237992,1.7488997588391748,1.803358901583113,1.8013835567547123,1.7957739419579435,1.8005906974390324,1.8017198988161687,1.3008902009387782,1.3024639016783202,1.313147494681501,1.315002595350778,1.833990503936207,1.2547250358136983,1.8705258374731668,1.8337282838323705,1.8460147580352957,1.8481335777403092,1.1385844217324075,1.1353730513392364,1.1344711159484566,1.1458708902463408,1.1458708902463408,1.9031295471525038,1.5995280611556075,1.419784859312695,299.8274863309353
2021-07-23 06:00:00,1.7446703751500001,1.7381379660458387,1.7399724187219645,1.7344150572869999,1.7681838694703875,1.8220415916522144,1.8241179701555175,1.8160183642577188,1.8078355170081826,1.8085812482893275,1.8061843964377762,1.8140406927275832,1.728745138999288,1.7328404153993149,1.735504921147447,1.7269824917667296,1.7369072026331773,1.8905503562758426,1.8892108332044404,1.8885254362572486,1.8964725178602861,1.8833962888651203,1.2654915286852346,1.2774376591428567,1.2875490271683994,1.2777883816555793,1.949957568210801,1.248815793053331,1.790789301850324,1.8273847399463288,1.8304779228531896,1.8358132165999643,1.0968464014652126,1.0946077606790883,1.0858401376278255,1.1458708902463408,1.1458708902463408,1.9933769423392704,1.692244474346774,1.4873797022150836,303.64003169014086
2021-07-23 07:00:00,1.6434504860858608,1.6380330518766855,1.6414887675746366,1.6406509981051858,1.6676415868352534,1.6610400769090368,1.658724186588477,1.6574749704896226,1.6033983828220704,1.603357499807801,1.6182806427555572,1.6769604157523716,1.5281059966555004,1.538559454673284,1.5206043743902078,1.5262317565579062,1.5674471023266017,1.7248197485407188,1.7284770219433392,1.7356426060318617,1.7266402062883621,1.7425227670325505,1.3117588321920828,1.3139970388910185,1.3243258259142072,1.324377588566638,1.7808966499990029,1.269479361065273,1.5921355012807847,1.6304028540797142,1.6539013567622638,1.6486474046950006,1.1987721582163688,1.2033095241329912,1.1985860492110532,1.1964420696672164,1.1964420696672164,1.8923909667300671,1.6197730017471113,1.3318602273736502,297.9860580645161
2021-07-23 08:00:00,1.125320975169175,1.1204032386516525,1.1199595787982326,1.121275668575937,1.1449449120850828,0.970493689494719,0.9782623677802457,0.9692660368571325,1.023934375901002,1.0216155260325392,1.0112782324133833,0.9413261957052713,0.8673133051762286,0.8909753049341252,0.8566012350315739,0.8609543095607791,0.9132897154233497,0.9487649278664463,0.9535696347080613,0.9517617228300715,0.9459553745678909,0.9681974678784082,1.2096711067644557,1.203662888382055,1.2129149935186296,1.2121259477891442,1.2989884899593331,1.1692895160367154,0.8827688661728389,0.9632256890981213,0.9582566631943562,0.9558738753172707,1.2268410978507547,1.2274010973997798,1.2183487108494404,1.1711564799567795,1.1711564799567795,1.250993487790176,1.3816650614554546,1.1549965902902466,266.86344184397166
2021-07-23 09:00:00,0.9696101677826989,0.9657983813375249,0.9659480607492705,0.9649039448066008,0.9732969804461006,0.770091749965277,0.7748213411327003,0.7803541899284578,0.7618294104440732,0.7599914522881263,0.7568511547801811,0.7576836302257364,0.5719752595742601,0.6027269051363986,0.5771091431104354,0.5643250630389931,0.6236216261126022,0.772572355126762,0.7880933338314208,0.7833119967842672,0.772217272995488,0.7688304887130147,1.0621040757182332,1.0634714578322606,1.0698342446479696,1.069207432069012,1.1668983197470981,1.0390595114783052,0.5824101611153706,0.6543381149809142,0.6368640691549632,0.6454640895551667,1.096962005952971,1.0989158068444236,1.1009343841063808,1.0447285314045875,1.0447285314045875,1.067600112933316,1.3943439756192282,1.1253643300762317,257.56460704225356
2021-07-23 10:00:00,1.0740106934457927,1.069681761150831,1.0696767601930084,1.0662944745540037,1.0733595706921855,0.9224893493263012,0.928274331073368,0.9256261912618098,0.9159668792446356,0.9090811787299892,0.9335048437098321,0.8894122163984807,0.7900563645600854,0.7987963544927865,0.777249639641954,0.7827266820163721,0.825237536470527,0.9002340302533979,0.9029667723159881,0.9031149603805229,0.9021600053262897,0.9172514417820898,1.0792943331029599,1.0727520581134953,1.0837177795278237,1.0915171721003654,1.194673959879384,1.0410648376271052,0.8095169677745754,0.8597469413321664,0.8528912544474331,0.858573036597795,1.0808158528445826,1.0828783081967297,1.0739579549365763,1.0447285314045875,1.0447285314045875,1.1962385210731263,1.4975879024522523,1.2166363219749847,263.6436364912281
2021-07-23 11:00:00,0.984709648117707,0.9649604109313551,0.9588796259262937,0.9622207949313,0.9925671615149158,0.8519609844372831,0.8632871402955278,0.8615077443282654,0.8093469512138536,0.8044498014840361,0.808412599333154,0.7836931018291526,0.6987037169652991,0.7060380678957484,0.6949266855868584,0.6887754818079437,0.737479895137794,0.8397786929836077,0.839592694152167,0.8365487110784378,0.8236046818510779,0.8285215243981998,1.0447211472895752,1.047491584976804,1.064974403982986,1.0590884024248461,1.1417178991697225,1.0132996661018436,0.7069801756259068,0.7421605815304558,0.738211861419463,0.7607236616465508,1.097572669658896,1.1028313781759567,1.1091139111300565,1.1079425056806835,1.1079425056806835,1.046926052157536,1.2831316866268774,0.8915778756745828,257.96703556338025
2021-07-23 12:00:00,0.3251788266441468,0.32882642969178444,0.3259920268001306,0.3246425752938334,0.29704532858584404,0.14797182042453932,0.1456038449860094,0.1455317470169393,0.17510605244382668,0.1738485223296096,0.15797216383392482,0.045386949560502814,0.02870319976206484,0.04601549343219032,0.019666525324361188,0.012873474873216903,0.06889655532740635,0.03811799740824957,0.040722198556293644,0.03694365822220703,0.034234262189931114,0.024540713713186658,0.7154614320295711,0.72096333544248,0.7212400514186899,0.7246011320111166,0.4825693963778479,0.7044313567837349,-0.007285392459585628,0.05253367172003075,0.04186067598878225,0.04653645536399738,0.8395357460158677,0.8336996390394528,0.8303113439572252,0.8087296941071634,0.8087296941071634,0.29826651147481537,0.9398760748992514,0.9296306639094949,219.89784372759854
2021-07-23 13:00:00,0.13585801521871385,0.13504265949632116,0.13626495781960205,0.1332580615042799,0.11008093665434975,0.24977995786280233,0.25335764453657317,0.2474139462764368,0.20228399726251317,0.2028197718365303,0.20779718186074558,0.26754490049346075,0.07423860777131704,0.06900752660606549,0.04819674246920063,0.06711380893631229,0.10948867093037722,0.276091492889059,0.24622806599947322,0.259524446459742,0.26462676710432903,0.25691135941376325,0.7994391101123766,0.8004485945046952,0.7820637835749646,0.8062862059258581,0.5803339315840139,0.7470810522856826,0.04117877354342868,0.07670225824494448,0.08523829023828976,0.08297358831654499,0.8449777989426697,0.841389130765492,0.8395000247481458,0.8930149931419569,0.8930149931419569,0.08914708755480608,1.1534514403376135,1.057542565831225,208.38514555160143
2021-07-23 14:00:00,1.228052680770546,1.2228245874582513,1.2238557267689145,1.225242429626237,1.0928370470956716,1.386331888301649,1.391644946185677,1.3642172145118865,1.32797751858183,1.3265509848373378,1.402322211683063,1.375431597659513,1.2452689707638145,1.2588270019934586,1.2379835039583107,1.2565246596799626,1.2372556520171991,1.4266884979020171,1.4197359894661299,1.4560626570225232,1.4295926078634988,1.4435766849242786,1.204541018686072,1.2223234410940422,1.2161300465770741,1.2173501639758517,1.560453842737881,1.1871226269311972,1.274229060576264,1.316331890105047,1.3169220434863995,1.3155995720024112,1.128770028238299,1.1297670758139087,1.125318663195861,1.120585300535902,1.120585300535902,1.1098295545804675,1.7321113284464906,1.4099593562978672,272.25302637362637
2021-07-23 15:00:00,1.7063248081176692,1.6994250672619264,1.6990777424826775,1.6997026325229028,1.7340076265011797,1.9595986250091249,1.9649236644658463,1.9598020690695388,1.8647711739713775,1.8641344992389175,1.8747387955756882,1.830048958294095,1.8099749135917151,1.8195069073716936,1.8176600125887201,1.8123817816892427,1.8106168024697773,1.8892240528879392,1.8992726199119807,1.8998343570030312,1.8861098329487587,1.8938537113649365,1.3272027728311744,1.3262619279085723,1.3397724161992608,1.3392023822912071,1.951989777000795,1.290117791955911,1.88725504571666,1.918237294270271,1.9151476866494563,1.9125965646900027,1.114744356262638,1.1058661996608525,1.0991539320262118,1.0952997108254632,1.0952997108254632,1.9527628602847993,1.8370155253867577,1.5141986945386154,301.35330618181814
2021-07-23 16:00:00,1.7213412797597631,1.7160371631484002,1.71486659338262,1.7158408922885997,1.748165131265476,1.99238304261533,1.9959421685969163,1.9948875563376767,1.8801773622172118,1.8806803042922262,1.8889731875641549,1.8504161918455886,1.8545239577601793,1.8467299292906265,1.862205869062518,1.856163535253759,1.8333900502709863,1.922187681658019,1.9314947908290856,1.9299709452116927,1.924333189362111,1.9214545766547808,1.3919574092907498,1.3938715699802102,1.4055402674992994,1.4053116137033301,1.9526261307555373,1.3602096128886638,1.927192148532641,1.9327997387016922,1.9351188018919363,1.9345953172063817,1.2118099643431435,1.2142004215764055,1.206597781587347,1.0952997108254632,1.0952997108254632,1.9695027255451214,1.8183273296694822,1.4895000290904665,302.2699170909091
2021-07-23 17:00:00,1.3516436160632121,1.3841612885976682,1.3753617204152397,1.3718327631042908,1.1693898600711023,1.535196910129269,1.384723303232243,1.2554637360877756,1.526378433213955,1.5317160949357687,1.306434715520241,1.2812915869513073,1.448956431136472,1.4307485879781614,1.442951206285428,1.448873205086041,1.4328384783518533,1.349941607361591,1.3579928907963634,1.358142591650388,1.3395635893920752,1.3209642577040912,1.2349740556875244,1.2344428903581648,1.2450682061343603,1.2446644758076726,1.6366175530665625,1.1977220181590469,1.4951198605414815,1.5099159237613626,1.5066759579944071,1.4883439084717753,1.1676883060887326,1.1854658855482525,1.1818262046779224,1.1458708902463408,1.1458708902463408,1.238674698075517,1.6217441118329246,1.3940325683655703,282.54807773722627
2021-07-23 18:00:00,1.3523342474915072,1.356854715324066,1.3540038357599995,1.354192466204971,1.3761158021846276,1.4324652071926587,1.444166947353312,1.4404039340228323,1.4627810537298225,1.4626573635621092,1.4625162458068275,1.2636442892079165,1.4189896832594722,1.409779181931913,1.424856186238826,1.4202975154245256,1.3946397575521086,1.3320504401028528,1.3344036359325735,1.3348494853128114,1.3353536505997772,1.2939676750849787,1.242240994765615,1.2496392303035075,1.2614367707035583,1.2576209405914265,1.520804127301991,1.2256565544025602,1.4755357208997106,1.479601542560872,1.4718057116983234,1.46547612572039,1.1619617625725713,1.154561375536639,1.1479948471037673,1.145870890246339,1.145870890246339,1.512921165722758,1.3021899823855956,1.3338745930044897,281.25456985815606
2021-07-23 19:00:00,1.6771767669120243,1.6720471880883279,1.6737696130069115,1.6662220113404504,1.6919545313500473,1.7678543182330453,1.7562253347402907,1.7566018165474493,1.6818367665481269,1.6832373874603832,1.6771187783926942,1.6296312405455111,1.6655160686617505,1.649601935792638,1.671559247402631,1.6671757873349555,1.6259859798282363,1.6907023222002944,1.7239758077248157,1.6892562541829999,1.691212044334936,1.6942849867221348,1.328196386844775,1.324432090422407,1.3350128068743878,1.339552820896019,1.7185992252918683,1.277418756441308,1.7361815950226231,1.7151869103231938,1.715014607264697,1.7137427482027658,1.1658591233916695,1.1643746360383271,1.158936056864557,1.120585300535902,1.120585300535902,1.9057619437151392,1.511655844230269,1.4058073796261197,299.7499391459075
2021-07-23 20:00:00,1.2210818888790829,1.2137649909355883,1.2176940415490052,1.215707992703626,1.2212805474227106,1.1407526456993557,1.1487695851253639,1.142011964093932,1.1864419599852454,1.1850251853244986,1.1938996952442125,0.9966528853142755,1.1764962856993764,1.1671138732293485,1.1743509321077195,1.1821090028531342,1.1675682034950778,1.0548939419315733,1.051297169100427,1.0390881006439983,1.0308018798730945,1.033487454383728,1.2027663436763043,1.2050670318068464,1.2145522075797186,1.2155751819345728,1.2560071296241992,1.165675113825146,1.2156248007301969,1.218864863571767,1.2144572381686158,1.218962594053532,1.1941427890308784,1.195937693073336,1.18712867410451,1.1964420696672164,1.1964420696672164,1.361762655767995,0.9936715178627699,1.1998793587991583,272.50363237410073
2021-07-23 21:00:00,1.3854084711448125,1.3745431237934578,1.372356642820535,1.374503587244786,1.394236793992316,1.3991831559436365,1.4022620763983669,1.4055443195129156,1.443102980813875,1.440723525701525,1.4453379219521756,1.2715275381427664,1.4281561839751171,1.4464920962966863,1.4376579947508101,1.427199734368731,1.4267239215489609,1.3192688299855835,1.315036925749598,1.3286914450642358,1.3228647782523453,1.315809108788415,1.2218153322949588,1.2223595634174393,1.233167650232878,1.2345569391837174,1.4303944750564197,1.1856708524670667,1.4764256587754345,1.5147014234397984,1.4974631589193987,1.5056582120477402,1.1214270181831323,1.1258306073703392,1.1186098488276774,1.0952997108254632,1.0952997108254632,1.562338800540535,1.1383153513786302,1.2050243538891363,281.92046582733815
2021-07-23 22:00:00,0.9609800159271592,0.9522063572585311,0.9528309037978128,0.9546959163743131,0.989693452198539,0.8032566441964185,0.7951375653767003,0.7880718103294926,0.8845536781002062,0.8932485810447415,0.8877116596813144,0.7642997569520876,0.8228302378546377,0.8130111789883975,0.7983481454085752,0.797164892690806,0.8430482517057573,0.7950828660039981,0.7828973006559968,0.7780975847585444,0.7947376380875687,0.788038685242688,1.0951321645086725,1.0944641018339614,1.106517535798,1.1072815094217243,1.1310236919004257,1.0625083533805877,0.8383322796362158,0.8403565963990176,0.8673202617574934,0.8632181883479879,1.1477387718405168,1.1496221666820061,1.1486222447898027,1.120585300535902,1.120585300535902,1.0320533804058443,0.8612099743016722,0.8321039162773541,256.73444654545455
2021-07-23 23:00:00,0.6729807528413937,0.6689492653144532,0.664088300337206,0.6737781108670391,0.6819870340247854,0.7498919777279002,0.741158872941203,0.7583973795493867,0.8381376402791787,0.8419392937389072,0.8736216551702133,0.7269355690843108,0.7434799428739687,0.7684829527566746,0.7428743836821313,0.7405235650460431,0.8042792197818353,0.7548837283908508,0.731104020366736,0.7477754875881031,0.7549635879519284,0.7537334933568435,0.762934048959162,0.7744777408908187,0.7769789588009868,0.7654275996365929,1.0796771036272181,0.7345787128036979,0.7605445910102573,0.834364786100488,0.8318539925651997,0.8214591857536413,0.762193510262041,0.7609019019659331,0.7575435824425049,0.8045154291554222,0.8045154291554222,0.7321643106511823,1.018102260339912,0.8564180564850165,240.2385182142857
2021-07-24 00:00:00,1.0036081992122479,0.9950527171428413,0.9966125816337448,0.9983228407729229,1.0113157805929378,1.008440838813849,1.0039118853323288,0.9933274526765642,0.9696776899861088,0.9703253840416193,0.9663337851359887,0.9268723117820951,0.8709522803461086,0.8848033792741417,0.8701104946428831,0.871918875848538,0.8895448508835188,0.9634272743010839,0.9633002996949419,0.9586986319476926,0.9597497637695679,0.9559955644288637,1.1835719023444586,1.184810691929883,1.1936596054323765,1.1922517064405793,1.1390521108846474,1.141749751917226,0.8981383998618094,0.9342235723305644,0.9219169487852709,0.9228691253430752,1.1891313268170733,1.190604104292046,1.1860662202851175,1.2470132490880939,1.2470132490880939,1.0998191270976505,1.1222016303480031,0.779991439257571,259.6345235714286
2021-07-24 01:00:00,1.064522579234468,1.061414836909656,1.0634597222309112,1.062680568075965,1.0676811219558313,1.0954653078061145,1.0917292574085542,1.0952986960018072,1.1165475223629477,1.1168632894340167,1.1196136161006442,1.0095396259761018,1.12062714007894,1.100021100733148,1.094633915079284,1.1120931029561698,1.1108604240384194,1.0416841521291726,1.044961403988384,1.0440408877815592,1.0430371710541926,1.0385903946529396,1.1346800425632528,1.1327459148386005,1.1464177318852085,1.1428593027847556,1.1391171508078712,1.1087361324045404,1.1411121179107429,1.1489071650149558,1.1610467891099838,1.156501828871329,1.1323236215457009,1.1350785580075577,1.1263875674033965,1.1964420696672164,1.1964420696672164,1.181858418118959,1.137291423257371,0.8325007241895155,263.35098781362007
2021-07-24 02:00:00,1.0039719351141714,0.9975782314764337,0.9995286131724,0.9997950057536327,1.0095493537969544,0.9472756883071655,0.9584682585468145,0.9495467081181175,0.9459634204386627,0.9459304600849027,0.9536587984918397,0.8896555312097645,0.9383884126642703,0.9331288614450819,0.9359208039304854,0.9350945432667631,0.9325012670399088,0.9119448564807842,0.9146489108261269,0.9099917223425257,0.9101041701808813,0.9109715261768423,1.100720496121246,1.1164218667567052,1.1125307593806362,1.122545772663709,0.9838591426579792,1.0743128873310204,0.9600335263150584,0.9576070416338847,0.9613574232142735,0.9665677931172655,1.1254584227083066,1.1256567093581635,1.118240751336824,1.120585300535902,1.120585300535902,1.1099754342535955,0.9356448959777967,0.7041944701291329,259.6878697841726
2021-07-24 03:00:00,0.9459299119816844,0.9413279039205638,0.9431989590242826,0.9422354173163543,0.9499756048506964,0.8000202247623629,0.8070358953881646,0.8144934343675981,0.7338288880593776,0.7317670465662586,0.7293737607189597,0.7746155538110823,0.6895944333791627,0.676349379106503,0.6802103141891083,0.6915586372115372,0.6751079525116954,0.7750111840223847,0.7745557730076287,0.7715686550808508,0.7734693274737467,0.7880322266827543,1.1208607435849827,1.1183271585620782,1.1300176470627772,1.130349380146239,0.8591198903251847,1.0832301452024549,0.6975506149659874,0.6876178614428022,0.688433350179226,0.6852042306015733,1.156736645150523,1.1623861231428825,1.1526393397326418,1.2470132490880939,1.2470132490880939,1.0390941697775118,0.7731368291884624,0.5432825706743132,256.09734626334523
2021-07-24 04:00:00,0.8912045789393488,0.8835058968857316,0.8849938311461283,0.886405224142373,0.8955248415206851,0.7554244753962311,0.7604242258855839,0.7717924896793046,0.729758508737004,0.7283664249615308,0.7397997803715314,0.7268651780069397,0.7210768647804267,0.7113516076159091,0.7148797951534731,0.7168801957432832,0.7072361491274785,0.7462622314966962,0.7439887180261918,0.7425265393761317,0.7437962253802126,0.7431354335712911,1.0736210443350187,1.0746536809498963,1.0811853672860063,1.0815810730278792,0.7723353999496502,1.0400489458513804,0.7283684203296277,0.725475665004746,0.7221162646669126,0.7221860055012508,1.1094521868209684,1.1091725376715749,1.1045422238999956,1.0447285314045875,1.0447285314045875,0.9804773544756069,0.43293073445270347,0.5003568319136348,252.78438140350877
2021-07-24 05:00:00,1.0712315275067563,1.062318682286384,1.0619229455471666,1.0613350513765738,1.0861980136029514,1.0688031073684428,1.0686929838308066,1.0642130915464645,1.0006988064265459,1.0035410229649668,1.0085621732747194,0.9508856362194799,1.0300246302865432,1.013713422420331,1.0188548068954453,1.0410374992693343,0.9948448287282212,0.9809661158351884,0.9881996443505245,0.9849515672956473,0.9763274842037385,0.9782214818481025,1.1079532014574407,1.1043025435739913,1.107832497415961,1.1031697665112843,0.9630878393969682,1.0661358413127868,1.0551121021358485,1.0370724346716917,1.0331941119896508,1.0340622328242195,1.0871892980056639,1.0892918946881385,1.0836340807239657,0.99415735198371,0.99415735198371,1.186325711609609,0.6376245330918364,0.5458849461160583,263.7448911660777
2021-07-24 06:00:00,0.8192030863082301,0.8236720552845789,0.8272884899009038,0.822545682159537,0.8619793398786875,0.7416790457316127,0.7489522252735766,0.7690012276886563,0.6428784710063763,0.6403194504295215,0.6339671570717339,0.6808246108118912,0.6202154937077173,0.6131490363101412,0.6190327968609142,0.607935828773137,0.6165980500323263,0.6779916985719224,0.6905333754196299,0.6784962569313681,0.6659845020473445,0.6928938343903791,0.9185315106058447,0.9199909072057183,0.9073739551863185,0.9065913099509254,0.639053726611654,0.931166430574627,0.6131607655209486,0.6359034275211098,0.6293241819518172,0.6245254260657787,1.0331341872521675,1.03243165455337,1.031091076934482,0.9435861725628344,0.9435861725628344,0.9111683002401741,-0.07910159739050604,0.155544341331462,249.13356438848922
2021-07-24 07:00:00,0.6440390630552748,0.6447503255759212,0.6462203337988816,0.644754432044987,0.6669600509122071,0.4451852894763377,0.45039454135429396,0.4586855505614106,0.36209489548352114,0.36558428312614255,0.37138050993389515,0.4816475678894806,0.33649258410963606,0.33259778304116694,0.31926255321598157,0.3223309936816653,0.35233986429728076,0.5094118867190549,0.513126184136171,0.501734504131758,0.4941396709885603,0.4829640309882318,0.5623277936499552,0.5655035564166421,0.5663469355501407,0.5667463800985585,0.44758133332594907,0.5360941390572589,0.3229196512163562,0.34574073340814704,0.3435912334868042,0.3417468343982207,0.610627526480544,0.6096452101942155,0.6085077670312491,0.5390167371958189,0.5390167371958189,0.6833724039274307,0.4155477209780025,0.8250430220614944,238.10086810035844
2021-07-24 08:00:00,1.1409726705891305,1.1340376570390591,1.1379797831341674,1.1355733626065974,1.1461871361786407,0.9824607130760744,0.9885429137060273,0.9827530431446013,0.9891105879556719,0.9835480461911772,1.003528176939204,0.9419494003167376,0.8879732545620306,0.9140061132351257,0.890209635621995,0.8836231026629419,0.9323160556590435,0.9697576162540691,0.9748469784150707,0.9812360851120888,0.9716834382979972,0.9574681659102658,1.0022182694523745,1.0016321583450045,1.0104090141590463,1.0096142833953274,1.1526050162523147,0.9517740031247952,0.9167930289736498,0.9843656299059272,0.9634454475519935,0.967238330756305,0.9300914968008095,0.9364299289297653,0.935167082774739,0.9815145571284916,0.9815145571284916,1.282781620681448,1.7925213628810412,1.3715898159875455,267.7580392086331
2021-07-24 09:00:00,1.663452464625636,1.6536700448645139,1.6568044886375664,1.650823850311281,1.723876235620681,1.6724213551128537,1.6974443807658672,1.6978302174037847,1.6376727707398688,1.63964379314896,1.6595968806211725,1.7301449114903773,1.5597563708729105,1.5601380386996684,1.559151829636228,1.5692243806328547,1.56677109130695,1.803084674915009,1.80389723339545,1.803287936519686,1.8041174402732096,1.8023426852010649,1.1827022242420901,1.1828623559318123,1.1920160949835872,1.1926160351812458,1.828614153751471,1.1522842923060677,1.6076468429670003,1.6392431479108114,1.639917064732218,1.640830621748399,1.1138878630136275,1.1157957207004672,1.11022378858962,1.0447285314045875,1.0447285314045875,1.9333996461267837,1.4877910055663068,1.4951621479712485,298.6108186379928
2021-07-24 10:00:00,1.7911620189820594,1.7862918068509475,1.7862044882228463,1.7832094308972934,1.8309834391176094,1.9187387238682778,1.912390076191691,1.9080104137530767,1.8757226778841305,1.8746221823500897,1.9239855431892383,1.834564523112834,1.8898191770699333,1.8874554360022,1.898458292437606,1.901667463782852,1.8769175868160748,1.9316675006460204,1.9330859334763886,1.9298178731001514,1.9182067474894278,1.9108705200206282,1.3566575928649063,1.3565028057840052,1.3702695128192242,1.3683891369756906,1.8113660655405996,1.3181822099942508,1.9683636063152965,1.9754069692030423,1.9768761239390231,1.978113971741653,1.167154245811094,1.1653602529965157,1.1603669800471172,1.1795850098602567,1.1795850098602567,2.063282983832102,1.5984687523839343,1.4584475040510598,306.59337921146954
2021-07-24 11:00:00,1.551885045833449,1.569784164543158,1.5700155822754551,1.5618822981384632,1.573144149721842,1.562347876749805,1.5419553658408522,1.5182420514387294,1.4708286830478647,1.4710960846443402,1.4397234016105993,1.584845361951174,1.479320972940291,1.4724857213505458,1.4759379366619223,1.4737108508770207,1.4845810459201019,1.6748190121049018,1.6744831298219531,1.6554325817867144,1.6919625311486026,1.670598963465533,1.343716478883979,1.3281664632254961,1.3381949220344966,1.338938962267987,1.4063491340531509,1.2890744543316082,1.5239620966375615,1.5543848897429866,1.5538002007888774,1.5597602257200527,1.232820739980068,1.226490812512001,1.2298678135020737,1.2596560439433124,1.2596560439433124,1.7860469653503173,1.1042880143537626,1.2461184006456052,293.7326647686833
2021-07-24 12:00:00,0.4897452798910028,0.4877549909751927,0.48924274232540704,0.49106955282121995,0.4749236590987276,0.33806928420196597,0.3437770130242501,0.3508580394447094,0.30900341485015825,0.3076636189381109,0.31045996275033916,0.32240490094922686,0.22466346334953194,0.2607135585070717,0.21423442951083768,0.22067691003720138,0.30637985584158295,0.3148399128378376,0.31294236113439394,0.31253415588358313,0.31375974644592086,0.3178958434613087,0.5965505764084119,0.5978792951251638,0.6019717055865499,0.5989900482985792,0.3996691115237684,0.6297920519807093,0.20735687020467655,0.3041353599768466,0.30738297946970267,0.3034649418225349,0.7269714429437115,0.7055685535123621,0.7225676187002334,0.6148735063271342,0.6148735063271342,0.5005974528288633,0.011726893949164529,1.123492396863327,229.17272043010752
2021-07-24 13:00:00,-0.3149866079970918,-0.34054902005779547,-0.33972335114861213,-0.3293187636274507,-0.2973193156839425,-0.1988729868996083,-0.17872499524654084,-0.14590825473192537,-0.26661419867467856,-0.27052776237011766,-0.2659955804703353,-0.1310059927886903,-0.33822308225817266,-0.3225897054224137,-0.3452319340292287,-0.35129085714487884,-0.33503403874299914,-0.17152566309252276,-0.18367756036985086,-0.18313351584682966,-0.16180911808529438,-0.1835584404866953,-0.11879070052770438,-0.11890224344831374,-0.12608635575566138,-0.12557058925803963,-0.19320797773228424,-0.12938187865242673,-0.3932750350879678,-0.37503119091076786,-0.37464648645617904,-0.3821071580980648,-0.06759650213152665,-0.06705743848128755,-0.06490203293272619,-0.1015515354686198,-0.1015515354686198,-0.43029170323707033,-0.1916874305394446,-0.14395743311381473,180.64748960573476
2021-07-24 14:00:00,-0.4622237976951832,-0.46968509901254907,-0.46793937521034673,-0.46933893734843196,-0.5396009586006126,-0.44098360751196364,-0.44032552537272557,-0.43687400951066707,-0.5801404225840464,-0.5785264657993462,-0.5730590709018863,-0.3499801473322729,-0.6367012790803048,-0.6657624388860167,-0.6479285933963618,-0.6503659864903636,-0.7010016272779047,-0.38941316136246945,-0.39378959281538195,-0.39217339370661664,-0.3959536615148279,-0.4031559191175164,-0.10918370936146475,-0.09403550535593529,-0.09690892069417326,-0.11526859421485852,-0.29879085028216146,-0.0444427432407797,-0.7293784279390885,-0.7789941184920596,-0.784242365759589,-0.7791739573528781,0.032322799456444534,0.025610805027086465,0.03734517560619411,0.024876413083572146,0.024876413083572146,-0.6553256286465978,-0.08787519676604175,-0.6258152827828827,172.55381014492755
2021-07-24 15:00:00,0.08695697090427057,0.07910664819628851,0.08479901495057252,0.08462750619248778,0.052176610025702015,0.20420642669054725,0.20346771816797973,0.2038766998553463,0.24345701505045492,0.245422299539673,0.2465538046299044,0.181973332659024,0.2548546913756019,0.2666780103566522,0.2410986315920324,0.24286300052726253,0.2931413315036721,0.1872389646431822,0.18167114846561852,0.18122521149759158,0.1735227772819722,0.1684879042649957,0.5014851136082329,0.5039538407073164,0.5043492539239812,0.5055460474786618,0.16278361292113108,0.5139253726477853,0.2306720154075544,0.28268562345273923,0.2864501291516214,0.28348916703975374,0.5821566912445981,0.5905859783486812,0.5813702231103971,0.640159096037573,0.640159096037573,-0.001961774222295052,0.10202268059190708,0.4796192610136584,205.10865376344088
2021-07-24 16:00:00,0.9961067095827771,0.9905894604122691,0.998014437695583,0.994981821215717,1.0417407031739516,1.044494602235907,1.0328207725582104,1.0254523749265043,1.0911368219465103,1.0868148225396168,1.0837043033310045,0.9930304709816188,1.1090102290705932,1.1046281934284692,1.1059853945723361,1.1183467578366668,1.1062256032190096,1.0302946029171216,1.0394281367871472,1.0559083710528456,1.0437433786216934,1.0145258588526025,1.0881798493506636,1.0508895419635367,1.060742618412456,1.0960434252960791,1.0215580943664502,1.0467742001469023,1.1492093174237867,1.150502356294555,1.154784354507401,1.167628450850251,0.9107320460834253,0.9281259376504247,0.9164213936408884,0.9435861725628326,0.9435861725628326,1.092292654868661,1.2808292231595593,1.1636756135036168,259.6186510638298
2021-07-24 17:00:00,1.2150348691619648,1.2118469716793123,1.2142576617547245,1.2153285651273562,1.2376319559053504,1.3172052306676747,1.316388558526591,1.320074226436519,1.2642463978555465,1.2733034733352762,1.2705866688758631,1.20386072097527,1.2699500514942388,1.2870032580199038,1.281408169423911,1.270054794625419,1.2916195228053595,1.248320028800017,1.2536758234294645,1.2416318029305793,1.2503487098557606,1.2449321877524848,1.2401404752965306,1.2432433726376748,1.2576369709699151,1.2540650001383582,1.199439581127652,1.2279746083686105,1.3193354720728776,1.3591061468491958,1.3586374905155896,1.3614176625203311,1.2061459111316377,1.205427883134818,1.197837905271725,1.2301561892811341,1.2301561892811341,1.3728833846053825,1.1431365406999827,0.9540190640896495,272.5245120141343
2021-07-24 18:00:00,1.220724788440123,1.2190427554665635,1.2147254874232978,1.2146476075959542,1.2314337883603763,1.315697836834113,1.3131307288462548,1.3210359814626835,1.1880208308836995,1.1863911248873582,1.2090708166031023,1.2150456898279485,1.215556135928939,1.213787867658408,1.221482598792805,1.2139686199235895,1.201039865113666,1.272815775293903,1.2930148654062303,1.2939326833759313,1.2753897565721393,1.256895052699758,1.2127883221704696,1.2131414593977683,1.2256164434337369,1.2246054777742161,1.1588213066292568,1.1782754647811349,1.2601085130875938,1.2611051617919145,1.253610282622043,1.2638401037712164,1.1453228885824036,1.1426596228291868,1.14194065734086,1.1458708902463408,1.1458708902463408,1.3598793114103187,1.0933148705086455,0.895719574141646,272.44874584837544
2021-07-24 19:00:00,1.2727186580807501,1.2698624660205735,1.2692478947877879,1.27078390710685,1.2894457052065118,1.2810260804034674,1.2907151433020714,1.2788030681685862,1.1783480764798802,1.176515866831053,1.1948039612495762,1.1714834143414485,1.2241906732476346,1.2081173052420742,1.2256979397058652,1.2237099816425578,1.1908952605710568,1.2497767778906814,1.2562188146642024,1.2623855663003065,1.257936200629269,1.2273137139996944,1.1952114830954514,1.1950745110540861,1.2078628493869252,1.2057786628561082,1.15102275144749,1.167422855672216,1.2565980118832636,1.2423101022714913,1.251904003878517,1.262786615825632,1.1436256602900976,1.1404041185634615,1.137076609478765,1.1964420696672164,1.1964420696672164,1.447638455664053,0.9984622604192503,0.8907140720790052,275.7423795774648
2021-07-24 20:00:00,0.7786212208631057,0.7761437997625522,0.7760881051245172,0.7724881036289436,0.7675473441891543,0.8863534703664061,0.8902160604557606,0.8971788465182852,0.7381963091763514,0.7346650246887282,0.7557026721467578,0.7930256731535567,0.6898216213397187,0.6923722545051006,0.6931056678704846,0.6814289694706182,0.6952858683347236,0.8015991295399874,0.8066742159040194,0.8076949464133091,0.8056619939615336,0.8120084042915245,1.121642466469662,1.1204607585810875,1.1322397482864157,1.1317516818521667,0.8352783697957142,1.0901763006885954,0.7025368847338241,0.7149150811605757,0.7168072352829707,0.7126711412761606,1.1413360467321276,1.1415967045478435,1.1337630053372745,1.095299710825465,1.095299710825465,0.8378264277867078,0.661132344711093,0.6966624044076303,246.26331920289854
2021-07-24 21:00:00,1.0787462258634635,1.0752680344533143,1.0773123415754178,1.0745563499555872,1.0753629440313512,1.2710589831347074,1.2713257421278061,1.2690813307792288,1.1471265294075548,1.150185061395258,1.131294475281839,1.213611926794825,1.1418151953729851,1.1324128078342184,1.1434001113939694,1.1408781425912955,1.1145874194827663,1.2567059411426722,1.2624697523511974,1.2562511113070096,1.2514333318798534,1.2555284847936143,1.1758411530294897,1.1796162099661456,1.1904497887207002,1.1831078595612576,1.1311139845973295,1.1390131624887891,1.1726991593094669,1.15616749641898,1.166479725989409,1.1657509030474917,1.122518170768877,1.1220666751463138,1.116698137827726,1.0447285314045875,1.0447285314045875,1.1926874176204436,0.9827336073231477,0.9054513983569697,264.3970928315412
2021-07-24 22:00:00,0.7086255899337702,0.6986712298089268,0.7105164964953641,0.6957578344639377,0.7530415980027847,0.8343048337784141,0.8532103371701459,0.8516461109656744,0.7508344058002612,0.7455107989076295,0.7125149318568575,0.8844009870170609,0.65758797521779,0.6435619927352088,0.6432134985810768,0.6497709076308376,0.6352217767005172,0.9354685829126069,0.9255749456508182,0.9362904065944653,0.9409895966989764,0.9072323028316409,1.1011205950677383,1.114593434177658,1.111778914859145,1.1243872609819383,0.9455246478727722,1.0543300126068087,0.6659408894979572,0.6726587976257958,0.6570709959491211,0.6539025920029538,1.1404084451724557,1.1385125684724327,1.1397255366647145,1.0447285314045875,1.0447285314045875,0.7142805456806477,0.8692523070384068,0.8001956304186973,241.62133838028168
2021-07-24 23:00:00,0.1314481365142309,0.11955114826994792,0.12170681047535538,0.1276268382319304,0.10461158158074832,0.25234476272950224,0.26152388097487317,0.2634890810766844,0.14594276061280442,0.1462766419563828,0.1436148341778138,0.292720990880166,0.03734803053814377,0.026127458671897367,0.025028890385012676,0.028307275025130727,0.02881012894246947,0.2920620244623565,0.28573909622988725,0.2795279222631212,0.2868991160946508,0.2827460430629696,0.8903418617429573,0.8919438705170293,0.8945774122135896,0.8969065484957978,0.44684459451446473,0.8668820871871543,0.0034836622177089886,0.002652301539285851,-0.001267279795329053,-0.004638054584788719,1.0156938406018357,1.02180051480253,1.004647886073923,1.0447285314045875,1.0447285314045875,0.04835047809826599,0.4058462621365649,0.6204775787381142,207.52698932384342
2021-07-25 00:00:00,0.6353185971321982,0.6302494632331781,0.6306846592324202,0.6320352344366829,0.6264186471976027,0.48530656939646566,0.4848839148088332,0.49489102306879046,0.3256530348168702,0.32211367001795843,0.33622722684856626,0.43019207499014656,0.22376162317467205,0.22253853725047054,0.21114555358550754,0.20722913366960477,0.233809820258945,0.42794689805266095,0.42926622698452,0.42870730122335976,0.4266477254584714,0.43033005607140634,0.9329695185019797,0.9253537422349932,0.9380062772687049,0.9333461415589082,0.6293334979359074,0.9176321143206563,0.19477151539332388,0.21048908634881344,0.21571968865275107,0.21469173823658733,1.0194950986927382,1.0320171288604991,1.0309831378040462,0.9688717622732731,0.9688717622732731,0.66691181774725,0.904479255737756,0.8866317163557695,237.85191254480287
2021-07-25 01:00:00,0.7901049432539691,0.7891643733391339,0.7889036508439689,0.7884436455526319,0.7972394745597293,0.627369752202954,0.6361003738673323,0.6366888972484394,0.515160526251975,0.5164375717010499,0.5298454930744091,0.6189567265518695,0.36283538976003915,0.3726535030160685,0.36271632364714906,0.3528844232655175,0.37391312050659015,0.6150171874919499,0.6154229968014692,0.6166720217312075,0.6128250885284348,0.6262679517652302,0.9393767729091727,0.9384375341541408,0.9391756429033269,0.9391501167651142,0.9385564926975574,0.9027466238635086,0.3508631884380398,0.38139279763263445,0.36829790005174434,0.3719584351108733,0.9437355807901723,0.9378868998269498,0.9427543645365595,0.99415735198371,0.99415735198371,0.8584490754205703,1.6574867496113814,0.9502730345415361,246.97744714285716
2021-07-25 02:00:00,0.8569152381240216,0.8579675922431383,0.8604111534564529,0.8616983116710729,0.8731601065475753,0.8121995704770029,0.8200145162830893,0.8284033651672572,0.790904019044855,0.7922095233744225,0.7949398002422643,0.8469520523144867,0.684984486821226,0.668628816367991,0.6701324687065393,0.6700518726287117,0.6839320310417771,0.8587077982522026,0.8646171752061501,0.863985962806805,0.8625903194082208,0.8705020396802654,1.122367577993733,1.1273876711374824,1.1341884355792344,1.137890742447616,1.1022313914478796,1.091128272961031,0.6810538202048174,0.6914521462382239,0.6859665794618255,0.6848709193419465,1.157041874613148,1.15054761680478,1.144236839886716,1.0784426510185052,1.0784426510185052,0.9463957248397669,1.0720073391300617,0.6330770420155127,251.07699328621905
2021-07-25 03:00:00,0.9026875674212093,0.9001525972313127,0.9021892819832132,0.905344137267141,0.9101816475615017,0.8106881850318777,0.8129854453602373,0.8151214832703099,0.7856566712739477,0.7852180930698741,0.7944036391100141,0.8174637671949788,0.7274636875847588,0.7113107475761401,0.715612805049677,0.7171228091941014,0.724301988019029,0.8342129365271498,0.8367276176737879,0.8332234782045284,0.8325275039040176,0.8357812054480317,0.9982195730875448,1.0027284614039838,1.006676349134713,0.996140939182647,0.9832611731251111,0.9813064445800362,0.7306202167463987,0.7301995435706661,0.7472344432812889,0.7437110552591819,1.0179775347810083,1.007292645442983,1.0003656616117933,1.0194429416941488,1.0194429416941488,0.9855613382951902,0.7038831632682547,0.6852942524599598,253.7317870967742
2021-07-25 04:00:00,0.9284964980074222,0.9237883397707078,0.9277785676595774,0.9295612532186005,0.9475955588499446,0.6190383859941805,0.6223045938782846,0.616865149691775,0.5217196815253347,0.5226777506494906,0.5157550930199165,0.6572464954767182,0.37582685000480787,0.38331242398300974,0.36442083509717177,0.3691116971829399,0.3980571250196027,0.6478542991590219,0.6454520743195477,0.6315007151204429,0.6582907980486711,0.6678199415073939,1.1235261360713003,1.122914050618261,1.1435985338709427,1.1324834041388894,0.8788664137712794,1.0994739635440538,0.3680553180502436,0.40370182041018743,0.39775068179007184,0.3955279509434007,1.2183103791888181,1.22740911296696,1.2130801347863949,1.1458708902463408,1.1458708902463408,1.0189152862232596,0.25444200010777884,0.6329151991877395,255.41667508896796
2021-07-25 05:00:00,0.8448784486413183,0.8344172990549283,0.834643196836636,0.838758123575992,0.8432885340960095,0.7602807179988493,0.7685065180918038,0.7665878165024986,0.7115711117566523,0.7120893729456148,0.7140299151537745,0.7823261165314607,0.6070222316804441,0.6232038879226672,0.5921285477388551,0.6003346185984985,0.6422107778302286,0.8035831034394622,0.8011617340189259,0.7938361295163588,0.7926526632381562,0.8008951743141043,1.054497620385332,1.0499806210931502,1.0738214946488875,1.0755274438826612,0.9361356819337154,1.0183222717672822,0.6115774308179673,0.6600862919848237,0.6527399510662643,0.662884898543769,1.1062476118741276,1.1084427049319314,1.1017091883900818,1.1121567706324231,1.1121567706324231,0.8972157822251015,0.29961660170446214,0.722909153640085,249.77096413043478
2021-07-25 06:00:00,0.8468670034992478,0.8376576956395745,0.8382492695672649,0.841763438856445,0.8534148787972818,0.6816195055594689,0.692672343887709,0.6868834773323814,0.5067352919703263,0.5099143203263645,0.48792273760332516,0.7258938006151696,0.383677445204653,0.3776364421210788,0.373406963640777,0.3719274327255756,0.38722474252411876,0.7433384439227795,0.7460308411703546,0.7442837880765254,0.7366813654232943,0.7394130741978667,1.0234256168305007,1.0295641326117246,1.0342831538420791,1.0337710028545666,0.8486367096614604,0.9990565117390864,0.36659550271687064,0.36604969035846635,0.3776228886003315,0.37923559566240717,1.0977621703486342,1.0876622476994537,1.0946737558942503,1.0447285314045858,1.0447285314045858,0.9003186877840413,0.3024561147136153,0.5244083670888121,250.06488732394365
2021-07-25 07:00:00,0.3962389611267298,0.40142643290488766,0.39723902035153863,0.39718159683622634,0.38130643435661316,0.005953723129421585,0.006721577344310151,0.011349282712369185,-0.16718488503694962,-0.16830486709914075,-0.16620505103042293,-0.00594924627054663,-0.27244932877545364,-0.2949088997995582,-0.28724424433463186,-0.27874376097884884,-0.29982530789342915,-0.0455468692606721,-0.04745500508047474,-0.05097684459216296,-0.04866088024266925,-0.03355841613998598,0.581233038529856,0.5848945491578288,0.5857479068481576,0.586605744370961,0.20377008043321204,0.553471018456512,-0.34004440212983,-0.35473317564604445,-0.3628052970352727,-0.3574384433846287,0.6638021907175045,0.673043394307548,0.6694356934009541,0.7581585146862859,0.7581585146862859,0.38599873540717516,0.04115807777140136,0.1974632403414095,223.7567223021583
2021-07-25 08:00:00,0.3756733144020342,0.3687837494489202,0.3680706238424089,0.3710204171071939,0.36295897062196225,-0.012222928937587913,-0.02074649406072801,-0.009950410353939851,-0.1337104511445501,-0.13154514635257156,-0.12354917470952989,-0.030076395544124716,-0.26443957261425843,-0.27711575965494434,-0.26656947429075495,-0.27433346930811336,-0.27001407115059806,-0.054891772479216144,-0.055770261649153004,-0.07379257948162332,-0.05415023871130473,-0.056495104994329984,0.49793629526963207,0.4995852437085842,0.49867920992643594,0.49812270572482376,0.2699799662714474,0.49501295770756726,-0.3294906396916203,-0.3258039380853377,-0.33277693443569356,-0.32930749615030014,0.6228561011930095,0.6221339507148774,0.6182519601167473,0.6738732156514907,0.6738732156514907,0.3501828285133662,0.5975465455995563,-0.00014253140681814733,222.16386428571428
2021-07-25 09:00:00,1.0193930085655374,1.0153477223024578,1.019220902355784,1.0181316048361324,1.0308274777267064,0.7961466393014575,0.7986517770931354,0.8099916736142385,0.8281003089026373,0.826083857008404,0.8333340816671284,0.7879958070588253,0.6714842468998671,0.682145225727408,0.6688065994970432,0.6646454330074257,0.697449775882895,0.794665123199494,0.8019014321728318,0.799553465894772,0.7977236772696362,0.8055753475689109,1.0313669103164733,1.0308765712974928,1.0401119740909301,1.039609770567409,1.2091181169402128,0.989577589021228,0.6763187127885283,0.7206537312603775,0.7115648060901684,0.7119868570349223,1.0156533074493943,1.0271163807934798,1.0185809660516072,1.1332280953911205,1.1332280953911205,1.1232754533348888,1.5846722401419044,1.1289797729890694,260.7110175
2021-07-25 10:00:00,1.1468449692452067,1.1442438713586678,1.145276212113013,1.1441198952591909,1.1542724361077545,1.0082668259508107,1.0087351229655857,1.0002963947622012,1.0585532816815622,1.0519517245742913,1.0463771679578588,0.9586585572688207,0.9966884332778393,1.0306205856445063,0.9958878765483302,0.9933333993122028,1.0297412287911156,1.0085965372622823,1.007959162469554,1.0034280669007105,1.002868724399781,0.9930078837375277,1.1332036405585508,1.1239239626964683,1.1313631072077746,1.1314605253401722,1.0702885212219406,1.1071366348534941,1.015781557577514,1.0862061653185684,1.0654231316161427,1.0713335409263034,1.1486725733537881,1.1524877719358222,1.139638162493232,1.0952997108254632,1.0952997108254632,1.2890042756435687,0.4499895789209544,0.9386698732076327,268.23870462633454
2021-07-25 11:00:00,1.5701086575464038,1.5721976850792498,1.5726360695992951,1.5734580272800984,1.597510769542084,1.5756783020947718,1.5787742107864358,1.5756934403684584,1.5136123536752157,1.5132468394599083,1.505101314794938,1.5969502966956022,1.5372548663712424,1.5395451985452926,1.5485318445614271,1.5363428560035097,1.5266268232653122,1.6531429741546722,1.6419335206217425,1.6406774851161563,1.65956326501839,1.6594536527326114,1.2059518720268143,1.2109246731581407,1.2165689418373826,1.216509641097805,1.4383025312652848,1.1744032608097321,1.5871389949346697,1.6065968967840754,1.6054810923470704,1.6098511452332878,1.1007081013761488,1.099136586077336,1.0870272989513279,1.0952997108254632,1.0952997108254632,1.7971757927691818,0.9542274214505712,1.1840355152317819,293.72386258992805
2021-07-25 12:00:00,1.551444023493948,1.5492796480939373,1.5456874780134648,1.5511158276949737,1.571570181185191,1.5350767897092557,1.5405675821070448,1.5400159474442408,1.4247707178535882,1.4237410351366566,1.4558728216451218,1.5575866452903648,1.4361203949461616,1.4180725451562581,1.4183155292129137,1.4331317684433302,1.4105017622521372,1.6095906705446035,1.6253173183405603,1.61559635514648,1.6127993219169277,1.6160144388739301,1.2314690847501928,1.2342159798469947,1.2469971230252315,1.2429802557888532,1.4683971482924976,1.1986435572796599,1.4883416685583786,1.4800900723267658,1.481080938393592,1.4906509557051375,1.145030351962994,1.1462535934938278,1.1408622577245773,1.1458708902463408,1.1458708902463408,1.7420008126345896,0.8876469933630051,1.151848681422351,292.0033145390071
2021-07-25 13:00:00,0.49773903927634866,0.4964699424902718,0.496312660301596,0.4985689252146471,0.5214614440832928,0.3969882666530115,0.4048988871130905,0.4056973239634989,0.37094006021636183,0.37162978939926045,0.3540948335415445,0.3748078666007385,0.3091600447680375,0.32439689103144786,0.2875138766824687,0.2999677101434158,0.34080236405139747,0.31827355609286206,0.3304370644555949,0.3325709165282419,0.3147838922322563,0.3453409971578997,0.7591963319794608,0.7606275721388623,0.7355090150912835,0.7359194583142283,0.45896008360257246,0.7351171486277301,0.28459766071206477,0.3505743633918033,0.3446576189827112,0.3462090204322241,0.7675291173899584,0.7686331634002324,0.7653242275437426,0.822215341952729,0.822215341952729,0.5005411455265139,-0.08459681458424051,0.6801745462481987,229.5954932142857
2021-07-25 14:00:00,0.6591244007581722,0.6557664542892726,0.6577794757708627,0.6562733260931644,0.6529322328746834,0.5343966107123688,0.5391732711247474,0.5424692262156635,0.3952089560015439,0.3966805398103345,0.40392549880225553,0.5316964766461697,0.2576101260462774,0.2998594464512343,0.25256011948338936,0.2502006122378783,0.3448370990749509,0.5238313160587862,0.5238629918924324,0.5193243436280973,0.5233261317352945,0.5312366046719379,0.7347139439675364,0.7600499932087403,0.7875439397584452,0.7880479321541181,0.6681643356897129,0.7411910545675178,0.24485642732707844,0.3341640555116263,0.34256300988360255,0.34010163478843525,0.819443338946617,0.8169084162528247,0.8134081407577487,0.822215341952729,0.822215341952729,0.6892517892988619,0.7817711145098191,1.0176769127259215,239.2176039285714
2021-07-25 15:00:00,0.8648273792532648,0.8617900685916642,0.8565973800408331,0.8599268070060128,0.8661966569085575,0.7773189681966726,0.7838794664286735,0.793983820429326,0.670587270189388,0.6703506510319341,0.6767549693204292,0.7626137997167045,0.6218133325746015,0.6006342998535668,0.6077721121789593,0.6167426854128857,0.6212863899327048,0.7751112803375961,0.7753476571880495,0.7782605723713579,0.7836977644801605,0.780035287482317,1.0486934549189726,1.069530173813059,1.0784573583349892,1.0545948778016192,0.8378934448759041,1.0296124065813954,0.6180020390590858,0.6242990004249621,0.6442336967123047,0.6367019835206317,1.1159151469758144,1.1178769155092811,1.1133398422974596,1.0700141211150245,1.0700141211150245,0.9378494340435938,0.5308489703931509,0.8844153942108749,251.36428695652174
2021-07-25 16:00:00,1.3948600721639552,1.3926074200090386,1.3863554025374636,1.3858568968341711,1.403175461996367,1.4911560306009073,1.4879060590456772,1.4905024872509791,1.383285186493347,1.3869422227657082,1.5537280608753825,1.3797458890913485,1.4401257666946414,1.445060189741276,1.4589308146092823,1.443874209793575,1.4310987482325528,1.4691330092865655,1.452860198686579,1.4528201931008025,1.4690368581893398,1.4403177719763187,1.1981786967432844,1.2016430642256406,1.213401335189296,1.209105071276977,1.3132623451296013,1.163896871360895,1.499988081975545,1.4945608189563258,1.5064497438137041,1.4948385700730384,1.1169654461215623,1.1191673436211118,1.1108568798004699,1.1627279500532988,1.1627279500532988,1.5740014653112022,0.6259381817257382,0.8793271052258788,282.8714219858156
2021-07-25 17:00:00,1.5927418130996118,1.5832988084474944,1.582324484199624,1.5853202383094696,1.5903814317699847,1.625817562165137,1.6320273453876626,1.6352230497566853,1.4975835971272606,1.4985549081069527,1.4784554860975752,1.6065582340648505,1.5009505608214029,1.4925689654756729,1.4957141797710032,1.501579163481771,1.4862548024670343,1.6566212155466231,1.669667958831538,1.6752549662434069,1.6594093740349096,1.6906233301409952,1.2900449973746662,1.2897745988358058,1.3012985243425366,1.3018502964681062,1.4640676716025833,1.249410491545401,1.5509239338983598,1.5593825376823673,1.5666216403185493,1.569147595785223,1.1673232040367083,1.1690390696514845,1.1683022293512169,1.2470132490880939,1.2470132490880939,1.805392030915993,0.9171551732336398,1.0302825884839777,294.5848223021583
2021-07-25 18:00:00,1.1590839126937673,1.1519592682262874,1.150698948370915,1.1522305044335328,1.1684560620185451,1.015770328879147,1.0056361936612523,1.0170922120213575,0.9427461219073503,0.9409109063943074,1.0007529932373396,0.9954070169305775,0.9566292792200469,0.9642280242850145,0.9486965551896106,0.9454092509004202,0.9525299342460681,1.0079570986506663,0.9965595890786868,0.9961494885086163,1.0124075333698677,1.016442823937565,1.1142549877279504,1.1100731635374712,1.118794597803771,1.1183076576110438,1.0230889158899465,1.0730688716490806,0.9670292506438806,0.993456514624151,1.0036072191021923,0.9895722617233387,1.0973128995746384,1.100471479391776,1.0933750606947705,1.1711564799567795,1.1711564799567795,1.2944166882914785,0.4685341179696652,0.7914236613980808,268.8718292857143
2021-07-25 19:00:00,1.3275450166502145,1.3180820631622043,1.3301514847466704,1.3159757146417508,1.3588205634450243,1.3017638950614558,1.3119947859348375,1.3271832955769334,1.2546178817237388,1.2487772472390444,1.2578381930545002,1.245235062946741,1.2285210208101303,1.2393132816230357,1.2318279373141048,1.2194942058334264,1.220330034280219,1.3346315667628945,1.3385154624560487,1.3385707850747135,1.3402200017163128,1.28895240856512,0.9602524446000564,0.9624876773526374,0.9730694125409559,0.9699436792606,1.2885392341881137,0.9322797204809877,1.260590982478461,1.30606863443177,1.282042241558649,1.2755893566250172,0.8811916876581787,0.8816419846952418,0.8821403347561164,0.8761579333349989,0.8761579333349989,1.4998082767239238,0.7868415995690202,0.9819144626157964,278.36232918149466
2021-07-25 20:00:00,0.8386693993277408,0.8365252908751695,0.8388489381339927,0.8374208334482032,0.8611667100698221,0.6933663739857021,0.6913724721435588,0.6992480796865801,0.6720818328417358,0.664830306971295,0.6779184399750945,0.6406307702372659,0.6116106550385648,0.6282707187284893,0.5966844064886245,0.6014903778010975,0.6503552123066524,0.656547510730437,0.6758488390573071,0.6733152022203232,0.6560436213643767,0.6526099326932778,0.7786657283096103,0.7779409450061994,0.8218171065210859,0.7622324378579488,0.8247390329645836,0.7958134133859117,0.598262946387267,0.6685106566231592,0.6661458469629136,0.6576040968049032,0.8448110508028507,0.8463418152244504,0.8415304545934609,0.8424438137210793,0.8424438137210793,0.8958254705144112,0.5658941204036799,0.8806240507448702,250.57471267605632
2021-07-25 21:00:00,1.0875222630931474,1.0836533564773885,1.0842571374876524,1.0871039882710598,1.1020627259266074,0.978540806466796,0.9876984656992078,1.0057453789324504,1.1030164676785779,1.0994422575447536,1.0889644210390812,1.004026526923928,1.0322844980025965,1.0402901095236918,1.0418072839783994,1.0285338083146147,1.0342025437717515,1.0255082231011203,1.0252640964472,1.0246073567569998,1.0233955617064474,1.0336581790070776,0.9250346037076081,0.9255392548164224,0.9336800841973963,0.9331581157482669,1.1815965968127875,0.8655091640356587,1.0676264204159416,1.0750127894948882,1.0774228208337011,1.0710119774850997,0.8908997266288744,0.882297791826849,0.8773273114605118,0.6806160395742744,0.6806160395742744,1.2120119009800339,1.0930920886541857,0.9960494781208259,264.7220752688172
2021-07-25 22:00:00,0.4446223981496055,0.4537076195005633,0.4625819773914028,0.4604448253012005,0.4829879901223317,0.33345914208103855,0.32917397447099006,0.34954057256654203,0.3113003959959664,0.31178062431030235,0.31789463641957894,0.28956304588428744,0.24699393285286736,0.2566586483288129,0.24588571746382434,0.24334891323192792,0.2607947564109304,0.31493166926288696,0.30395282048632727,0.2941407405217119,0.3134465106311744,0.28783726951277916,0.4376004590687045,0.436862998413382,0.4926072652843537,0.49233011905682594,0.4890201092336703,0.48937425386469924,0.24047360463182524,0.2617390132085172,0.2610167837436618,0.2566601872111201,0.5763250948624106,0.5754397821204645,0.6221650620815925,0.5592452089641701,0.5592452089641701,0.45213699140313784,0.10720485559913416,0.3810390710348752,227.33623865248228
2021-07-25 23:00:00,0.15488848430111696,0.14898473002816653,0.1529191719591048,0.15252521110907882,0.1290637042979774,0.12865476801740236,0.1329763068845663,0.1412926834829668,0.13690603851029445,0.13544729301768815,0.1260301152549863,0.16785310282999785,0.09122975039426572,0.08703240348822514,0.07827582746094265,0.08164321603296922,0.10998451658675885,0.15665948169258742,0.15140708302665723,0.15337939146828847,0.1480893725668538,0.15063116457188172,0.04516804062145366,0.04631719150181465,0.05840174564554557,0.04139648582126312,0.2521439293863096,0.07402140065806045,0.06080571432157745,0.08379213314900752,0.0904845561897942,0.09242961236176214,0.05701579846766153,0.057972645748058826,0.05729935066684324,0.06701906260096886,0.06701906260096886,0.0883208325886183,0.23715416549831267,-0.2521766686588991,209.53559133574007
2021-07-26 00:00:00,0.7235926356636095,0.7218275274949658,0.7255876466407859,0.7213858527661414,0.7289688201563569,0.6160610093478219,0.620332155836754,0.6247361013016741,0.7346387492913659,0.7386336626020276,0.7411652979170201,0.6447395023930326,0.719115436623402,0.7440389344368488,0.714638807927277,0.7134798481606451,0.7744106094115101,0.6586323571596309,0.6485058757853902,0.6508357199342357,0.653392448373318,0.6521104030548976,0.581450078283352,0.5825445177938208,0.5862649915303454,0.5850091175847444,0.7218354225808868,0.5514260226778374,0.7310060026106806,0.8009790081607482,0.805870974764382,0.8071348521100715,0.4538244893969844,0.46588208083625926,0.473042730770486,0.5053026175819012,0.5053026175819012,0.7649909319596837,1.0908356926349214,0.25508245159826787,243.1800565371025
2021-07-26 01:00:00,0.6526570713218732,0.648678637050614,0.6512409282543544,0.6481006892706794,0.6262289782776282,0.3467779454803315,0.3498357592958839,0.3467127285966215,0.4537690438952772,0.44941173824122793,0.4402270638407241,0.3678163640000472,0.39578769082279025,0.4109437737868093,0.39745196927878695,0.38531101062978823,0.4295360799474535,0.35632092079308864,0.3593808258510112,0.35908041844123195,0.35216041891540567,0.36025130351177304,0.8639321595514665,0.8619111627447993,0.8669480809697843,0.8676612324529513,0.5373555918291127,0.8560396261230864,0.3812556904044803,0.42948233286066095,0.43230317118740424,0.42886865106625804,0.9927394600406099,0.9983457959182217,0.9932322071519125,0.9688717622732713,0.9688717622732713,0.6653097922086608,0.9060298487003855,0.012729513014124814,238.9523957295374
2021-07-26 02:00:00,0.9305672136142005,0.9183833651373671,0.9175223935323154,0.9213569780064471,0.9313317577933584,0.6608577350511573,0.66737707938286,0.6726555469886945,0.8275097701598007,0.8246406383591108,0.8474376610580263,0.6938597000267215,0.8373032494354874,0.8239281127172037,0.8354690548358327,0.8401296860213048,0.8087964323880444,0.7159131981303108,0.7094856581159049,0.7072159952056961,0.713704098188153,0.7056402920536271,0.9047827249485851,0.9051959187679284,0.9111146991456672,0.9145994931932002,0.8326431786913189,0.875236206232908,0.8583502666643925,0.8434373851563997,0.840629870347539,0.8428183725137292,0.941884025836008,0.9454184040767282,0.931134801472644,0.99415735198371,0.99415735198371,1.0149435836286727,1.3655713717160916,0.4748385122805154,254.70176971830983
2021-07-26 03:00:00,0.9425963817621754,0.9377054944193861,0.9385686842154207,0.938064941010701,0.9418795578352661,0.66495014555692,0.6723727017010661,0.6760051245986511,0.8281605875497615,0.8260646336974404,0.8413865692418934,0.6979572654370556,0.8035072374863468,0.7805199905156066,0.7853520950037124,0.796945695736765,0.7822781437954396,0.691830550102184,0.6967732876360995,0.6957739344375389,0.6954986846735206,0.7123525921906524,1.1003484930761849,1.1010120457713102,1.109880036718522,1.1073780507914905,0.9789146881987804,1.0695433321384265,0.8116716649146871,0.7901331426696708,0.8058848954879428,0.8048233184523639,1.1826156582948355,1.1754997955281654,1.1856968932860716,1.1458708902463408,1.1458708902463408,1.0343978481511,1.9083959316494115,0.6817325305953835,256.0925617857143
2021-07-26 04:00:00,1.0487725532005443,1.0387831345851959,1.043904936352215,1.0404742585834246,1.0512795431763586,0.8136077778915045,0.818013780741165,0.8206891736115939,1.0700962881996008,1.0721098425744173,1.0884108349833428,0.8332305548224207,1.0359615725791123,1.0266638938243453,1.037047895160641,1.037225951014137,1.0283668871624811,0.8726557527765333,0.8730186771202527,0.8661412317711951,0.8699976791177108,0.8531006601957415,1.0253504917046743,1.024550694544083,1.0321072601857844,1.046812707538214,1.1633488804600398,1.006211160124642,1.0740536106023482,1.0651893448517282,1.061922772469001,1.0645015094452221,1.050881037092798,1.0521382254588507,1.0461685503723326,1.0750712390571129,1.0750712390571129,1.1635440083721853,1.987633716433538,0.9644021231236064,262.0755449275362
2021-07-26 05:00:00,1.2870640422481336,1.290660720796434,1.2979402419335648,1.291325260045967,1.323712544776052,1.1520602298489588,1.1534767064513483,1.1460537943863671,1.2443110265508248,1.2443385962855789,1.2494291236710209,1.1377284074300633,1.1805965148780082,1.1672876925464264,1.1846922398126567,1.182187259859217,1.148711541285858,1.176822155631111,1.1688157853262096,1.177373493597895,1.17121318436425,1.1745484317328876,1.2933045179887626,1.294559010025786,1.304405465997563,1.304091052308443,1.4147231078475455,1.2595372386825394,1.2127563300852757,1.1930693950278817,1.1966335476416217,1.1945402779920555,1.305475950450548,1.3126792719493552,1.2938364667339437,1.3355128130746288,1.3355128130746288,1.4635711700388647,1.4079795182559685,0.7285347849114973,277.1105330935252
2021-07-26 06:00:00,1.5926735237503067,1.5833137961080956,1.581433996596752,1.582458793935856,1.6127113946388565,1.541015239791321,1.5456108085417009,1.5556218199244514,1.5924446596199917,1.5922434987669114,1.6029947903693427,1.5573905907691352,1.6132477808326378,1.5972039458077436,1.6137009751898062,1.614249723915845,1.5867693947205346,1.6148641289338563,1.6132930554526776,1.6109421995327782,1.6076031622955074,1.6187993730858765,1.2692162610760902,1.2729865531607807,1.2832767520482158,1.282185574702266,1.5782388515558572,1.2264781945881362,1.6723138848321706,1.6619181577068496,1.6679598984496429,1.6675415329556615,1.1607286044450436,1.1682528494459377,1.1543207437509393,1.1711564799567795,1.1711564799567795,1.8100282621368722,1.3783165361578111,0.790866476520101,294.3655204225352
2021-07-26 07:00:00,1.5076439048098693,1.4959989374184806,1.498378626152302,1.4993021138774698,1.5296797787387981,1.4599481780380545,1.4616011117761678,1.4587297149959912,1.3838443629097066,1.3852235393295902,1.4003061286980818,1.44522547384374,1.3321424911517639,1.336389419078539,1.334280470501249,1.3310122217059754,1.3409787398980908,1.4941789295509456,1.4983512900569536,1.4935662100881415,1.4931702459489222,1.4907918160960456,1.244283333149423,1.2441944299146204,1.254538075408704,1.2548546472469402,1.4924960602801167,1.2099344652781405,1.3819021515283725,1.406065035387306,1.4069747302399027,1.4041429483499799,1.1675172949046362,1.1699396669067783,1.1636061769061872,1.0447285314045875,1.0447285314045875,1.710963148150394,1.3164528883438542,0.6686948949990226,289.51691921708186
2021-07-26 08:00:00,1.222264780487933,1.2388692407268473,1.2285564104881503,1.2448744489228596,1.2627712035987986,1.113777846042171,1.1129259062892605,1.1441287192945069,1.0240566038629129,1.0198858423824697,0.9879050819695272,1.1041974543317887,0.9208444348249432,0.9393146648999149,0.9224309206225482,0.9184270083967189,0.9448940908712471,1.1540326084114068,1.1567832787720875,1.1538820246207364,1.1537261661232143,1.1402508267346734,1.1597682706442665,1.160727950956439,1.1702129223204343,1.1493616705190752,1.1530413843553968,1.125166396908286,0.927036771140598,0.9911842939952933,0.9827580625818553,0.9918150538921285,1.154210117794583,1.1571002999836904,1.1496406508374504,1.1458708902463408,1.1458708902463408,1.3341573675294816,0.6912356515418285,0.3638338249515652,273.145429749104
2021-07-26 09:00:00,1.2204184180910447,1.2313037191463334,1.2287892414809884,1.2274288289077127,1.2283299985755305,1.2082672448340204,1.2055182860664464,1.1981450971247145,1.2870532719672172,1.2880220973101406,1.2748065252068126,1.10187898980741,1.3216571896513332,1.3167204910264332,1.324037718494753,1.3178115329759816,1.297280530679929,1.1413537637347526,1.1471621450867866,1.1451941974396995,1.142178393351968,1.1390852900518342,1.0951336145475876,1.0978092249797644,1.109294587606562,1.108225469481664,1.1726319212429888,1.0712019938264776,1.3545648335966525,1.3646079424536743,1.353475783784697,1.3507222515203288,1.0747272428009327,1.0623807277388746,1.0522361705436585,1.019442941694147,1.019442941694147,1.3721946336332416,0.7554218292682174,0.5644249264654365,273.3754217857143
2021-07-26 10:00:00,1.584186305675771,1.58947971078991,1.579389195621051,1.581867549279553,1.571034872973839,1.60841313159797,1.6041428795536388,1.5829990739287862,1.440805253588402,1.4407832927636202,1.4573855099993673,1.5564453078602802,1.4385510140640345,1.4281282635762058,1.432530316322025,1.4379247842704574,1.4295680092578746,1.63351710139727,1.650606399934861,1.6463978503274275,1.6353570087301414,1.6225184098274188,1.2131956450069818,1.2136661872940382,1.211453925054227,1.2031477463439642,1.4933258499338082,1.1648186740670887,1.489959377431464,1.4920437997871598,1.501883941268239,1.511509969337796,1.0980521732731945,1.0914778673490135,1.087535695835571,1.120585300535902,1.120585300535902,1.7722752150376764,1.0066757870395824,0.6300581552246503,294.3767443262411
2021-07-26 11:00:00,1.0601126920358084,1.0410041251479885,1.053191007183046,1.0445195513139394,1.0824777510176689,1.1018816634563424,1.106964394625337,1.1040325954959358,1.041404461540637,1.0214131720358925,1.0001667551659614,1.1187821381596674,0.9474553091286966,0.9676030357147054,0.956165590874,0.9623875927820739,0.9594297717118336,1.2161453793420163,1.204490402803498,1.1912399823929307,1.2135088106260778,1.1649103317979541,1.0026521210961055,1.0054421367649924,1.0118996105105962,1.0131224128843221,1.1325286509081933,0.9636457658809997,0.991413746110551,1.007208635815629,1.0087220879912588,0.999913291533354,0.9941786873398906,1.0008914882533146,0.9897065001044068,0.9435861725628344,0.9435861725628344,1.1650325278665892,0.6855819898816701,0.5788445222928547,262.3022328467153
2021-07-26 12:00:00,0.88504216389709,0.8680520111127342,0.8746535985620819,0.8795408112910335,0.8551392612570416,0.8497901295584115,0.8520826926612489,0.8448353241724478,0.833819614144127,0.8284013355682512,0.8384311347246218,0.8590652630269633,0.7224075310624979,0.7268588860860287,0.7134271205838999,0.7115045088275751,0.7262000622213955,0.9360829046350377,0.954143521883704,0.9570654099470525,0.9407815117945298,0.8615560694167225,0.9713839272759116,0.957028994254535,0.9729012282812525,0.968669364524282,1.044131521076962,0.9677623136855936,0.7284086875308914,0.7712753435748144,0.7476928926710392,0.7664702723282295,1.0132995724685339,1.0138736528864198,1.0099433245701144,0.99415735198371,0.99415735198371,0.9584224675284849,0.26866187285019455,0.6857713101698155,252.10930854092527
2021-07-26 13:00:00,0.29347059616882665,0.29451723178270034,0.28384187391289034,0.29290972258741776,0.3089671192045956,0.2686428654010154,0.2789654797359003,0.2825585266866089,0.3474863827208881,0.3494204535390622,0.35040787463790296,0.33872715216892707,0.34123785102767373,0.34123970731279035,0.32636137486196065,0.3259151796718051,0.3559016740386758,0.2779387351814959,0.27503497217550305,0.2825212277707587,0.2913845992652204,0.3218539362131564,0.7714411226505801,0.7975269982937284,0.8023976036641373,0.806078469585557,0.43514427298252323,0.762949637767083,0.3201337507956587,0.33471838116288427,0.34449914698852924,0.3452148724088364,0.9209920605255777,0.9213026633685635,0.9177909535804343,0.9580350809687973,0.9580350809687973,0.27385664821563077,0.018135951475612935,0.17905113312465326,217.37292464285713
2021-07-26 14:00:00,0.20417556534843553,0.20081679607121103,0.20052316981816642,0.20022744506590925,0.1707182441796525,0.22764969185607356,0.22586345779155473,0.219144156972928,0.27065098201282894,0.2734672045746021,0.277441908600317,0.27482226194174675,0.22493451986137153,0.23155701984979277,0.22082723563336862,0.22231657139665403,0.2533217022002551,0.2672871669036418,0.2660217620580799,0.26858314300779407,0.26661755966717415,0.2626393468431895,0.598957137934605,0.5585993889462534,0.561195251568024,0.5410433897002231,0.4149412268029757,0.5507403772760112,0.20519674977988864,0.2214330966639418,0.24522813707307878,0.2434393151708749,0.6099676883656726,0.6191391276112798,0.6190234558134478,0.4884455577749423,0.4884455577749423,0.14654887165555863,0.3284943909643362,0.5718118351287487,212.37543906810035
2021-07-26 15:00:00,0.6892742228721965,0.7036844772810642,0.712869500194767,0.7086370991950625,0.7228909464404524,0.7448301004881075,0.7393207504627477,0.722331775385608,0.7294799088093689,0.7236088320403431,0.7958781539826429,0.7428220029083799,0.7039397314467808,0.7011959953169147,0.6955274666089653,0.692625558458997,0.7120607947542245,0.7564702568266573,0.7732326125190652,0.756659711701691,0.7680573181749842,0.7597131966970732,0.7719724729614061,0.7590887485540259,0.7773293087145827,0.7771771440579961,0.953946766270426,0.7384460216143186,0.6995453438472202,0.7375601089341697,0.7472269081885282,0.7378229513657648,0.6905963358644521,0.698181817962975,0.7072231557111652,0.7665870445897649,0.7665870445897649,0.7649179613219121,1.0070482162822418,0.992916292992097,241.38579855595668
2021-07-26 16:00:00,0.8546411084585127,0.8410621907821183,0.8401357846945131,0.844021875973371,0.8656793976976104,0.7955479867709397,0.8023270102739499,0.8075242579907818,0.694546513428991,0.6976626100115353,0.6917522633801986,0.7943995784852164,0.6187928455217753,0.621481401695199,0.6098699638111642,0.6163837179784836,0.6165199796383809,0.8143953074536728,0.8153771921415546,0.8179129168062916,0.8179420466631063,0.8244959658735646,1.0911814299072324,1.088797865814373,1.098275117292685,1.0987532704976675,0.9726806828516196,1.0716862005379895,0.6325613794524357,0.6324288429392195,0.6436560803906982,0.6343058451927129,1.150524553668593,1.1617184809244547,1.1494785710076332,1.120585300535902,1.120585300535902,0.9289219776832986,0.7997136683723977,0.8111142022906432,250.61499999999998
2021-07-26 17:00:00,0.5968275075219577,0.5968899014754584,0.5967876861234657,0.5970690676297191,0.6030225650746397,0.491336585090247,0.49574484890787196,0.4986869474006886,0.5179069759620893,0.5196036754607496,0.5159182344312959,0.47993916312453755,0.4893496978020173,0.48047486406748713,0.47181721652665237,0.48504884665762027,0.4942839816183753,0.48256769527138843,0.48263557395105555,0.4844041521703802,0.4724379772680745,0.4809417893575543,0.7896172922282266,0.7983333519386929,0.8004798874467219,0.8044153976360694,0.592392938630483,0.7539049205365361,0.4865326636452145,0.4960171820642866,0.49899575416607994,0.4991373437747574,0.830195550096746,0.8137906332581322,0.8292313068540267,0.9435861725628344,0.9435861725628344,0.6130737012058298,0.589799056186121,0.6728837631792971,235.5992793478261
2021-07-26 18:00:00,0.7525796872266943,0.755429664568476,0.7554867989225095,0.7586597456484256,0.7371959453106606,0.7799862369713967,0.7799889754345715,0.7797943630706108,0.6961867094651437,0.6917876750904887,0.7045245252759818,0.7165617578200573,0.6447105939474265,0.6334608149044709,0.6343453890859178,0.6536552272121899,0.6519698555098651,0.731903547712955,0.7323244453916764,0.7293427636367024,0.7340179546542207,0.7370075209095468,0.8919627582666362,0.8957447303416467,0.8975961120924781,0.8974289209989986,0.8596317766255084,0.8701210220943462,0.6489420864919971,0.6620358828237886,0.6694683483886364,0.6710017676830233,0.8913485977382313,0.8964287271228693,0.8908942209714934,0.8930149931419551,0.8930149931419551,0.8045778853461842,0.524753245556395,0.709223323752462,244.7812826714801
2021-07-26 19:00:00,1.4685491470613405,1.4651504958175177,1.4738044298316229,1.4836299868076055,1.5004745323745203,1.660177871899331,1.661775840457936,1.684736613139608,1.5399399514070138,1.5430203703503926,1.6771640416782054,1.5908445184713376,1.549401092727925,1.5518088426266499,1.5490539456290846,1.5555159492602944,1.531278075695403,1.6706145190932538,1.6600156616538693,1.6617638271119823,1.671330026456621,1.6539582378548987,1.306169171187472,1.3068707082208502,1.306291386792301,1.3066335869976353,1.4791612657019977,1.2509933432325533,1.6173282181511799,1.6227233376672132,1.6138256671803881,1.6165584203477463,1.134387258798819,1.136793087253392,1.1314700867204188,1.2132991294741762,1.2132991294741762,1.6897277984659334,1.1579393253841817,1.0516902266640271,287.93921075268815
2021-07-26 20:00:00,0.7608874165436338,0.7572142341018596,0.7654368893462737,0.7617790572207422,0.7998947469298759,0.827246826452766,0.8328825664729634,0.8380930228374186,0.7566600761889944,0.748574823473699,0.7522848038466015,0.7845813505851544,0.73125412368238,0.7427671265849152,0.7293107027690079,0.727309334923771,0.764815647580911,0.8365446426010541,0.8391263835053615,0.8378188944257514,0.8359036108007233,0.8289845467397199,0.8043533748588005,0.8055632266566048,0.7738793735745917,0.8214475892232952,0.7537441965999037,0.7807381860865094,0.7545643415708029,0.7767277315367634,0.782831104710468,0.7722283774607623,0.853499804766373,0.824684186085374,0.8148623425015087,0.8045154291554222,0.8045154291554222,0.8354344114635696,0.4883089285658025,0.7757800872163272,245.4839508896797
2021-07-26 21:00:00,0.9088679220678482,0.90803098045173,0.9066525096352887,0.9084492444813407,0.9143758227810701,0.9935718803023615,0.9945349886537397,0.996234406730577,0.9613272703098795,0.9608646077106711,0.9445587636022638,0.9290099453852675,0.9181282333901445,0.914043716357138,0.9183989184065615,0.9108724083829246,0.9174932179845673,0.9566510146963918,0.9607691929391312,0.9618720079220334,0.9584607486949901,0.9588607013275183,1.0135264140520313,1.0305460546173535,1.0378558493848664,1.0382870702160052,1.0296068169491355,1.005691356180473,0.9409275742599366,0.9571632052509328,0.9565661936197825,0.9489493879627087,0.9853586235170234,0.9775213251206736,0.9739632044578174,1.0346142955204125,1.0346142955204125,0.9960978857522824,0.7528794391480578,1.3185006203623857,254.20427400722022
2021-07-26 22:00:00,0.48139786279576263,0.47990549563998836,0.4863941255598632,0.49044043166696,0.5286021258185889,0.6135669198531631,0.6195098700052987,0.6097760619968856,0.5426483607432524,0.5454169000955598,0.5417324051616078,0.612483688067127,0.5617844904993947,0.5796000093502175,0.5593339693472086,0.5640555593050004,0.5638508580588346,0.6101244265673286,0.6130018900201508,0.6108986418985778,0.613199325323033,0.6183599291659636,0.7724076917846866,0.7722268851623555,0.779521064670116,0.7827011492918802,0.4544100280491731,0.7627273935038849,0.5726628301739066,0.5859076570056772,0.5730448014334577,0.5722893283821651,0.7869742672493947,0.7892214925896366,0.7857669336479404,0.7413014548793262,0.7413014548793262,0.49825138884325,-0.25639930987635967,0.696587453029975,229.22521843971631
2021-07-26 23:00:00,0.8038350347753521,0.8060134682149859,0.81616501864409,0.813268800019732,0.7932067761109567,0.7471464875453872,0.7423597894681556,0.7325675136835803,0.6331582467403356,0.6342695174773793,0.6432604230391896,0.771028147058155,0.6207168178473973,0.616959534162111,0.6139482451510488,0.620804293362654,0.6175871240430045,0.7800645426342928,0.7809965262127251,0.7783271889463299,0.7722622236343714,0.7925148814235794,0.8703413833482463,0.8605641089815563,0.8754544113522709,0.876823468164609,0.7653843066092121,0.8451479686931586,0.6278193963838922,0.6410495083491126,0.6319446302423355,0.628250985313546,0.8827948319973997,0.8633504742273251,0.8835982432703486,0.9098720529489148,0.9098720529489148,0.8794427432383419,0.8281701412172037,0.9622428487473821,248.05376093189963
2021-07-27 00:00:00,0.8989228875466075,0.8946557119327871,0.8939115351637288,0.8915682585507253,1.0049771718184326,0.983358065064733,0.9786134266531679,0.9673641561325117,0.8423002217849419,0.8412539293901351,0.8285655050511239,0.9645635056741089,0.7911405301980774,0.8065868719194526,0.7945921614019079,0.7901289385781293,0.8010686034865927,0.9970876533805972,0.9974162349443266,0.9905844558314214,0.9949361201150891,0.9998391699170137,1.0835964834849199,1.0887198787325418,1.0987849261564564,1.0981159302860033,0.9403009704015347,1.0528151862752575,0.8182119810439713,0.8370266960344483,0.8371190179319712,0.8368902327869641,1.0907527110623987,1.0888845132882112,1.0835734180849084,1.1121567706324231,1.1121567706324231,0.9675702850984848,0.36057074664063016,0.9303424257581221,253.25023381294966
2021-07-27 01:00:00,0.7348167218236029,0.7282132746339014,0.7290793024813874,0.731417772421598,0.6893561235871719,0.7204287670324276,0.764069095818985,0.7858669686683712,0.6454020178125813,0.6442260223639015,0.6914214344495644,0.7313698890121783,0.6235570173522718,0.6141058949951691,0.6171011470899715,0.6179970954343882,0.6150759545735929,0.7282889239978368,0.7427838082673617,0.7435274808987447,0.7282343700756245,0.7489972273655006,0.9676539956242025,0.9863958758096032,0.9754206135140343,0.9764135530923261,0.733352203873549,0.9363804545990181,0.632476580143316,0.6270655742809359,0.6264491050015251,0.6241974641415988,1.0257865572124578,1.0037470204292827,0.9981757147843733,1.0447285314045875,1.0447285314045875,0.8147457240725012,0.4678895077304828,0.9820185394077351,243.59394909090906
2021-07-27 02:00:00,0.5756568323419826,0.5803491573945669,0.5777979868507892,0.5793057275492349,0.5476459717893294,0.36459047289130553,0.3577800889445299,0.3465699846490053,0.3321324115850868,0.33336221600957744,0.3103968367743783,0.26262363419184337,0.2921236184033248,0.2970046939455339,0.2952049465620012,0.2863841108757376,0.2876098867827022,0.21774321042803163,0.28501096458671143,0.2651828519993401,0.23783122762392522,0.2506762972200025,0.8255632420494531,0.82443969623595,0.8309201031095865,0.8306366320314426,0.40446208052189153,0.8088773125335377,0.27984238430685693,0.2824431482932571,0.2793299842708023,0.2750582522101573,0.8529060567171135,0.9165250360925367,0.9111190296343303,0.7160158651688874,0.7160158651688874,0.6236021327427691,0.3580285711139068,0.8879151694614876,234.69314431818182
2021-07-27 03:00:00,-0.07853794338193652,-0.08299929267789195,-0.07845280627547992,-0.07936671426560049,-0.060462088362021014,-0.2613208722993389,-0.2650298311688224,-0.238547942891106,-0.291853882598792,-0.2968744358931367,-0.3262579831375807,-0.2166321822149318,-0.28151315274933664,-0.28633383979225185,-0.280268987341829,-0.2845545207387905,-0.27863810652487164,-0.25159821653579223,-0.28903343379754837,-0.2922758927130353,-0.22840361787119734,-0.24572580561086974,-0.15506891344989748,-0.1553698694355914,-0.16104281932959083,-0.16228519904287492,-0.28772998883609696,-0.12917978758780196,-0.3319804798644667,-0.34129373238576277,-0.3400161584182954,-0.34305180070915275,-0.20522564488577424,-0.12862335598516286,-0.1286954574294833,-0.39655008209040127,-0.39655008209040127,-0.18424619013786261,-0.5587448719477824,0.05725864908215825,195.8785873188406
2021-07-27 04:00:00,-0.5952785561327316,-0.5920264759022595,-0.5909379837971603,-0.5919987724480736,-0.6354074489985857,-0.8770675841165287,-0.8749751890503124,-0.8732375166031859,-1.002068883272884,-1.0023390474523044,-1.0140286233577032,-0.874977706673396,-0.9390118651799849,-0.9872018142845531,-0.9474317657239504,-0.9485495319261565,-1.027741472871807,-0.9588052137598778,-0.9268614830392539,-0.9689982576736482,-0.9237930263917594,-0.9474464580265228,-0.7233079592857706,-0.72401196924004,-0.7379814902833408,-0.738073936466141,-1.0497144283044368,-0.6839909775127058,-1.0413892650380656,-1.130010620796426,-1.1348325501110403,-1.1373482921359537,-0.6743156263564971,-0.6439367008347051,-0.6654667213494788,-0.5988347997739085,-0.5988347997739085,-0.7756032061274417,-0.666048429691226,-1.1235381619145632,164.92379926199263
2021-07-27 05:00:00,0.09837676189786501,0.12812544832298692,0.1276615680715951,0.1283689050096841,-0.032377543294470075,-0.12214259813185531,-0.1908941727143373,-0.24590395480969232,-0.32375683165015834,-0.3211100594616949,-0.37048737793305003,-0.22483281653758821,-0.3893903682221994,-0.40795160088456217,-0.39334595547188766,-0.39353173749023157,-0.4303555862848632,-0.22233246666964224,-0.20813942384795892,-0.2121441166867319,-0.15500150500276064,-0.2633537911288544,-0.13146822965674856,-0.08589869841530103,-0.10207069886671559,-0.09597851754353984,-0.05598545000733198,-0.11981517179833125,-0.45574720220772724,-0.49623319318220366,-0.4867019024947385,-0.4919756377244827,-0.09641649092159169,-0.05861242653552099,-0.09409336892755442,-0.017266236433825466,-0.017266236433825466,-0.09029895912038735,-0.27389411520374146,0.5341580596920152,208.47041050724638
2021-07-27 06:00:00,0.1389716876539627,0.18648450008973214,0.1752031166816482,0.1861839678375979,0.22795783766406538,-0.05718418493906661,-0.11515704697608095,-0.1957813851934341,-0.14180470832116937,-0.13567343723498473,-0.2665222822612129,-0.4052218658292481,-0.19479601245514186,-0.20406234410148988,-0.19020092286946594,-0.20061254702113407,-0.23013120607420356,-0.41721430157525946,-0.3879884523991677,-0.4132611210927843,-0.40211196166869007,-0.4539890962747671,-0.16408660189563873,-0.16673194768176178,-0.17726431918403662,-0.1759866030865952,-0.05404838347665048,-0.09490776909287248,-0.24744148850163472,-0.2729483019649393,-0.2833535869996656,-0.2897880411606901,-0.09012510526184336,-0.07840643649457443,0.0007056905365845635,-0.2448365438277706,-0.2448365438277706,-0.16502179239660494,0.0828676311046393,0.31266596881943337,211.81297355072465
2021-07-27 07:00:00,-0.25909779421845053,-0.26002517977069334,-0.2517443931063313,-0.24932718216864314,0.04764027244883025,-0.46164119550523636,-0.503703861064663,-0.5054296395029027,-0.5899731464200896,-0.5864505445633511,-0.4697522208193332,-0.2861657503861237,-0.5879637066819219,-0.6405049572848011,-0.6100831837536561,-0.5895650558596377,-0.6440377332049186,-0.3311149511359509,-0.31544421401605344,-0.30831339164394905,-0.3361318336420536,-0.30398388447226227,-0.35400151312716455,-0.38586497479141896,-0.36850349386014764,-0.36478857569211803,-0.5397477355386024,-0.36593043999378094,-0.6688751416157471,-0.7475799534891119,-0.7306081500759879,-0.7375935310211177,-0.37060393628871413,-0.3693949889044237,-0.36667097204772686,-0.017266236433825466,-0.017266236433825466,-0.444308447659071,-0.4596789547204383,-0.02527757087731409,185.8532771217712
2021-07-27 08:00:00,0.5291879309735995,0.5272331450344393,0.5275218158782835,0.5280776403845826,0.520939227328221,0.3489165474840453,0.3462952558415073,0.33510781034606657,0.2101402567926769,0.2107519307763887,0.2020675235833493,0.3491661651241666,0.1368160102570813,0.13163120121714902,0.13554748096041877,0.13260045716228902,0.12466516385690933,0.32808807870391704,0.32948668192010255,0.32879741530624024,0.32755601885279845,0.3420157085199658,0.341339169889163,0.33817416318441,0.3383528211743055,0.34154179837957377,0.414129518431389,0.33800502840561575,0.1116606398544208,0.10659726059226786,0.09839900613727882,0.09948573071471083,0.3578841549995284,0.3751093289180642,0.3575839719565014,0.5390167371958189,0.5390167371958189,0.5298789304977755,0.24704497478983606,1.3028727443353194,231.60511272727274
2021-07-27 09:00:00,0.5774571305854294,0.5910281646654991,0.5918243871909156,0.5979908248855418,0.49696266851546855,0.360957555580026,0.27323994720989003,0.1927129936759428,0.25531246735332624,0.2541424970848142,0.24991828027343294,0.0940459177460426,0.219798071185926,0.21490820229631996,0.21617549148832216,0.21229894093875004,0.2169491905151257,0.17100305720897477,0.08731673436099793,0.15716837899887015,0.05196130067414536,0.072383221806367,0.1210354379789181,0.1229926992052093,0.11812551905625013,0.11955624743549699,0.3848069684389686,0.22025255239504227,0.20086894623575421,0.21235048796839076,0.2061156353590942,0.20326074236255967,0.128433679175757,0.08586028051922828,0.12885219371767542,-0.11840859527557866,-0.11840859527557866,0.5066599491286199,0.372194726070673,1.1101806769809313,235.58186466165412
2021-07-27 10:00:00,-0.5251384743072709,-0.5184376131828158,-0.5213722977703459,-0.5201659989672259,-0.4797988026623358,-0.5925251885170992,-0.5723479547407183,-0.543521024966174,-0.9342282132041974,-0.9341819671921785,-0.9557988618243833,-0.6299930628421341,-1.056257854808202,-1.1086454272388893,-1.0631412094829094,-1.0732566468240474,-1.1503249880208888,-0.6912625150534478,-0.7030030066034101,-0.7043691550301948,-0.702857376458208,-0.6747971371823738,-0.3632356716682551,-0.364972582336868,-0.3753361600993988,-0.37414236174061566,-0.46247251860270944,-0.35233420659383224,-1.190245180945988,-1.2584164735169516,-1.2645610345314044,-1.2658194892583345,-0.30891840773199114,-0.31021995757679605,-0.3061543726762711,-0.27012213353820935,-0.27012213353820935,-0.6570744658851279,-0.3910941432820776,-0.37281745823678075,168.93441235955058
2021-07-27 11:00:00,-0.6823236281248252,-0.6765282362308269,-0.6785287481876222,-0.6778020285815068,-0.7338719097118847,-0.6573770573699507,-0.6568901793916158,-0.6574852189888702,-0.9732364672252803,-0.973215962731549,-0.9942839389274608,-0.718729273013088,-1.0938928047802436,-1.1477826500199726,-1.1073009799550428,-1.1070885614309387,-1.1869327307686992,-0.7708865926920637,-0.7732012566885138,-0.7764113442824936,-0.7732474510305037,-0.7829613232861001,-0.3325768981322839,-0.3327263166262375,-0.34440191792524283,-0.34231382143059014,-0.48756693801029427,-0.3077498588268758,-1.2337947317489153,-1.3023513807211213,-1.3022551923205248,-1.3061363238072734,-0.25298797901643594,-0.2534320040248407,-0.24945219946207436,-0.27012213353820935,-0.27012213353820935,-0.913669673070956,-0.548404812390212,-0.377071653368471,159.93841834532373
2021-07-27 12:00:00,-0.7068544373198166,-0.7030392653029446,-0.7042993142574406,-0.7035121494900756,-0.7599429395742932,-0.640920311191152,-0.6416587376472191,-0.6422208327571323,-0.9754243625880363,-0.9751248263386011,-0.9943074971005272,-0.6736540019876681,-1.1014181822265872,-1.1534568557087235,-1.1131408752092384,-1.1138762480826074,-1.202476667851379,-0.7410271147356636,-0.782623938243912,-0.7855822303062389,-0.7395496764926268,-0.7195982985393279,-0.317857843101555,-0.3162787447877448,-0.3269239630492988,-0.32694167703889837,-0.4844223332672767,-0.2951684577913753,-1.238082652591336,-1.310287466307251,-1.3182389168015345,-1.3227455486261068,-0.23145766321099617,-0.23294722605754398,-0.23293848105181952,-0.27012213353820935,-0.27012213353820935,-0.9426369914351347,-0.5328663404133209,-0.3724250687024928,158.3460778597786
2021-07-27 13:00:00,-0.7919532904557907,-0.7876276440740758,-0.7892706507018509,-0.7887746648618591,-0.8370992645312967,-0.6577027106423897,-0.6565434140554818,-0.6627430155265791,-0.9790154628593558,-0.978765085746385,-0.9982761045386653,-0.7191335949405337,-1.104651049865968,-1.1588399164522567,-1.1163364414140255,-1.1166958963934241,-1.1925735439852896,-0.7703046242600876,-0.7766541871274143,-0.7783166827949971,-0.7715699242088484,-0.7921343111569096,-0.35552288014816447,-0.35378922448656047,-0.3570310667791494,-0.35844818292263075,-0.4756930141733246,-0.3186317730040926,-1.242425226318686,-1.315812430632204,-1.3086509333966043,-1.312687142031262,-0.2719217840254977,-0.26385606374839715,-0.27762952420878767,-0.27012213353820935,-0.27012213353820935,-1.0346961013100644,-0.5298171103728959,-0.3646897659906634,153.24194343065696
2021-07-27 14:00:00,-0.7991856892834734,-0.7944793425431561,-0.7959791447060015,-0.7952152957505759,-0.8560251751858506,-0.6260992590576853,-0.6248657011058956,-0.6310766849316626,-0.9753011784450636,-0.9755148431229111,-0.9940561436660015,-0.6812338458280149,-1.1023803843156441,-1.1599705702883372,-1.1103528494167387,-1.1147929080944723,-1.200878652850289,-0.7656820013378899,-0.7735888069192307,-0.771804285931681,-0.7686588293631328,-0.7848813810484615,-0.2715028609290052,-0.27126163021847755,-0.2807393845443131,-0.2702420111333598,-0.46836376581838285,-0.24125334521313344,-1.2404657801504888,-1.3236475328881716,-1.319120963842952,-1.3228494281330938,-0.1769841485527485,-0.17719861097854692,-0.16998003530728545,-0.27012213353820935,-0.27012213353820935,-1.0596820090117005,-0.5451108139123998,-0.3389904507972281,152.83889245283018
2021-07-27 15:00:00,-0.7908456733807395,-0.7895594771318473,-0.7887322342499257,-0.789203991114935,-0.8418355450094832,-0.6534550209795268,-0.648084188389397,-0.6430755337161158,-0.9708240406956195,-0.9709127707592637,-0.99112487399317,-0.6882072067771937,-1.0955506572667,-1.158244348169895,-1.1096319474839076,-1.10678391348387,-1.2076286776613325,-0.7407997014967816,-0.7537973520344939,-0.7492001722180957,-0.7457139254396362,-0.7528791133221145,-0.4071510738434268,-0.4111554077802278,-0.42069360016008,-0.4214014309850009,-0.46406556565213836,-0.3774534445580035,-1.2327069792760033,-1.3224372539148812,-1.3266972833843351,-1.3279145125629084,-0.33173911613038626,-0.3309104109537966,-0.3273259236126247,-0.32069331295908593,-0.32069331295908593,-1.0251406037979338,-0.5305429989118111,-0.3346207183892343,153.08490547445257
2021-07-27 16:00:00,-0.7567802847265326,-0.7531507487472284,-0.7537471493314655,-0.7535733858382138,-0.8129503888835482,-0.6505999848032101,-0.651363622115576,-0.6510908645875927,-0.9609593125272271,-0.9604299099372169,-0.9846391250678354,-0.6882072067771937,-1.086997503338003,-1.1477152297901652,-1.0963981723499454,-1.0990267696742533,-1.1987665724926582,-0.7407997014967816,-0.7871412219284949,-0.7492001722180957,-0.7457139254396362,-0.7528791133221145,-0.36986535316740515,-0.3712482213801559,-0.38509032468858106,-0.3846619231391113,-0.46630939354741374,-0.34182663100988236,-1.22250429105463,-1.313852977198836,-1.315182648506723,-1.3183824814952274,-0.2907279140782268,-0.29038169122062657,-0.28738301841576536,-0.32069331295908593,-0.32069331295908593,-1.0070023125053622,-0.5691710972910388,-0.3221163415257273,155.36088455882353
2021-07-27 17:00:00,-0.7487141090972685,-0.7451832681668751,-0.7456529936394583,-0.7449513031347521,-0.79773210123084,-0.724299715482084,-0.7232936733723839,-0.7242638385809211,-0.9459891013135184,-0.9458936101684067,-0.9677909729113491,-0.7043374260569925,-1.086765875090533,-1.153883115410873,-1.1069306608408647,-1.0985893724788638,-1.1909620376274865,-0.7423978779558205,-0.756717110871893,-0.7566117099381626,-0.7437734948069333,-0.7710562940061501,-0.3750302536880242,-0.3742787141032268,-0.3847986218587988,-0.3848087783973544,-0.3696173593626836,-0.34336253759823887,-1.2231684936224658,-1.316404586992428,-1.3092769781121434,-1.3124819886168881,-0.28169234665142817,-0.27567910713044125,-0.2806746550110479,-0.32069331295908593,-0.32069331295908593,-1.0062139617209327,-0.5022999705346731,-0.22402763441804505,155.82138974358975
2021-07-27 18:00:00,-0.7398269702625926,-0.7315834000944016,-0.732598383034694,-0.732585657486847,-0.7983916861807786,-0.7315745781568735,-0.7331376987910185,-0.7501731822974511,-0.9612773108497217,-0.9617403217190381,-0.982881602572029,-0.7270169451818569,-1.1008610609230611,-1.1537053825502543,-1.108218479124336,-1.1114765813846863,-1.1982546838676371,-0.7800637941015626,-0.7852048806636996,-0.7886501410759148,-0.782357359866115,-0.7936810398903228,-0.3361112091767755,-0.3266668441569921,-0.33656854750364995,-0.33687700991003605,-0.4332879134822055,-0.31739890981634206,-1.2396937961184349,-1.3138464494860438,-1.3160284615124112,-1.3202835635622407,-0.23608912871846724,-0.22720601309837452,-0.22667218263729008,-0.16897977469645614,-0.16897977469645614,-0.9840229073701279,-0.5791354231244836,-0.33337386460560625,156.59962454212456
2021-07-27 19:00:00,-0.7726675797116849,-0.7685950463514946,-0.7685693326359923,-0.7688530032179697,-0.8274321914036008,-0.7420002861939513,-0.7405419746488909,-0.7484663813074194,-1.0048462590948222,-1.0041715804851663,-1.0214924336562845,-0.7830074509936592,-1.100386649047903,-1.157494687723376,-1.1138348117016883,-1.1119500531456106,-1.1919420140958434,-0.8298852470934989,-0.8449002769954933,-0.8456439486402182,-0.837322062609172,-0.8542165516695401,-0.2846223592892566,-0.29333671962235275,-0.2933917849672879,-0.29391467741854194,-0.5692324297799612,-0.25321975402030517,-1.2400376160674167,-1.318640993901644,-1.3133950384336752,-1.3163911624500082,-0.16803585118043535,-0.1676052402883589,-0.16482044955514297,-0.16897977469645614,-0.16897977469645614,-1.0244150885485974,-0.9059282630644594,-0.5136603863654736,154.48104322344324
2021-07-27 20:00:00,-0.7777973450318648,-0.7747190389176412,-0.7760991443998452,-0.7756264698112475,-0.8223743267912406,-0.7068960521549543,-0.7016120070658348,-0.700617796172137,-1.0099347069500186,-1.0096765219014145,-1.0282436088321114,-0.7567302350851632,-1.112537559564626,-1.159323937143357,-1.1093907705936512,-1.12375460548604,-1.2011876993844042,-0.8213823857828753,-0.8299499572505042,-0.8256237991390974,-0.826078398312245,-0.8252025940580476,-0.21051525985502698,-0.2148690907854197,-0.21774919808855758,-0.21763386042269073,-0.5944373766582255,-0.19345333573368545,-1.25377577190264,-1.32418254212107,-1.3250875915191178,-1.3269905182406299,-0.11028800941302504,-0.11049260764510774,-0.10866704250829036,-0.21955095411733275,-0.21955095411733275,-1.0348493814218875,-0.9988699623476336,-0.2925433133766819,154.02840439560438
2021-07-27 21:00:00,-0.7094824515519511,-0.705182218009156,-0.7065770963939126,-0.7086676757671848,-0.751736858412468,-0.6866220372406344,-0.6880466541590744,-0.6888951286914494,-1.0041937530216989,-1.0039769455818668,-1.0221091748087827,-0.7716885566683087,-1.084234282590618,-1.150451765977387,-1.097736619181466,-1.0973901439221059,-1.1909841867330737,-0.8291437602435648,-0.8721129635064901,-0.8627583024137144,-0.8323563677466744,-0.8407755880385858,-0.3384285785133064,-0.33489025183201454,-0.3431092554815717,-0.3431409248393253,-0.5923534764737306,-0.3043966548636205,-1.229063346467011,-1.318661522726032,-1.317255132408671,-1.3171861369180256,-0.23353259375966293,-0.23198388315235174,-0.23065257945577253,-0.21955095411733275,-0.21955095411733275,-0.9371654756567158,-1.0146733889386075,-0.24510160070639128,158.2032772893773
2021-07-27 22:00:00,-0.8266603370273082,-0.825814846999323,-0.8261362307572454,-0.8239243559543314,-0.8891624141221621,-0.8358741180023225,-0.8432967027292108,-0.8571773370912139,-1.151065696628966,-1.1485457187810895,-1.1689894010795352,-0.8446073273991422,-1.1354835654275774,-1.1993346860352552,-1.1509591487178445,-1.1495929736743242,-1.2371061403126928,-0.9000923818923634,-0.9325364512900606,-0.9354527189983799,-0.9064875214393879,-0.9208855657647875,-0.7339037454700647,-0.7325743377746985,-0.7464713051916265,-0.7074107555682408,-0.9915312896330136,-0.7116349626104107,-1.2860438032203168,-1.3707501980580408,-1.3702635827174396,-1.368580403752169,-0.6127650405382423,-0.6804192529076453,-0.6469091062017204,-0.6873343637604424,-0.6873343637604424,-1.061427128672944,-0.9388655876705652,-0.849970779414376,151.12603503649635
2021-07-27 23:00:00,-1.7371827078371846,-1.8127686211984726,-1.718766514819054,-1.771730832131878,-1.5246464412715173,-1.8750201732975091,-1.9739368008675522,-1.9919292929441024,-1.985490490172768,-1.9906511378408716,-1.8857644805333544,-2.002877660457536,-1.7644233762734187,-1.8185292709306835,-1.7942105018769694,-1.7851745878439966,-1.838296084811014,-2.1290088564594476,-2.1111543741722834,-2.1116858703817605,-2.1203487187340007,-2.1417288860154358,-2.765815437662799,-2.763687443279491,-2.6895890663275557,-2.6923856001176456,-1.6155089784402887,-2.6980241637188294,-1.963697956157915,-2.014088867481618,-2.012887687530088,-2.011685005951814,-2.903082390506755,-2.8984114423854224,-2.9268269655023773,-3.0009658222655564,-3.0009658222655564,-1.061427128672944,-1.5462559007886534,-1.5537354212966141,99.07980072649573
2021-07-28 07:00:00,-2.7251037216241722,-2.737185490715457,-2.736187492335034,-2.732939163042749,-2.6523883426813684,-2.560946451024661,-2.5640659821484695,-2.5652736335180446,-2.5814113821238087,-2.5833108959210453,-2.5114978564865975,-2.002877660457536,-2.625800635479327,-2.6112751493139816,-2.6188976234364167,-2.6144458465515057,-2.622869360633787,-2.1290088564594476,-2.1111543741722834,-2.1116858703817605,-2.1203487187340007,-2.1417288860154358,-2.765815437662799,-2.763687443279491,-2.6895890663275557,-2.6923856001176456,-2.3304035772238616,-2.9902699396917876,-1.963697956157915,-2.014088867481618,-2.012887687530088,-2.011685005951814,-2.903082390506755,-2.8984114423854224,-2.9268269655023773,-3.0009658222655564,-3.0009658222655564,-1.0350580774102265,-2.546669247668556,-2.344765413500213,38.088617506692046
2021-07-28 15:00:00,-2.7251037216241722,-2.737185490715457,-2.736187492335034,-2.732939163042749,-2.6523883426813684,-2.560946451024661,-2.5640659821484695,-2.5652736335180446,-2.5814113821238087,-2.5833108959210453,-2.5114978564865975,-2.5787211688206035,-2.625800635479327,-2.6112751493139816,-2.6188976234364167,-2.6144458465515057,-2.622869360633787,-2.1290088564594476,-2.1111543741722834,-2.1116858703817605,-2.1203487187340007,-2.1417288860154358,-2.765815437662799,-2.763687443279491,-2.6895890663275557,-2.6923856001176456,-2.3304035772238616,-2.9902699396917876,-1.963697956157915,-2.014088867481618,-2.012887687530088,-2.011685005951814,-2.903082390506755,-2.8984114423854224,-2.9268269655023773,-3.0009658222655564,-3.0009658222655564,-1.0350580774102265,-2.546669247668556,-2.344765413500213,38.088617506692046
2021-07-28 23:00:00,-2.7251037216241722,-2.737185490715457,-2.736187492335034,-2.732939163042749,-2.6523883426813684,-2.560946451024661,-2.5640659821484695,-2.5652736335180446,-2.5814113821238087,-2.5833108959210453,-2.5114978564865975,-2.5787211688206035,-2.625800635479327,-2.6112751493139816,-2.6188976234364167,-2.6144458465515057,-2.622869360633787,-2.1290088564594476,-2.1111543741722834,-2.1116858703817605,-2.1203487187340007,-2.1417288860154358,-2.765815437662799,-2.763687443279491,-2.6895890663275557,-2.6923856001176456,-2.3304035772238616,-2.9902699396917876,-1.963697956157915,-2.014088867481618,-2.012887687530088,-2.011685005951814,-2.903082390506755,-2.8984114423854224,-2.9268269655023773,-3.0009658222655564,-3.0009658222655564,-1.0350580774102265,-2.546669247668556,-2.344765413500213,38.088617506692046
2021-07-29 07:00:00,-2.7251037216241722,-2.737185490715457,-2.736187492335034,-2.732939163042749,-2.6523883426813684,-2.560946451024661,-2.5640659821484695,-2.5652736335180446,-2.5814113821238087,-2.5833108959210453,-2.5114978564865975,-2.5787211688206035,-2.625800635479327,-2.6112751493139816,-2.6188976234364167,-2.6144458465515057,-2.622869360633787,-2.1290088564594476,-2.1111543741722834,-2.1116858703817605,-2.1203487187340007,-2.1417288860154358,-2.765815437662799,-2.763687443279491,-2.6895890663275557,-2.6923856001176456,-2.3304035772238616,-2.9902699396917876,-1.963697956157915,-2.014088867481618,-2.012887687530088,-2.011685005951814,-2.903082390506755,-2.8984114423854224,-2.9268269655023773,-3.0009658222655564,-3.0009658222655564,-1.0354749628432438,-2.546669247668556,-2.344765413500213,38.088617506692046
2021-07-29 15:00:00,-2.7251037216241722,-2.737185490715457,-2.736187492335034,-2.732939163042749,-2.6523883426813684,-2.560946451024661,-2.5640659821484695,-2.5652736335180446,-2.5814113821238087,-2.5833108959210453,-2.5114978564865975,-2.5787211688206035,-2.625800635479327,-2.6112751493139816,-2.6188976234364167,-2.6144458465515057,-2.622869360633787,-2.1290088564594476,-2.1111543741722834,-2.1116858703817605,-2.1203487187340007,-2.1417288860154358,-2.765815437662799,-2.763687443279491,-2.6895890663275557,-2.6923856001176456,-2.3304035772238616,-2.9902699396917876,-1.963697956157915,-2.014088867481618,-2.012887687530088,-2.011685005951814,-2.903082390506755,-2.8984114423854224,-2.9268269655023773,-3.0009658222655564,-3.0009658222655564,-1.0354749628432438,-2.546669247668556,-2.344765413500213,38.088617506692046
2021-07-29 23:00:00,-2.7251037216241722,-2.737185490715457,-2.736187492335034,-2.732939163042749,-2.6523883426813684,-2.560946451024661,-2.5640659821484695,-2.5652736335180446,-2.5814113821238087,-2.5833108959210453,-2.5114978564865975,-2.5787211688206035,-2.625800635479327,-2.6112751493139816,-2.6188976234364167,-2.6144458465515057,-2.622869360633787,-2.1290088564594476,-2.1111543741722834,-2.1116858703817605,-2.1203487187340007,-2.1417288860154358,-2.765815437662799,-2.763687443279491,-2.6895890663275557,-2.6923856001176456,-2.3304035772238616,-2.9902699396917876,-1.963697956157915,-2.014088867481618,-2.012887687530088,-2.011685005951814,-2.903082390506755,-2.8984114423854224,-2.9268269655023773,-3.0009658222655564,-3.0009658222655564,-1.0349187779034472,-2.546669247668556,-2.344765413500213,38.088617506692046
2021-07-30 07:00:00,-2.7251037216241722,-2.737185490715457,-2.736187492335034,-2.732939163042749,-2.6523883426813684,-2.560946451024661,-2.5640659821484695,-2.5652736335180446,-2.5814113821238087,-2.5833108959210453,-2.5114978564865975,-2.5787211688206035,-2.625800635479327,-2.6112751493139816,-2.6188976234364167,-2.6144458465515057,-2.622869360633787,-2.1290088564594476,-2.1111543741722834,-2.1116858703817605,-2.1203487187340007,-2.1417288860154358,-2.765815437662799,-2.763687443279491,-2.6895890663275557,-2.6923856001176456,-2.3304035772238616,-2.9902699396917876,-1.963697956157915,-2.014088867481618,-2.012887687530088,-2.011685005951814,-2.903082390506755,-2.8984114423854224,-2.9268269655023773,-3.0009658222655564,-3.0009658222655564,-1.0354749628432438,-2.546669247668556,-2.344765413500213,38.088617506692046
2021-07-30 15:00:00,-2.7251037216241722,-2.737185490715457,-2.736187492335034,-2.732939163042749,-2.6523883426813684,-2.560946451024661,-2.5640659821484695,-2.5652736335180446,-2.5814113821238087,-2.5833108959210453,-2.5114978564865975,-2.5787211688206035,-2.625800635479327,-2.6112751493139816,-2.6188976234364167,-2.6144458465515057,-2.622869360633787,-2.1290088564594476,-2.1111543741722834,-2.1116858703817605,-2.1203487187340007,-2.1417288860154358,-2.765815437662799,-2.763687443279491,-2.6895890663275557,-2.6923856001176456,-2.3304035772238616,-2.9902699396917876,-1.963697956157915,-2.014088867481618,-2.012887687530088,-2.011685005951814,-2.903082390506755,-2.8984114423854224,-2.9268269655023773,-3.0009658222655564,-3.0009658222655564,-1.0354749628432438,-2.546669247668556,-2.344765413500213,38.088617506692046
2021-07-30 23:00:00,-2.7251037216241722,-2.737185490715457,-2.736187492335034,-2.732939163042749,-2.6523883426813684,-2.560946451024661,-2.5640659821484695,-2.5652736335180446,-2.5814113821238087,-2.5833108959210453,-2.5114978564865975,-2.5787211688206035,-2.625800635479327,-2.6112751493139816,-2.6188976234364167,-2.6144458465515057,-2.622869360633787,-2.1290088564594476,-2.1111543741722834,-2.1116858703817605,-2.1203487187340007,-2.1417288860154358,-2.765815437662799,-2.763687443279491,-2.6895890663275557,-2.6923856001176456,-2.3304035772238616,-2.9902699396917876,-1.963697956157915,-2.014088867481618,-2.012887687530088,-2.011685005951814,-2.903082390506755,-2.8984114423854224,-2.9268269655023773,-3.0009658222655564,-3.0009658222655564,-1.0354749628432438,-2.546669247668556,-2.344765413500213,38.088617506692046
2021-07-31 07:00:00,-2.7251037216241722,-2.737185490715457,-2.736187492335034,-2.732939163042749,-2.6523883426813684,-2.560946451024661,-2.5640659821484695,-2.5652736335180446,-2.5814113821238087,-2.5833108959210453,-2.5114978564865975,-2.5787211688206035,-2.625800635479327,-2.6112751493139816,-2.6188976234364167,-2.6144458465515057,-2.622869360633787,-2.1290088564594476,-2.1111543741722834,-2.1116858703817605,-2.1203487187340007,-2.1417288860154358,-2.765815437662799,-2.763687443279491,-2.6895890663275557,-2.6923856001176456,-2.3304035772238616,-2.9902699396917876,-1.963697956157915,-2.014088867481618,-2.012887687530088,-2.011685005951814,-2.903082390506755,-2.8984114423854224,-2.9268269655023773,-3.0009658222655564,-3.0009658222655564,-1.0349187779034472,-2.546669247668556,-2.344765413500213,38.088617506692046
2021-07-31 15:00:00,-2.7251037216241722,-2.737185490715457,-2.736187492335034,-2.732939163042749,-2.6523883426813684,-2.560946451024661,-2.5640659821484695,-2.5652736335180446,-2.5814113821238087,-2.5833108959210453,-2.5114978564865975,-2.5787211688206035,-2.625800635479327,-2.6112751493139816,-2.6188976234364167,-2.6144458465515057,-2.622869360633787,-2.1290088564594476,-2.1111543741722834,-2.1116858703817605,-2.1203487187340007,-2.1417288860154358,-2.765815437662799,-2.763687443279491,-2.6895890663275557,-2.6923856001176456,-2.3304035772238616,-2.9902699396917876,-1.963697956157915,-2.014088867481618,-2.012887687530088,-2.011685005951814,-2.903082390506755,-2.8984114423854224,-2.9268269655023773,-3.0009658222655564,-3.0009658222655564,-1.0349187779034472,-2.546669247668556,-2.344765413500213,38.088617506692046
2021-07-31 23:00:00,-2.7251037216241722,-2.737185490715457,-2.736187492335034,-2.732939163042749,-2.6523883426813684,-2.560946451024661,-2.5640659821484695,-2.5652736335180446,-2.5814113821238087,-2.5833108959210453,-2.5114978564865975,-2.5787211688206035,-2.625800635479327,-2.6112751493139816,-2.6188976234364167,-2.6144458465515057,-2.622869360633787,-2.1290088564594476,-2.1111543741722834,-2.1116858703817605,-2.1203487187340007,-2.1417288860154358,-2.765815437662799,-2.763687443279491,-2.6895890663275557,-2.6923856001176456,-2.3304035772238616,-2.9902699396917876,-1.963697956157915,-2.014088867481618,-2.012887687530088,-2.011685005951814,-2.903082390506755,-2.8984114423854224,-2.9268269655023773,-3.0009658222655564,-3.0009658222655564,-1.0354749628432438,-2.546669247668556,-2.344765413500213,38.088617506692046
2021-08-01 07:00:00,-2.7251037216241722,-2.737185490715457,-2.736187492335034,-2.732939163042749,-2.6523883426813684,-2.560946451024661,-2.5640659821484695,-2.5652736335180446,-2.5814113821238087,-2.5833108959210453,-2.5114978564865975,-2.5787211688206035,-2.625800635479327,-2.6112751493139816,-2.6188976234364167,-2.6144458465515057,-2.622869360633787,-2.1290088564594476,-2.1111543741722834,-2.1116858703817605,-2.1203487187340007,-2.1417288860154358,-2.765815437662799,-2.763687443279491,-2.6895890663275557,-2.6923856001176456,-2.3304035772238616,-2.9902699396917876,-1.963697956157915,-2.014088867481618,-2.012887687530088,-2.011685005951814,-2.903082390506755,-2.8984114423854224,-2.9268269655023773,-3.0009658222655564,-3.0009658222655564,-1.0354749628432438,-2.546669247668556,-2.344765413500213,38.088617506692046
2021-08-01 15:00:00,-2.7251037216241722,-2.737185490715457,-2.736187492335034,-2.732939163042749,-2.6523883426813684,-2.560946451024661,-2.5640659821484695,-2.5652736335180446,-2.5814113821238087,-2.5833108959210453,-2.5114978564865975,-2.5787211688206035,-2.625800635479327,-2.6112751493139816,-2.6188976234364167,-2.6144458465515057,-2.622869360633787,-2.1290088564594476,-2.1111543741722834,-2.1116858703817605,-2.1203487187340007,-2.1417288860154358,-2.765815437662799,-2.763687443279491,-2.6895890663275557,-2.6923856001176456,-2.3304035772238616,-2.9902699396917876,-1.963697956157915,-2.014088867481618,-2.012887687530088,-2.011685005951814,-2.903082390506755,-2.8984114423854224,-2.9268269655023773,-3.0009658222655564,-3.0009658222655564,-1.0354749628432438,-2.546669247668556,-2.344765413500213,38.088617506692046
2021-08-01 23:00:00,-2.7251037216241722,-2.737185490715457,-2.736187492335034,-2.732939163042749,-2.6523883426813684,-2.560946451024661,-2.5640659821484695,-2.5652736335180446,-2.5814113821238087,-2.5833108959210453,-2.5114978564865975,-2.5787211688206035,-2.625800635479327,-2.6112751493139816,-2.6188976234364167,-2.6144458465515057,-2.622869360633787,-2.1290088564594476,-2.1111543741722834,-2.1116858703817605,-2.1203487187340007,-2.1417288860154358,-2.765815437662799,-2.763687443279491,-2.6895890663275557,-2.6923856001176456,-2.3304035772238616,-2.9902699396917876,-1.963697956157915,-2.014088867481618,-2.012887687530088,-2.011685005951814,-2.903082390506755,-2.8984114423854224,-2.9268269655023773,-3.0009658222655564,-3.0009658222655564,-1.0351973769170064,-2.546669247668556,-2.344765413500213,38.088617506692046
2021-08-02 07:00:00,-2.7251037216241722,-2.737185490715457,-2.736187492335034,-2.732939163042749,-2.6523883426813684,-2.560946451024661,-2.5640659821484695,-2.5652736335180446,-2.5814113821238087,-2.5833108959210453,-2.5114978564865975,-2.5787211688206035,-2.625800635479327,-2.6112751493139816,-2.6188976234364167,-2.6144458465515057,-2.622869360633787,-2.1290088564594476,-2.1111543741722834,-2.1116858703817605,-2.1203487187340007,-2.1417288860154358,-2.765815437662799,-2.763687443279491,-2.6895890663275557,-2.6923856001176456,-2.3304035772238616,-2.9902699396917876,-1.963697956157915,-2.014088867481618,-2.012887687530088,-2.011685005951814,-2.903082390506755,-2.8984114423854224,-2.9268269655023773,-3.0009658222655564,-3.0009658222655564,-1.0351973769170064,-2.546669247668556,-2.344765413500213,38.088617506692046
2021-08-02 15:00:00,-2.7251037216241722,-2.737185490715457,-2.736187492335034,-2.732939163042749,-2.6523883426813684,-2.560946451024661,-2.5640659821484695,-2.5652736335180446,-2.5814113821238087,-2.5833108959210453,-2.5114978564865975,-2.5787211688206035,-2.625800635479327,-2.6112751493139816,-2.6188976234364167,-2.6144458465515057,-2.622869360633787,-2.1290088564594476,-2.1111543741722834,-2.1116858703817605,-2.1203487187340007,-2.1417288860154358,-2.765815437662799,-2.763687443279491,-2.6895890663275557,-2.6923856001176456,-2.3304035772238616,-2.9902699396917876,-1.963697956157915,-2.014088867481618,-2.012887687530088,-2.011685005951814,-2.903082390506755,-2.8984114423854224,-2.9268269655023773,-3.0009658222655564,-3.0009658222655564,-1.0343625929636502,-2.546669247668556,-2.344765413500213,38.088617506692046
2021-08-02 23:00:00,-2.7251037216241722,-2.737185490715457,-2.736187492335034,-2.732939163042749,-2.6523883426813684,-2.560946451024661,-2.5640659821484695,-2.5652736335180446,-2.5814113821238087,-2.5833108959210453,-2.5114978564865975,-2.5787211688206035,-2.625800635479327,-2.6112751493139816,-2.6188976234364167,-2.6144458465515057,-2.622869360633787,-2.1290088564594476,-2.1111543741722834,-2.1116858703817605,-2.1203487187340007,-2.1417288860154358,-2.765815437662799,-2.763687443279491,-2.6895890663275557,-2.6923856001176456,-2.3304035772238616,-2.9902699396917876,-1.963697956157915,-2.014088867481618,-2.012887687530088,-2.011685005951814,-2.903082390506755,-2.8984114423854224,-2.9268269655023773,-3.0009658222655564,-3.0009658222655564,-1.0343625929636502,-2.546669247668556,-2.344765413500213,38.088617506692046
2021-08-03 07:00:00,-2.7251037216241722,-2.737185490715457,-2.736187492335034,-2.732939163042749,-2.6523883426813684,-2.560946451024661,-2.5640659821484695,-2.5652736335180446,-2.5814113821238087,-2.5833108959210453,-2.5114978564865975,-2.5787211688206035,-2.625800635479327,-2.6112751493139816,-2.6188976234364167,-2.6144458465515057,-2.622869360633787,-2.1290088564594476,-2.1111543741722834,-2.1116858703817605,-2.1203487187340007,-2.1417288860154358,-2.765815437662799,-2.763687443279491,-2.6895890663275557,-2.6923856001176456,-2.3304035772238616,-2.9902699396917876,-2.809644685535737,-2.014088867481618,-2.012887687530088,-2.011685005951814,-2.903082390506755,-2.8984114423854224,-2.9268269655023773,-3.0009658222655564,-3.0009658222655564,-1.0354749628432438,-2.546669247668556,-2.344765413500213,38.088617506692046
2021-08-03 15:00:00,-2.7251037216241722,-2.737185490715457,-2.736187492335034,-2.732939163042749,-2.6523883426813684,-2.560946451024661,-2.5640659821484695,-2.5652736335180446,-2.5814113821238087,-2.5833108959210453,-2.5114978564865975,-2.5787211688206035,-2.625800635479327,-2.6112751493139816,-2.6188976234364167,-2.6144458465515057,-2.622869360633787,-2.1290088564594476,-2.1111543741722834,-2.1116858703817605,-2.1203487187340007,-2.1417288860154358,-2.765815437662799,-2.763687443279491,-2.6895890663275557,-2.6923856001176456,-2.3304035772238616,-2.9902699396917876,-2.809644685535737,-2.014088867481618,-2.012887687530088,-2.011685005951814,-2.903082390506755,-2.8984114423854224,-2.9268269655023773,-3.0009658222655564,-3.0009658222655564,-1.0338053949365313,-2.546669247668556,-2.344765413500213,38.088617506692046
2021-08-03 23:00:00,-2.7251037216241722,-2.737185490715457,-2.736187492335034,-2.732939163042749,-2.6523883426813684,-2.560946451024661,-2.5640659821484695,-2.5652736335180446,-2.5814113821238087,-2.5833108959210453,-2.5114978564865975,-2.5787211688206035,-2.625800635479327,-2.6112751493139816,-2.6188976234364167,-2.6144458465515057,-2.622869360633787,-2.1290088564594476,-2.1111543741722834,-2.1116858703817605,-2.1203487187340007,-2.1417288860154358,-2.765815437662799,-2.763687443279491,-2.6895890663275557,-2.6923856001176456,-2.3304035772238616,-2.9902699396917876,-2.809644685535737,-2.014088867481618,-2.012887687530088,-2.011685005951814,-2.903082390506755,-2.8984114423854224,-2.9268269655023773,-3.0009658222655564,-3.0009658222655564,-1.0343625929636502,-2.546669247668556,-2.344765413500213,38.088617506692046
2021-08-04 07:00:00,-2.7251037216241722,-2.737185490715457,-2.736187492335034,-2.732939163042749,-2.6523883426813684,-2.560946451024661,-2.5640659821484695,-2.5652736335180446,-2.5814113821238087,-2.5833108959210453,-2.5114978564865975,-2.5787211688206035,-2.625800635479327,-2.6112751493139816,-2.6188976234364167,-2.6144458465515057,-2.622869360633787,-2.1290088564594476,-2.1111543741722834,-2.1116858703817605,-2.1203487187340007,-2.1417288860154358,-2.765815437662799,-2.763687443279491,-2.6895890663275557,-2.6923856001176456,-2.3304035772238616,-2.9902699396917876,-2.809644685535737,-2.014088867481618,-2.012887687530088,-2.011685005951814,-2.903082390506755,-2.8984114423854224,-2.9268269655023773,-3.0009658222655564,-3.0009658222655564,-1.0341768602879442,-2.546669247668556,-2.344765413500213,38.088617506692046
2021-08-04 15:00:00,-2.7251037216241722,-2.737185490715457,-2.736187492335034,-2.732939163042749,-2.6523883426813684,-2.560946451024661,-2.5640659821484695,-2.5652736335180446,-2.5814113821238087,-2.5833108959210453,-2.5114978564865975,-2.5787211688206035,-2.625800635479327,-2.6112751493139816,-2.6188976234364167,-2.6144458465515057,-2.622869360633787,-2.1290088564594476,-2.1111543741722834,-2.1116858703817605,-2.1203487187340007,-2.1417288860154358,-2.765815437662799,-2.763687443279491,-2.6895890663275557,-2.6923856001176456,-2.3304035772238616,-2.9902699396917876,-2.77263474940798,-2.850552785738278,-2.8516199504944346,-2.8459545277640648,-2.903082390506755,-2.8984114423854224,-2.9268269655023773,-3.0009658222655564,-3.0009658222655564,-1.0341768602879442,-2.546669247668556,-2.344765413500213,38.088617506692046
2021-08-04 22:00:00,-2.509894909063854,-2.574626417962743,-2.6022645367043,-2.6655011745126744,-2.410209930497452,-2.560946451024661,-2.5640659821484695,-2.5652736335180446,-1.6841693405984526,-1.6832692113312524,-1.5535671042439194,-2.5787211688206035,-1.3043024731966573,-1.3937695758246131,-1.3178649357611012,-1.3187603620038564,-1.4397593965802156,-2.7364366538587213,-2.7615311484625558,-2.764813515007096,-2.7365975181152478,-2.7480254521289806,-3.159347992440902,-3.160322975132123,-3.200705760948136,-3.199162287106009,-1.6260790451147877,-2.9902699396917876,-1.4357230862329438,-1.5989136297380766,-1.586468534391248,-1.5843322789341348,-3.1512593153801416,-3.1434060134526134,-3.128729377209271,-3.0009658222655564,-3.0009658222655564,-1.0343625929636502,-0.713729949560081,-1.4937774033643585,51.32910145365853
2021-08-04 23:00:00,-0.675953073357222,-0.6932752796848681,-0.6939163784103265,-0.6970738876112067,-0.6893050644896654,-0.8115854533257084,-0.7937893440234038,-0.8477771688726387,-0.2724496962154403,-0.2684321526335148,-0.4243220923159874,-0.8266992472517122,-0.4390954942166924,-0.4711920597101924,-0.4318047544410536,-0.4454994153537989,-0.5004693078253754,-0.8791743735696841,-0.8574849369185292,-0.8590027672262914,-0.8766859105553106,-0.8879738853027588,-0.9641195146472228,-0.9601708016886444,-0.9774382800934085,-0.9766749335933824,0.23038331363307318,-1.0303697345565515,-0.4935237143982606,-0.5894370583506715,-0.5692214246547762,-0.5693512565686268,-0.9524306613352459,-1.0061765150087258,-0.9992156865551959,-1.4164020318408181,-1.4164020318408181,-0.48192516447986705,0.6620802831041052,0.45197379617736955,158.5565182783883
2021-08-05 00:00:00,-0.04791727789730492,-0.056799828315702426,-0.05469192965988184,-0.05554116543267166,-0.09791238207110385,-0.20661760708996948,-0.2077609252369731,-0.19417761575401557,0.03587069229389141,0.03663900090063334,0.03709573827546739,-0.17951880918461852,0.006899720830975528,-0.011718054186052195,-0.0019791730855837977,-0.004673630246594183,-0.0067578766853947396,-0.2050289088725729,-0.20451338030547467,-0.207435171378336,-0.21380501963673637,-0.22016753250080878,-0.055765535840921206,-0.05657436933543959,-0.05998043267220109,-0.059701373900709766,0.1377898202681847,-0.04433198457982302,-0.014168639036878497,-0.047233538206499025,-0.04652298737850444,-0.045249917949905245,0.008287131166114306,0.008719893329913074,0.011510211470852192,-0.06783741585470296,-0.06783741585470296,-0.24395503571643895,-0.09107082312674973,0.23157515371700424,197.14751854545455
2021-08-05 01:00:00,-0.8391627790616475,-0.8386424842715071,-0.8409630865335084,-0.839414218602234,-0.8888182098788873,-0.6569582871499647,-0.6535181403849614,-0.6379928215929327,-0.44002589435040124,-0.4351709088370976,-0.4548250037470663,-0.6062427265024789,-0.4183695476938008,-0.42732418632898495,-0.43386467850393806,-0.4310507195361515,-0.4143859720875754,-0.6440375377550499,-0.6470182965791851,-0.6463249859075381,-0.6446879363251352,-0.6671166264857169,-0.1417049612160551,-0.1739599678567801,-0.14727629764266567,-0.20294692989593724,-0.4792080789945289,-0.15526243743860638,-0.47256428545761464,-0.47924742468299414,-0.4778705680197977,-0.4755689074385007,-0.0036586800694899143,-0.006060695315573802,-0.002830088516375497,-0.06783741585470206,-0.06783741585470206,-1.0741499765968243,-0.8045777937046241,-0.42147830125177504,150.26306739130433
2021-08-05 02:00:00,-0.8274179675798788,-0.8233958858636496,-0.8236058183606585,-0.8227699663698911,-0.8799227005957004,-0.6367572782135864,-0.6427630421159425,-0.6349971869224255,-0.5211393474874207,-0.518642476166507,-0.5382101586238542,-0.5557101692781071,-0.5163501881165379,-0.5222971143912627,-0.5277769089923473,-0.5278223265771319,-0.512355582106122,-0.6150183367549228,-0.6169823077653243,-0.6204647443084396,-0.619231605216315,-0.6395951460483755,0.08601914855014044,0.08770651168335113,0.08419694769929507,0.09362700872502179,-0.522807173350989,0.10630248665964409,-0.5752987087307958,-0.5836488279689019,-0.5808956776088398,-0.5866772147180046,0.2750643713695605,0.2740937939689328,0.2761500684083267,0.36201760922275034,0.36201760922275034,-1.0846829297026042,-0.9609038194546893,-0.4017904845789427,151.22679592592593
2021-08-05 03:00:00,-0.8311545303127202,-0.8274459096364031,-0.8275069278887287,-0.8270051178690586,-0.8845274108597587,-0.6655654626168915,-0.676585736294055,-0.6737361849514767,-0.6107080963450163,-0.6109588880027066,-0.6250350479696056,-0.5836036130748202,-0.5922391495763175,-0.6058893381910058,-0.6010666326396863,-0.6052949712182406,-0.6097658062503337,-0.6355627290643543,-0.63741864578281,-0.6334886914813248,-0.6443458770695555,-0.6600770672005549,0.18510472686142762,0.18430100864376922,0.18489496125100785,0.18262206142152831,-0.626769690817626,0.20542625886619884,-0.6553346387418798,-0.6852121021054453,-0.6871431960531582,-0.6860876779262972,0.3900507637051573,0.38859273069945555,0.3914880817543665,0.36201760922275034,0.36201760922275034,-1.0817736613125952,-1.358206641933255,-0.37504369284685546,151.05547022058823
2021-08-05 04:00:00,-0.8647975634798233,-0.8596284663837406,-0.860895622265504,-0.8611040850223847,-0.9242326750239294,-0.6561111074509558,-0.6603627179802327,-0.6581322283262435,-0.6266469330138242,-0.6267900298228765,-0.645989120966196,-0.5760237692344733,-0.5926739160407782,-0.6165924545962437,-0.6068195589100456,-0.6054234789147127,-0.6175257088144557,-0.6389873929051509,-0.6461300666412052,-0.6781585107270646,-0.6470859422874808,-0.6347955609368975,0.18840874410623454,0.19170264291762493,0.18594601099179817,0.18779667884101758,-0.6676973509629649,0.20053192932009098,-0.6600822313865156,-0.6985861575276996,-0.6959133539805262,-0.6955569786356364,0.3715034687003883,0.3671355299316405,0.37136214598371076,0.33673201951231163,0.33673201951231163,-1.0990719536642146,-1.5414564257680472,-0.3566292247824675,148.9916625
2021-08-05 05:00:00,-0.8343180629497846,-0.8335817352462621,-0.8339873728436094,-0.8337355451406437,-0.8536414191064063,-0.7542374140475513,-0.7531756771634719,-0.7329084270678282,-0.7382679930049458,-0.7376332796530788,-0.7547249798222926,-0.7349003484142578,-0.7484997087786088,-0.7755498990015117,-0.755953160925365,-0.7614019756315856,-0.7901159249736491,-0.8153817540495456,-0.8258624882343227,-0.8269150959399174,-0.8206637640368184,-0.7875690144802269,0.003819973777126436,0.0030339484555827697,-0.0015090583948868894,-0.0010659550197494449,-0.6494234055557498,0.016599776153262746,-0.8254879955492944,-0.882101377682748,-0.8791469257043693,-0.8786636306395931,0.17023198749761576,0.17152253791686023,0.17054271924381342,0.33673201951231163,0.33673201951231163,-1.0700269506531488,-1.4793306437790141,-0.3467003179416097,150.55357262773722
2021-08-05 06:00:00,-0.8355100866936331,-0.8320449762080797,-0.8319328438059069,-0.8325708296048834,-0.8864924564365227,-0.7522717923535565,-0.7513506562497589,-0.751012673960537,-0.7550284485171807,-0.7550042552492513,-0.77113719810329,-0.8331359512459767,-0.7630174354865414,-0.7959161630418852,-0.7804059999319999,-0.7767211431068232,-0.806432471141101,-0.8718322174611965,-0.8762010770432612,-0.8856855174730769,-0.8648906021395871,-0.9052057465490008,-0.09708720852449994,-0.09264411678485619,-0.09980648975210482,-0.09926647907537212,-0.6451485940370181,-0.088073682193886,-0.8392088216818533,-0.8990305482833456,-0.8950372652044069,-0.8949867190815629,0.05491335369299854,0.05539431836457701,0.05527790693176382,0.33673201951231163,0.33673201951231163,-1.0912816016112934,-1.4347746413169649,-0.34540558136476157,150.74650111524164
2021-08-05 07:00:00,-0.8687076075453085,-0.8664642200698368,-0.8669180423649038,-0.8658281447873936,-0.9285276201104782,-0.7868873098319854,-0.7797007752348492,-0.7794854673596205,-0.768738007193201,-0.7685549498602817,-0.7855465813609822,-0.8513288482486888,-0.7793829708793697,-0.801963259042125,-0.7881084161170963,-0.7913678996518707,-0.8092960289979559,-0.9197694320778167,-0.9347125897577201,-0.919915071573813,-0.914889310755706,-0.9359261114523553,-0.23766182508255812,-0.23646285901070546,-0.2347892922019693,-0.2546793124665805,-0.667178925770041,-0.20309669656943086,-0.856786001954097,-0.9026472514704232,-0.9000066484351956,-0.8993897887514715,-0.10450999511089085,-0.0997191843822004,-0.08715354852405616,-0.16897977469645614,-0.16897977469645614,-1.0919566072212887,-1.2447839974004258,-0.4118102478387665,148.64322973977696
2021-08-05 08:00:00,-0.8437973309346747,-0.8376005798340959,-0.8398977555558621,-0.8381063414508667,-0.8944807331888127,-0.7315851513511089,-0.7320580272058237,-0.7276169893230875,-0.7396873919491473,-0.7395393233093922,-0.7569700095652806,-0.7957422669312447,-0.7691975579955268,-0.7970859838519188,-0.782701813245709,-0.7813424202433882,-0.8103339601859918,-0.8478622636271305,-0.8663586433971724,-0.8567845959164139,-0.8511920716366042,-0.8610432994258409,-0.2305351738171382,-0.22083713622222412,-0.25333668789028363,-0.2285936044952421,-0.5800174289869009,-0.20973235812611582,-0.8485039120984263,-0.9008942933559146,-0.8996907008197319,-0.8991618674907581,-0.10629837953585645,-0.0982406666673262,-0.12695516123006267,-0.11840859527557866,-0.11840859527557866,-1.1072603043079359,-0.772867936175562,-0.4841773765580449,150.32952014925374
2021-08-05 09:00:00,-0.8327094875752423,-0.8262370879099477,-0.8286457485594315,-0.8269507969419891,-0.887095582325803,-0.6640709713803413,-0.6621527629123456,-0.6601159273309792,-0.7246188445245442,-0.7241391989777977,-0.7401917216042874,-0.7624914251181785,-0.7628964584262035,-0.7927274905633883,-0.7743585106883769,-0.7750376444887572,-0.8132173131032576,-0.8396439680930553,-0.8487725365584476,-0.8495190484051715,-0.8306442758821313,-0.8284023174656996,-0.24339896619909332,-0.24840932458302967,-0.2544321060912603,-0.25358218875730437,-0.5443408670083985,-0.21601142981287808,-0.8432445550862122,-0.899791261295821,-0.9035498014375576,-0.9027470713909376,-0.14365180459335364,-0.14549906371322416,-0.1328245916624619,-0.16897977469645614,-0.16897977469645614,-1.0843479690546134,-0.7713433954134097,-0.5218464074085097,150.9607984496124
2021-08-05 10:00:00,-0.4169493385963618,-0.4179209227909065,-0.4268804807419151,-0.4446084160579621,-0.3415056630131952,-0.21237651491514944,-0.26109190648354047,-0.223397349183001,-0.307944399370575,-0.3054496704741081,-0.1271199376053831,-0.05937289556230089,-0.27884362767723375,-0.3353294055264,-0.29991697937588985,-0.29954405438253284,-0.3375326351004936,-0.1392275002591958,-0.18859801027536685,-0.18953051130995047,-0.141557376480127,-0.08894359910457389,0.06964945207655744,0.07428791959103372,0.06958217615047872,0.07170905298261562,-0.21508694514272406,0.022248371214005948,-0.35123285149552386,-0.41156167666132093,-0.40436740402203064,-0.40995420508168806,0.06362109172681438,0.10816040632908655,0.03037859333952713,0.08387612240792773,0.08387612240792773,-0.7490878815668374,-0.5489604575802982,-0.1530196717008342,174.01956218181817
2021-08-05 11:00:00,0.24569428450451145,0.24056376357066878,0.24730145885257743,0.2403200488114962,0.3072660522597691,0.34473180388732566,0.35057896932360355,0.3501880029651986,0.41140726057810767,0.41351053776964136,0.4187124956216606,0.44191590064034364,0.4709007623059807,0.45482043405207084,0.4646601217923409,0.4646961477947424,0.45097424834077277,0.45538179491790415,0.44674001268293845,0.44351285501658855,0.45309218248318794,0.43980268593061705,0.4703401558335474,0.4103728911287311,0.4738340216639851,0.4759093793630128,0.3084734513892682,0.42161060199465167,0.4755418989938073,0.4503268220316844,0.4567443140097152,0.4576708279658347,0.4640514792651996,0.46378834512111816,0.4618190554006722,0.5390167371958189,0.5390167371958189,0.2748960316840251,0.012214630514886866,0.2548734437641658,214.57742095588236
2021-08-05 12:00:00,1.5357257981586119,1.5712844900392395,1.5826970306516144,1.5716423016690577,1.498670705214878,1.5415911739447827,1.5061710054158748,1.4559408677595844,1.668977222686509,1.6623353969499155,1.7387258361379074,1.3254257301918348,1.6499972667315634,1.623124957893761,1.6514534008756825,1.6587085489728093,1.597506270611447,1.4391780707101636,1.4201124297731784,1.4199986702280123,1.4523437055329778,1.3595858122412154,1.294608528779521,1.2908559990723583,1.3055744484848582,1.3071118011203866,1.827584015536116,1.2298409425459547,1.7418572245571702,1.6862235928454172,1.6929044663958825,1.6884514139044648,1.1773105250771863,1.1755635247400138,1.1895674281566786,1.1458708902463408,1.1458708902463408,1.5561020947124644,1.8142458257040024,0.7188405332986914,293.93399350180505
2021-08-05 13:00:00,1.9444793060640686,1.9392037871374919,1.9374379323951052,1.9386971339156984,1.9832256993666642,1.967143542800683,1.9796466995221147,1.978352815082997,1.9489372079694216,1.948175845000528,1.9614059555463943,2.0738130122516285,1.9701670530738287,1.9539376279669105,1.970935017042241,1.9754692782761403,1.9410938669116418,2.1675589610348625,2.170124554631678,2.1652950238685964,2.17059036602469,2.1605034459520334,1.4346916442895068,1.4335486325943727,1.4520152716763162,1.4509074896830134,1.8837401869165216,1.3886886510452452,2.0662479940612406,2.04025182184121,2.0519975803598354,2.0530842234973687,1.25590627615906,1.2593190041191518,1.2471083934171114,1.1458708902463408,1.1458708902463408,2.2264001098366277,1.75885987638748,0.45709307967966867,315.48401007462684
2021-08-05 14:00:00,2.1174913849277486,2.1066394121697054,2.1080873438351486,2.109606949134895,2.1548109354494884,2.0780522590147292,2.079818866357923,2.076373018804892,2.04746321475809,2.047373770829254,2.060128188487869,2.2105943639793373,1.9748268114499543,1.9413936632294757,1.9847916943578003,1.9787409316087794,1.8979407532228538,2.31083236861704,2.315087275726384,2.313524649531609,2.333054596628595,2.3067774965972516,1.4015794236492978,1.402591180042293,1.4166901830565954,1.4159590759981655,2.314766902563232,1.3640109617611886,2.062869068155014,1.998540390958966,2.004822194633506,2.0062197404806352,1.2018781787918829,1.2041244083218197,1.1981917420571766,1.1458708902463408,1.1458708902463408,2.4495686480326624,1.79152211926621,0.6472024679103296,325.585073992674
2021-08-05 15:00:00,2.1557804305344224,2.1452230853896257,2.145386566513685,2.1463786449818323,2.1992801585880652,2.112741666468443,2.113268666999258,2.108138386568034,2.0392536303320377,2.0384742676231036,2.0516792891228492,2.268133389533398,1.9781808842531308,1.9410147546133432,1.9842432648399846,1.9837278217467227,1.8970440572093632,2.387599319510473,2.373077451848675,2.378430529795371,2.389850284723228,2.3811830169301276,1.3854382414718573,1.3821860929224803,1.4064161422832901,1.40005010905105,2.279754710058207,1.3685034649741734,2.069378338275206,1.9992965644120333,2.0025852918962928,2.006174551037884,1.1800340308034973,1.1786760594466699,1.170988860777769,1.1458708902463408,1.1458708902463408,2.507203061095512,1.7675002779203952,0.8826735895939993,327.885049270073
2021-08-05 16:00:00,2.1577785346929477,2.1477143777211087,2.1490726951553523,2.148467640056661,2.204875196935948,2.1305757583998126,2.138910632183437,2.1382012094312675,2.017782565235282,2.017615763849726,2.03183735299214,2.2665671057364807,1.9854935152409237,1.949773115728154,1.98917713030495,1.9911279983432548,1.905775010227154,2.3826832822138977,2.3873671984128033,2.383182296430767,2.386083656969998,2.3802446327432114,1.3746603093560377,1.3616258716359166,1.371999550705483,1.371994497415664,2.1850753279148605,1.3264760620797607,2.0798107957412575,2.01365564825542,2.012581657505516,2.017152551495822,1.1628361631834108,1.165140484683846,1.1388644782973592,1.1458708902463408,1.1458708902463408,2.4903640639419,1.7030114849475773,1.2557973140951872,328.024137867647
2021-08-05 17:00:00,2.1469926058024438,2.1374652288568337,2.138459177429312,2.139608440725334,2.18747301528683,2.116964885121526,2.1187175190212835,2.1178930413209986,2.0118162534339445,2.011384691870027,2.0277232432332517,2.252822279846456,1.9854430311367666,1.943370349213659,1.9910618491856404,1.9904257470837603,1.8936271904093644,2.3664185976006653,2.356389967842442,2.3547656036158964,2.3610837041330575,2.337790270795189,1.3089491029382754,1.3094678843608512,1.3196056866583377,1.3202632641470429,2.1846897486669867,1.2696564340927932,2.078165538625199,1.9966241783754621,2.0003294698016276,2.003109196630971,1.0936570776558725,1.0892180901913706,1.082357628634253,1.0952997108254632,1.0952997108254632,2.46212736164132,1.6954283904650393,1.3833917858036862,327.4272281021898
2021-08-05 18:00:00,1.3780683237650704,1.3678566824591791,1.3763949089033314,1.3781104361013234,1.4860526023593417,1.3948628647879735,1.3543539205419604,1.324225794642219,1.4421127714053366,1.451737862236555,1.5106985784629978,1.4256085342807836,1.4652721268969349,1.4243750840181602,1.4584775590604626,1.4605024722410946,1.3650851473315626,1.4418204030864115,1.4490431597679176,1.4738409306480789,1.4510091222482844,1.4750997929212533,1.1983476953264949,1.1992384396119598,1.2113071796289123,1.2108114016775346,1.4627944505132262,1.1715538905458351,1.529055575281255,1.4230753216692416,1.4370959195253152,1.4369355904642567,1.1250411459833354,1.1251312005133776,1.1205450739851541,1.1964420696672164,1.1964420696672164,1.3671946734955778,1.1762142453291786,1.1510082533685506,281.33767906137183
2021-08-05 19:00:00,1.068601880106463,1.0548157327126875,1.0542834038337516,1.058454956477146,1.1211511754916117,1.2646952176594766,1.268725746983341,1.2708990654650585,1.2379566701174836,1.236846957917395,1.2595530632671095,1.24374393845307,1.314630156208012,1.2712040397798738,1.3150220797187844,1.3157373866160724,1.2237200336135938,1.286259947975818,1.283261596019329,1.2811479115129927,1.2804717227686324,1.2873776737152895,1.184136547498434,1.1879262139545197,1.1989427855762906,1.1973362185816203,1.1417116761917747,1.1583671753624556,1.3721636857750104,1.2819837741422704,1.2933541380928055,1.284803248957938,1.144737746318348,1.1478948501240769,1.14367509080331,1.1964420696672164,1.1964420696672164,1.2065900298432355,1.141357414365536,1.2826644640145224,263.0501272727273
2021-08-05 20:00:00,1.262226459865723,1.2557789074426768,1.2538631178382127,1.2568999829087115,1.2086878139351616,1.5089819393936712,1.5046192044842506,1.5057849719312912,1.5257717766178878,1.5253584849529964,1.5283831690258483,1.421536926928663,1.6265354684445439,1.5800044995452387,1.6363712679324611,1.6309444998116458,1.5285406964793549,1.5140630060644493,1.5113928033373425,1.5244543472962762,1.5133427591071713,1.4782848548250391,1.1810579195679414,1.17899826697383,1.1902001956064017,1.1901225423536181,1.3606352871494007,1.147071262375867,1.7084902393747725,1.601221910803109,1.606977896076573,1.6076596523998237,1.0815067059792456,1.0851558486077066,1.0807665731567657,1.0952997108254632,1.0952997108254632,1.4059198467875744,1.4292127678542637,1.39500444660324,274.99358131868127
2021-08-05 21:00:00,1.2747372015272909,1.2637824103237354,1.2675169987630568,1.2677520859396119,1.2619979781198212,1.4803723576743903,1.4864981033284261,1.4814520368837496,1.530349224950536,1.5312667601563579,1.5290272863837744,1.3986725020599486,1.63652236445309,1.588423078747503,1.6436846658521238,1.6393659527550783,1.5354776708545446,1.4528774197381351,1.4686882968026456,1.4586471379625985,1.4462262384955367,1.4513582439335024,1.26275991841269,1.2608669598036213,1.2713751014400887,1.2705362494170966,1.3835821158399566,1.2323306203783353,1.7117016126381732,1.6097487794485967,1.6111492970472332,1.614372737856078,1.1909716887359902,1.1920736392227729,1.1895677100088444,1.0952997108254632,1.0952997108254632,1.4325572205240864,1.4947531267401,1.3290934407907005,275.5423574468085
2021-08-05 22:00:00,1.125911701743397,1.1297207252910684,1.1319056344937506,1.1278065839109144,1.2300371342527063,1.3283825189925387,1.3265451966688702,1.3059762601910805,1.372988029757524,1.3763619576709027,1.3574039898979553,1.2309741205137636,1.4692301258986808,1.4217038282522343,1.467553355529997,1.472220591187876,1.3755087446761678,1.2847486029132091,1.2939370928712404,1.3287452559050459,1.2690096215477087,1.272400573602364,1.252533060270294,1.249106708283833,1.2625269061156668,1.261278785823695,1.2039445821097285,1.2171917670680492,1.5377158642376467,1.446190206721187,1.449048049488492,1.4430872051594548,1.1890425497443784,1.1908836350885115,1.185637736852602,1.1627279500532988,1.1627279500532988,1.3155821197562423,1.2252672250117467,1.1736244582911937,267.1729811594203
2021-08-05 23:00:00,0.8701304408263658,0.8666775627271208,0.8687829256881602,0.8673009443687347,0.6834111529597787,0.9984251141759347,0.9917006069099186,0.9778996117112984,1.0359704097499134,1.0352819863622933,1.0208337307475837,1.1176917499129757,1.1539145821637913,1.1141762739926582,1.159071647757154,1.1544544795549083,1.0621074860083646,1.121519628327007,1.1291468635834454,1.135468011854497,1.1336132474622045,1.1662528016518758,0.9456338979810609,0.9593874226403182,0.9618303779111497,0.9656893393139521,0.8437017771539272,0.9467376734367934,1.202817924968417,1.1207275301366684,1.106139310505602,1.111688374108155,0.9219552693458529,0.9116357309595553,0.9312449654049834,0.7413014548793262,0.7413014548793262,0.8960184240945934,0.6753868202367709,0.8733128985300944,251.73861962962962
2021-08-06 00:00:00,-0.5841055417951369,-0.6062997290731885,-0.6039489864801217,-0.6112543213942445,-0.1358890240421919,-0.2556527028096845,-0.22079066786278423,-0.17737165222428322,-0.33802840799654077,-0.3412424542137565,-0.25775738769501694,-0.027385276751971343,-0.32132751521256664,-0.3630196549817255,-0.33348283920813354,-0.33310454277217577,-0.3896973480245794,-0.00825238618906884,0.006647202632231972,0.00568901491551281,-0.009957534568121443,-0.0448547373320638,-0.525109097384493,-0.5319283850581681,-0.5373419602046329,-0.5414996994860607,-0.30831712771572684,-0.45366407931693975,-0.36379094091933717,-0.44726570658254095,-0.4511341729439638,-0.4460756629953805,-0.6074476591178456,-0.606839926617974,-0.6024830297037852,-0.674691568905223,-0.674691568905223,-0.5537895701737056,-0.375452281007454,-0.0767008276834142,163.30518587360595
2021-08-06 01:00:00,-0.8522123809131161,-0.8488297525681703,-0.8498014067759025,-0.8489222986425294,-0.1358890240421919,-0.7505970561572051,-0.7476975926959512,-0.7457467307210872,-0.7512583017040825,-0.7504112983639967,-0.7690512507991742,-0.6888136896683625,-0.6745344664890791,-0.7008839595521976,-0.6798349894869722,-0.6831305240934448,-0.7228336387688251,-0.738973214115023,-0.7484194722322247,-0.7532912842801593,-0.688865652307586,-0.7554395632015467,-0.9535156049569276,-0.9520588701513348,-0.9688570914813529,-0.9675435779851694,-0.9066398723795049,-0.8958351675403017,-0.7415621769564238,-0.8018526753193835,-0.804790782933191,-0.8046454579004317,-0.9695935925991057,-0.9715277922497828,-0.965769614712417,-0.9275474660096078,-0.9275474660096078,-1.120121110165385,0.19185189014527604,-1.0902844680204886,149.7094755639098
2021-08-06 02:00:00,-0.8535906214383031,-0.8491101569149169,-0.8500816511445609,-0.8485386087748427,-0.1358890240421919,-0.7306819135307744,-0.7303597414862624,-0.7308253856891666,-0.7209835386100842,-0.7207344238932843,-0.7329127226716526,-0.6888136896683625,-0.6443197907576381,-0.6714366463867376,-0.6524515533436622,-0.6521304836421425,-0.6892751475485512,-0.738973214115023,-0.7484194722322247,-0.7532912842801593,-0.7327013090344572,-0.7554395632015467,-1.0129091397798886,-1.0301768932554691,-1.0293203665961648,-1.0464966863659204,-0.852623218786483,-0.9673842270035139,-0.7101548144069716,-0.7681179354662234,-0.7679182566876567,-0.7690660972830781,-1.0666521454057254,-1.0630662653550724,-1.0496993836145259,-0.9275474660096078,-0.9275474660096078,-1.1198504470025146,0.2732281671491169,-0.9847515401192489,149.72196153846156
2021-08-06 03:00:00,-0.8524557388185864,-0.8482995466869587,-0.8487835253950332,-0.8476324583774315,-0.1358890240421919,-0.709597136678505,-0.7095144187015484,-0.7083152627495618,-0.7100150051934553,-0.7104205107278047,-0.7245196814261095,-0.6888136896683625,-0.6555937477018741,-0.6888284406888351,-0.6616300056916647,-0.6645325493763384,-0.714159503674381,-0.7061018273463971,-0.7155059003970675,-0.7255192421416431,-0.7121526154866624,-0.6991180552704249,-1.0182696229305157,-1.0189933462830485,-1.0359721872982146,-1.0409432590002985,-0.7659885955933532,-0.9499658328753187,-0.7199234709968758,-0.7984928793715667,-0.7957236242384531,-0.7967646521988477,-1.031791272108923,-1.03661915227184,-1.0266319258978607,-0.9275474660096078,-0.9275474660096078,-1.1200596495345145,0.4434977211197193,-0.8885250214919482,149.76807462121212
2021-08-06 04:00:00,-0.8514250087531288,-0.8478659589465684,-0.8484581559348259,-0.8473976998393299,-0.1358890240421919,-0.7449428457924182,-0.7449305085642348,-0.7492419238193733,-0.7334904116166422,-0.7329785220048498,-0.7528306310182773,-0.6888136896683625,-0.6706189487079773,-0.7076825598259732,-0.6786842219678458,-0.6789316615449315,-0.7287156863124171,-0.7061018273463971,-0.7155059003970675,-0.7255192421416431,-0.7121526154866624,-0.6991180552704249,-0.998713258790131,-0.9943934766836554,-1.0158749606819713,-1.0172707021724525,-0.8151110475078661,-0.9568224318656412,-0.7474396948748396,-0.8204837252794932,-0.813369867149646,-0.8158395794987037,-1.0355769790698177,-1.0341814674325127,-1.028180985402601,-0.9275474660096078,-0.9275474660096078,-1.1199797603628343,0.17814249450952677,-0.8592590236896459,149.77434790874526
2021-08-06 05:00:00,-0.8508683805240613,-0.8475303039124636,-0.8479989288466078,-0.8472360901093098,-0.1358890240421919,-0.7305330504572621,-0.7274072445706875,-0.7256857559953995,-0.7312226792339621,-0.7311802939948473,-0.743570147236526,-0.6979101381697186,-0.6529618774027861,-0.6807504897988542,-0.6609915241059641,-0.6624204567576509,-0.6926831985739902,-0.7061018273463971,-0.7155059003970675,-0.7255192421416431,-0.7121526154866624,-0.6991180552704249,-0.992629309794519,-0.9943934766836537,-1.0138289539687089,-1.012884965660198,-0.8709039375822604,-0.9369148673073074,-0.7291181826986497,-0.7820757895705157,-0.781590131192163,-0.781605870677838,-1.0156046037435242,-1.0162897036368874,-1.009602418023691,-0.9275474660096078,-0.9275474660096078,-1.1200590706274733,-0.10128427905020675,-0.8678086058347361,149.79332947761193
2021-08-06 06:00:00,-0.8522290909210092,-0.8479459729112935,-0.8483368239843015,-0.847770157113363,-0.1358890240421919,-0.7197563027540183,-0.7180022923646099,-0.7186062149309701,-0.7187512831364439,-0.7184520701607608,-0.7332765837252491,-0.6979101381697186,-0.6359647731294076,-0.6636954411737477,-0.6399117907853522,-0.6466477590829142,-0.6763734941266984,-0.7061018273463971,-0.7155059003970675,-0.7255192421416431,-0.7121526154866624,-0.6991180552704249,-1.0152272686606134,-1.0166130553811157,-1.0354599193252505,-1.0359752094640555,-0.8593872039788184,-0.9521221474343106,-0.7037297926972635,-0.7665513069207333,-0.766296187047459,-0.7648511497186664,-1.0438129487896195,-1.0396906453660673,-1.0324370940363963,-0.9275474660096078,-0.9275474660096078,-1.1201602214759379,-0.17388210489915373,-0.8649589330533489,149.74901365313653
2021-08-06 07:00:00,-0.8526604813708283,-0.8480323484321755,-0.8492696813717833,-0.8481913214932927,-0.1358890240421919,-0.7233309523240343,-0.7265884678145058,-0.7235425133592311,-0.7254799466012101,-0.7256775396826054,-0.7351659619988361,-0.6760799335523432,-0.6417724244646624,-0.6622383854066609,-0.6492009918766346,-0.6510919630366142,-0.6654869768225563,-0.7389732141150238,-0.7419666932161203,-0.74134217817807,-0.726536162294126,-0.7349593199326437,-0.990193907290209,-0.9904691172103148,-1.008392246691834,-1.0025841547463716,-0.8924344337968694,-0.9399563813215359,-0.7054287429933875,-0.7532388808302684,-0.7521896476710761,-0.7520671813509655,-1.0161222738394435,-1.015512207252341,-1.0094475120732171,-1.0792610042722377,-1.0792610042722377,-1.1199972883815805,-0.3555840473988259,-0.8815516025325395,149.7549590405904
2021-08-06 08:00:00,-0.8521147381100754,-0.8468426919659282,-0.8483329743729293,-0.8470089309466636,-0.9119588188552464,-0.7724143389925849,-0.7736853022949203,-0.7820257705775634,-0.7284366826587989,-0.7278474517797504,-0.7530374028100646,-0.7221662743517684,-0.6630445045210424,-0.680495577111709,-0.6706304911790192,-0.6720106643159784,-0.6789421169712497,-0.7786939285652437,-0.7710067365884112,-0.7678215327488997,-0.7703709212276753,-0.7906407153939075,-0.9824893948018345,-0.9819855531579921,-0.9951221689933679,-1.0026561776730232,-0.8764174233078734,-0.9334583707446649,-0.7303663823052743,-0.7715616271349595,-0.7690862296874268,-0.7671902692502378,-0.9889501190181847,-0.9891278886858494,-0.9848314176300609,-1.0792610042722377,-1.0792610042722377,-1.119780712825181,-0.24364019195468836,-1.0019033073298544,149.78686937269373
2021-08-06 09:00:00,-0.8490400915421786,-0.8441730706379199,-0.8462318657792501,-0.8441420924320755,-0.8960354344346556,-0.7885264242652313,-0.7892647476414217,-0.794981827138632,-0.776334654442475,-0.7755409726129544,-0.8281548832454018,-0.7409632696471261,-0.6987160607686497,-0.7256536377129993,-0.7051538079019298,-0.7077495142643941,-0.7507981781957791,-0.7985542857903536,-0.812309428704469,-0.8127075053840404,-0.8018780800605269,-0.8092022991365128,-0.9713343489935903,-0.9728959662099006,-0.988399312777342,-0.9885534756736261,-0.9075783240838224,-0.911121850940698,-0.7660755600696874,-0.8285273471884462,-0.8447916070448832,-0.8435520849318614,-0.9654110052313389,-0.9668936163949012,-0.9599318926487002,-1.0792610042722377,-1.0792610042722377,-1.099246783590646,-0.3810758119001453,-1.2650474326174872,149.97280227272725
2021-08-06 10:00:00,0.20791618643162085,0.19819384310575816,0.17921823420743715,0.1695958730565146,0.09020249067952815,0.08721216125043516,0.05646469572574082,0.06953961099034989,0.12554404743987818,0.12443435731785976,0.1867643173364906,0.15009969585160787,0.14050902170246835,0.11923958373177723,0.14414009197177405,0.14092726145154444,0.12011977336315678,0.13175876351994786,0.15402641894434838,0.12180872268013379,0.1272927192464231,0.09963056008614327,-0.031793751413552444,-0.030761161036977756,-0.034888793601108026,-0.036137756973523505,0.19849055803534435,0.040081989510730665,0.12215197068753926,0.07217038396744882,0.08323429503569911,0.07687968330810427,-0.033610473705235865,-0.03257964860125328,-0.030527936607334598,-0.0931230055651408,-0.0931230055651408,0.0429176564480412,0.5272444041972723,0.6340542211427584,211.79702700729928
2021-08-06 11:00:00,1.6478001508379043,1.6974730294986633,1.6930750387045406,1.6831786444155834,1.6026204523815981,1.689532696064921,1.639974947221763,1.6814311128245456,1.7265311171031872,1.726960863573708,1.741070584681682,1.5464753949467802,1.8310410470138103,1.8002099995778302,1.814111873769289,1.8242158498004475,1.7872973994335948,1.6137141108940412,1.6563822759587774,1.604085255951738,1.5808514091404504,1.600709471941907,1.2699616994495497,1.269275653113538,1.2826494851425434,1.2799309725090091,1.5205154497519158,1.2428827507115872,1.9091315528836819,1.8821364175816264,1.8910790627538252,1.8881746412409317,1.184832183734146,1.1883575180696806,1.1837187138584857,1.1964420696672164,1.1964420696672164,1.8026705121437645,1.234648378267026,1.176362808433917,301.6069667883212
2021-08-06 12:00:00,1.617443940042414,1.6213373011680063,1.623357498807707,1.6229930615872297,1.634997659130211,1.6012786705647681,1.6155632449541537,1.6077314511315284,1.7587512602606972,1.7569543264617573,1.7744755216794648,1.528441956281125,1.884374767650382,1.8842040636256352,1.8871514635417883,1.893101458191499,1.8759689570163127,1.6031679838760062,1.6067917084179093,1.603070835055379,1.6000164892180742,1.5698049741538458,1.3351494714111867,1.340508334502663,1.349919427213868,1.3488207923936124,1.391777361494386,1.2690350475606924,1.970711443340267,1.978283423260893,1.976971988209046,1.9811536666744232,1.2474571910232768,1.2477982192847308,1.2420942433826607,1.1795850098602585,1.1795850098602585,1.8905976834648859,1.3361932587800605,0.930712625111653,296.53171785714284
2021-08-06 13:00:00,1.2466937389485166,1.2498927964260356,1.2437990148983118,1.2436666933352902,1.305141723012142,1.2382803370754918,1.2323200516337476,1.209712644048463,1.2659480481266319,1.2738439792717409,1.2473325699120859,1.173853447479471,1.3163653602672056,1.2942690934177878,1.3154840614921206,1.3171457002726776,1.2779516518784522,1.2347688404492663,1.243271312440479,1.234170031316002,1.2321640407930847,1.2164204790657354,1.1511948119779285,1.1514813238836907,1.1628591583039638,1.1607958847759738,1.1765477793207952,1.1248081346819903,1.374119473058007,1.330188032858531,1.3385372334447616,1.3414258938658572,1.1005035834367758,1.1001948096400724,1.1016307361208018,1.2470132490880939,1.2470132490880939,1.385644119282399,1.2767750157975568,0.8833550083870954,274.3422811111111
2021-08-06 14:00:00,0.8173811982919548,0.864427074021817,0.8397389142152092,0.8327992667891468,0.3531607257288618,0.9283534710951679,0.9655244428591502,0.8378417952113053,0.9605261421060624,0.9609603909504314,0.8142945286480505,0.9489951580708335,1.026534827956366,1.0411510944917657,1.0563578652030046,1.0153341809424126,1.0459703173988537,1.048320008884289,1.00495790060851,1.0039561955009617,1.0509246869440734,0.9785591209015304,1.1012172380242573,1.0652304447717722,1.0535909874990226,1.0964073883497398,0.767771135138799,1.0809487218795866,1.0811411996194817,1.0630357338361802,1.0722741854204074,1.0690155225678877,1.1337776351332687,1.1337311036010906,1.13155464237024,1.120585300535902,1.120585300535902,0.462699769686201,0.8052777415387545,0.24930346660146366,252.01857372262774
2021-08-06 15:00:00,-0.36010914988788906,-0.3712463985192983,-0.36493394798706696,-0.362186863456279,-0.36395996217372195,-0.3020905194785425,-0.30941607815209404,-0.3062220514201781,-0.4330560291112531,-0.4341062736707788,-0.3998691259247564,-0.2532182295052598,-0.39283316052931616,-0.4251091974772073,-0.4119179594716288,-0.40543390537848967,-0.4599463132600152,-0.27667052612254567,-0.2802853558306018,-0.29390149867956866,-0.28171877501779324,-0.26595966370554824,0.013443290211435602,-0.0009398637483072746,0.012846486621182833,-0.005449392927961105,-0.44528456507942804,0.04784850569410663,-0.4440253031589943,-0.5172919929454199,-0.5238843547824493,-0.5264674756284276,0.08819056694079404,0.07028413280972233,0.06869507665174722,0.18501848124968182,0.18501848124968182,-0.7146205538287997,0.26575675611904886,-0.22417721800932436,178.4154087591241
2021-08-06 16:00:00,0.1316585850776669,0.13513467930419096,0.13589008028037888,0.13506805079140755,0.09947322542493146,0.3273231477542371,0.32572779534012153,0.2909865690220098,0.49266828366643506,0.4923154910953926,0.465616499653676,0.32821625586970166,0.592777827721436,0.5843287871845028,0.5862034799198542,0.5825474926297626,0.5817447300682714,0.32583362055253784,0.33037427740812686,0.32968523854567167,0.33831892551395376,0.323211470895946,0.2861783578478975,0.2874725242417087,0.28774243129362,0.2894033838235014,0.23616644089819078,0.2891008754032463,0.6054700887592187,0.5974952534956963,0.5991828559245965,0.5876167905293112,0.2815124788275234,0.2813174090901746,0.28178872231360536,0.08387612240792773,0.08387612240792773,0.06530505305936413,0.2273823982151725,0.4897801322046296,208.27185766423358
2021-08-06 17:00:00,0.2138125267273455,0.2132983686620803,0.21258509502170486,0.21204662344246403,0.19144418945640032,0.4128217299636291,0.42013430241633243,0.4239845784100327,0.5344045711617763,0.5343629923717826,0.5337369265180758,0.4532757835647608,0.601692056625421,0.6158597914335688,0.6126539101237601,0.6012144408640926,0.6178234127094323,0.4466742616922859,0.4386673318704197,0.4470920137017313,0.4526677827543864,0.45266659753817634,0.37719345357677947,0.39769089183832385,0.3767607350617385,0.37858610112144375,0.29346750846868463,0.4071688209917968,0.6260011328045145,0.6326841025855922,0.6326397360438408,0.6320786006215955,0.41456316527497034,0.4103736758634581,0.40942064396863426,0.41258878864362786,0.41258878864362786,0.16733799797126833,0.24381783475448363,0.23821643504939397,212.81695942028983
2021-08-06 18:00:00,0.30109004564333963,0.2956765945064531,0.2962937304542083,0.29586787847177565,0.288850865454285,0.5257197616302003,0.5286172806142536,0.5282884512782399,0.6680108102993503,0.6680865763273898,0.6634920081229475,0.5645344738000293,0.7958066571406455,0.781168337423712,0.7994010937427154,0.7920168472395764,0.749376956779347,0.5699016874180111,0.5734138678713234,0.5752532900496352,0.5743552881107796,0.5754071149563965,0.5324860618036941,0.5342525647327471,0.5330233866598989,0.5418164868597031,0.34247712602442026,0.5352851949104811,0.8270054220504947,0.7870829703141554,0.774109448152748,0.7744586740138604,0.5471122108201789,0.5437827085004495,0.5456592436314838,0.41258878864362786,0.41258878864362786,0.2666678202436415,0.16811462180547743,0.5758696401269238,217.77277797833935
2021-08-06 19:00:00,0.32515516661491006,0.32208412159036776,0.3212988941829677,0.3212444428851048,0.3117307031837719,0.5816146664836698,0.5870667443805587,0.5986334220024865,0.7139689238416382,0.7145418004808199,0.7251010488604234,0.5773453319349785,0.8430577134098429,0.813812207909569,0.8378156240745892,0.8421104524093698,0.7877568402344424,0.5831036742623336,0.5935345599864053,0.5940396344990688,0.5994689614351395,0.584767186812498,0.542916882222761,0.544207196221236,0.5526075790085284,0.5475147262799733,0.4127232326346642,0.538962846364863,0.8840673595636892,0.8154506390803493,0.8180580130635211,0.8163018208860173,0.5205257287346979,0.5205750787138754,0.5189523416351762,0.41258878864362786,0.41258878864362786,0.28720191654871763,0.47092866286059326,0.5696434527935405,219.32638856088562
2021-08-06 20:00:00,0.5004654023837894,0.4997221592491154,0.4980581394068331,0.49499278163678606,0.47943109866744726,0.6965868313286472,0.6975973025754811,0.6998646398841754,0.8233949049825773,0.8242127470100672,0.8178521318162267,0.6698208575463261,0.9303189487649342,0.9017264888930177,0.9295845312596519,0.9318402086983874,0.8677565744464424,0.6836038683112036,0.6846588306636916,0.6836808718712155,0.68097482888411,0.6833319230460564,0.6537647619255631,0.6541488727644726,0.6577202160340636,0.6595116031448538,0.5827936634059047,0.6328869157164455,0.9700204792771127,0.9021882834739874,0.9000871435428062,0.8995769516648634,0.6363452748418399,0.6509507708114664,0.6358403808362402,0.640159096037573,0.640159096037573,0.491084958583574,0.911285110023727,0.5700834742186939,229.75519151291513
2021-08-06 21:00:00,0.592036665746665,0.5888738927234363,0.5904401931362165,0.5899361595292568,0.585361990881179,0.7438262263004665,0.7475844072422088,0.7472231666480684,0.8489790574423738,0.8487351110680349,0.8485023284222655,0.7114593921884563,0.929239845988425,0.9174572526225241,0.9339984012942073,0.9295698635248852,0.8958548508966985,0.7081841830346272,0.7157097541070023,0.7132046513921274,0.7161342109497655,0.7220064134688895,0.7670173585472281,0.7688517363023317,0.7763656165637975,0.7753355024994976,0.6425956527144991,0.7521967541816348,0.9727128501141443,0.934112973003783,0.9310350476504541,0.9310372049290583,0.7232398980853857,0.7282736784635135,0.7286013109170683,0.640159096037573,0.640159096037573,0.6148051639937112,1.0908969060388638,0.286957709137485,235.29980545454544
2021-08-06 22:00:00,0.08718660964069101,0.09290963772538526,0.11354370774273184,0.09962519631469392,0.06296304758448608,0.3234540389193159,0.35370177809249886,0.3000468531336772,0.28948131739462796,0.29132706728385177,0.287012530353333,0.27137352104110335,0.30202156834749744,0.2813994332270596,0.31238955658419365,0.2893508044933845,0.24928440333182977,0.2413324465722681,0.22322913022949098,0.22507714261111456,0.23661362037003073,0.26265326774289854,0.16830107747155323,0.19524210106857465,0.1703777645541856,0.16971412272310493,0.2411703743720389,0.19958167694356765,0.29330398208286157,0.2314246380694536,0.23950527378084452,0.24581380388972604,0.15642202758635895,0.15781650875541373,0.15470464074023277,0.36201760922275034,0.36201760922275034,-0.03830040599380069,0.3608852817633784,0.16676073221679882,205.93338260869564
2021-08-06 23:00:00,-0.5152655985019192,-0.5094523504933978,-0.5115021664257688,-0.5141387295991889,-0.525277370417806,-0.29673857801180925,-0.2803691177763581,-0.2766598546369692,-0.4398850723314822,-0.4390811604453319,-0.405036139287,-0.22272105582839835,-0.4305797552503182,-0.4722575942414401,-0.4318760976094691,-0.4361815907678334,-0.515360421039323,-0.260358264265916,-0.2539333124335844,-0.25686257429305714,-0.24952749767378218,-0.262862321139944,-0.6742929448387889,-0.6725049943094512,-0.6865257350927656,-0.6851842888533217,-0.34005039346305554,-0.6165107921656445,-0.4750795321485657,-0.5736326661096095,-0.5829307188754155,-0.5795586782274594,-0.7167836635343287,-0.716514458830973,-0.7119672070951264,-0.674691568905224,-0.674691568905224,-0.6941369405466,-0.7978340667923981,-0.18638269659549248,169.6178783882784
2021-08-07 00:00:00,0.4283106165675083,0.448674039103753,0.46038172346563966,0.4614353737008595,0.18619872355742967,0.5170534098548726,0.5164487561478968,0.4807222179603595,0.5629751211289116,0.5623150666703749,0.5231411293138836,0.47598052504839444,0.5979298095501093,0.5768796999178061,0.5952109079192248,0.6018741948612951,0.5411881410459944,0.43602772022590003,0.4663464004381732,0.4721294909435445,0.46270307165197916,0.4622594510240915,0.20748659540426895,0.2141906237164707,0.2111047925678421,0.21267707547283304,0.46628916705686685,0.20600665454570155,0.6146332930731402,0.5578239272951127,0.544496674878693,0.5540701310450252,0.08523944004057993,0.0949951098742288,0.09459167197268231,0.08387612240792773,0.08387612240792773,0.35893757562384004,0.4835128708667202,0.7709242602611406,227.3207670289855
2021-08-07 01:00:00,0.45103639272388674,0.44613558887492744,0.44788151992795333,0.44697521662568757,0.4132846716111596,0.480205003993093,0.4819590667192327,0.48609269124587007,0.4967177672544189,0.49660848380232886,0.48941219431254035,0.5450030221594041,0.5431999641875405,0.5248076368947274,0.5367237495979656,0.5423656922358107,0.5048586616186506,0.5360210546591974,0.5417553790374198,0.5369480499772884,0.5373126349205708,0.5523395756756427,0.635193906377162,0.6336611987200803,0.636352856036833,0.6373855471165065,0.3862861892506472,0.6229686515942603,0.5611288556184321,0.5158788432548873,0.513729009516985,0.5133793743102,0.6701302613727901,0.6694458802987274,0.6666748668786127,0.08387612240792773,0.08387612240792773,0.435072033696031,0.4641994002193427,0.7451661419790352,226.81722608695654
2021-08-07 02:00:00,0.2984566104533479,0.2932224639097727,0.2974500975246335,0.2965939342066717,0.23163313605186736,0.26955024902690955,0.2796675202696109,0.2818819869532074,0.26764846989570834,0.2693261111245318,0.2586938966648022,0.5450030221594041,0.32553630989646676,0.31022142605242553,0.3224074081319579,0.32047021751786353,0.29896950179902043,0.5360210546591974,0.5417553790374198,0.5369480499772884,0.5373126349205708,0.5523395756756427,0.42615671051224185,0.42214627214413186,0.39184355938226223,0.4262250529938459,0.14572317595202045,0.44888039187805945,0.33120560858455905,0.2910968492080646,0.2917769249416631,0.2897112276875546,0.4417344700632303,0.43947965663727295,0.4402555527892575,0.5895879166166955,0.5895879166166955,0.25811239492833693,-0.1598135147596317,0.6598522193058275,217.74822452107279
2021-08-07 03:00:00,0.1495525847612976,0.15069120492671428,0.14917231932873815,0.14964271107761842,0.23163313605186736,0.06259710864941787,0.059458783009593334,0.06042446285763102,0.0218882871419884,0.02191052856175351,0.006810843131401569,0.024310037208046326,0.06958590496190993,0.038813481898474854,0.05656953965196088,0.0644052824190879,0.025961981746830037,-0.01921031305313222,-0.01464849080080484,-0.01769025984335482,-0.01901307703036105,-0.0021337317667390557,0.22139309005603364,0.22780212036305242,0.20184846406906565,0.2229556665475859,-0.04157725863641899,0.23798299890243743,0.05843751326946982,-0.00799686995899338,-0.0035655330901137442,-0.002986497635514433,0.26735530067537244,0.27787129748035816,0.27866463264025043,0.5895879166166955,0.5895879166166955,0.08052821628239852,-0.5410510336857248,0.4767336631422007,209.03712164179106
2021-08-07 04:00:00,0.08153577110553674,0.08102149181348284,0.08129112138679166,0.08221501326022086,0.053335790189324384,0.09987390522036163,0.10221758237072877,0.10039474824757146,0.10586936579179486,0.10597068663807134,0.09831629809898527,0.135886991859598,0.1631894099682421,0.13179711901454594,0.15975003173235713,0.1592098650858782,0.09786207234063363,0.09241846753161241,0.11958420115978735,0.11761103890780361,0.1111211671613249,0.11691040879408413,0.2459487740827002,0.2420838657746485,0.24540158674883006,0.2453141880647213,0.02622905480913349,0.19671742423227434,0.158839449655816,0.0783397491805735,0.07495037140490331,0.07354869055809676,0.2139213763739547,0.21175096560380252,0.20996401271629797,0.23558966067055842,0.23558966067055842,0.00535324154732855,-0.38161039390520773,0.6890708775376125,205.07896119402986
2021-08-07 05:00:00,0.19180788739242896,0.19199793239543744,0.19259984382036976,0.19352806032671152,0.07778018929565655,0.2627051859160659,0.2719988448000603,0.280453351959508,0.23428702772797658,0.23486693556827895,0.24407934570664905,0.29213542551990607,0.2825915480403617,0.2600638355540507,0.2795612362063673,0.2764803630122899,0.2416741990884385,0.29273302517735517,0.334918771946365,0.32890464544719644,0.3552958124593338,0.2803300876541397,0.3146123287833507,0.31523478572858604,0.3107305044738278,0.31165726412805606,0.15587645622979537,0.3187696164915136,0.2817301899124843,0.22878139131140227,0.23120204427777408,0.22889421907900653,0.33327493467121827,0.33222785414188816,0.33139882059742043,0.23558966067055842,0.23558966067055842,0.13727525883920055,-0.1772264193485832,0.7203528601771945,211.58729003690036
2021-08-07 06:00:00,0.20005717526734473,0.20486590489277065,0.20483209881900843,0.20305865221050132,0.19169117057177446,0.10418676883398796,0.10278207313250202,0.11220847342658563,0.050550584588624,0.050670686879683215,0.01794861744784746,0.18834100558320727,0.05496680085139001,0.05283529383551074,0.051354713091424614,0.05466496896375311,0.061462038448031706,0.0693623558443168,0.07526970460958442,0.13940725816465843,0.06934115787677901,0.17835281648406948,0.27050217947678423,0.2723846323188887,0.3184769770822046,0.27139874673403747,0.0275814020022647,0.26832855245144943,0.04593884395574813,0.03204879370818522,0.029622361938319488,0.027305102960776706,0.30714738540147807,0.3072759558270344,0.30602870114697434,0.286160840091435,0.286160840091435,0.1484862436887225,-0.42917019951629787,0.4974906081644067,212.42182710622708
2021-08-07 07:00:00,0.04585893209457532,0.04682365407698948,0.04510804715183014,0.04660424991829717,0.03128749017437484,-0.08515229279494906,-0.08495138752784541,-0.0858688690061436,-0.10054685657201351,-0.10102801477824687,-0.10481250323081963,-0.08969205414200575,-0.0675424466450822,-0.06361256063535829,-0.06961456009616504,-0.07136362540727793,-0.059449002946446936,-0.05447851566839732,-0.08585351427338941,-0.0635438434083351,-0.05839657667476523,-0.12021728415195608,0.049804081370275866,0.05480909854102237,0.05511223429035583,0.0492034208067881,-0.19428379257434758,0.06856030280696508,-0.08498897095433224,-0.08827310585133946,-0.09408625577912873,-0.09334840379706104,0.1137305369721749,0.11179169682018635,0.11397897570775394,0.286160840091435,0.286160840091435,-0.03396570926901298,-0.692876143321045,0.3744707846047571,202.9760082733813
2021-08-07 08:00:00,-0.12559184983349686,-0.14804163896307207,-0.1480899499008602,-0.15393043913605356,0.09823045002584377,-0.21265231386425948,-0.18696411720930586,-0.16305466678215091,-0.19722604257284287,-0.19655822729407882,-0.13114988071200867,0.04145472250823372,-0.16434686925716344,-0.18625585856232038,-0.17835097055847127,-0.17629957802547386,-0.18865185608365637,0.025247329394618243,0.002626117377617766,0.002578711339098614,0.05564235531521364,0.04482122157744135,-0.36624131463543785,-0.3729316603399846,-0.34589297405358177,-0.35116988308384645,-0.21818573023868607,-0.34968863106982134,-0.20074671809930195,-0.22792913276840476,-0.22860686472221214,-0.23095698825148053,-0.42963384639736063,-0.42985944427119827,-0.4271053108512862,-0.27012213353820935,-0.27012213353820935,-0.3054080692125718,-0.43092906821364796,0.2730836815388418,191.64587335766421
2021-08-07 09:00:00,-0.6239470635022648,-0.6997061623744985,-0.7124079335371574,-0.7070605201546775,-0.6246717116725403,-0.967038773354486,-0.8243383532819026,-0.791473095925236,-0.8784626894694526,-0.8746002291739284,-0.973962849646436,-0.780702974980453,-0.7303409345352521,-0.7861061380099524,-0.7173934333004123,-0.7440967848202095,-0.8329107886628678,-0.8679125308552367,-0.8420681393895426,-0.9043807212533043,-0.8763434522804773,-0.8767242022745771,-0.917300375017591,-0.8903566463708728,-0.9253349489995472,-0.9272531537779015,-1.1078233983096244,-0.919329465355261,-0.8041579518639819,-0.9218415918608354,-0.9180081627261523,-0.9260848772670509,-0.9043250838799006,-0.9204787816831651,-0.9149698486340515,-0.9359759959130877,-0.9359759959130877,-0.24964841380095226,-0.19386193739582633,-0.8235750942285002,157.01918036363637
2021-08-07 10:00:00,0.3723493575394497,0.3806505150364026,0.3795948025624912,0.38471482125618767,0.1601406904262018,0.14774842805760516,0.15024524383810656,0.09339959843455412,0.2629869011037279,0.26609948011198364,0.1870487316539979,-0.036599144650999026,0.3411757528255696,0.3081616219610918,0.33765947824440024,0.3367363533138401,0.2747674517152938,-0.061555855044766024,-0.060039719420271226,-0.03577355949682658,-0.061878518440880756,-0.06613547074730562,0.2361382842576756,0.23651978516912708,0.23700803304456802,0.24980680966493124,0.12785909843238344,0.2104407438992117,0.34374105714653846,0.27886674954065716,0.26598535620823627,0.2675616147280325,0.28482291210023075,0.28495883556068274,0.2872772597420037,0.41258878864362697,0.41258878864362697,0.18132561568472388,0.45182707820872436,0.7253287068541248,223.84978644688644
2021-08-07 11:00:00,1.0147430061551885,0.9720152716701078,0.9644043429491032,0.9653529422858943,1.2003151800136473,0.9371727521342555,0.8452262748547237,0.906597900894896,1.0866196328394413,1.0822230986996242,1.0278547093519652,1.0618566812006616,1.079873575770601,1.0648770700979568,1.1001550342952786,1.0949060401107198,1.0249005610381243,1.1030089088290724,1.1354564821852702,1.131321687813756,1.1302821179704778,1.0961949796105472,0.865670430693069,0.8650028229623887,0.8741391213223154,0.8720955680220944,1.007457697685944,0.8447300098242312,1.1248568517207709,1.0753862459604484,1.0659992831876814,1.062819262219726,0.8401638495654717,0.8389305327479393,0.8359081380476646,0.7918726343002018,0.7918726343002018,1.0110907344474631,0.9014364050368264,0.9586408336374953,257.2449210144927
2021-08-07 12:00:00,0.7687399029517455,0.7732497467163633,0.7647715581801903,0.7762836821251362,0.8062235444377445,0.7850266294301163,0.805132510120835,0.8498377059443574,0.7383846821196017,0.7402122605611536,0.7849131129559255,0.7571850529984948,0.8121909032186442,0.7958156385164382,0.8281797395316293,0.8213159200499539,0.7564763777623922,0.7632156327198459,0.8005164984139793,0.790565816429001,0.7635073978125901,0.757482618669736,0.44401093611340475,0.4389197013816414,0.44138891464481034,0.44697589253389625,0.6082712717218589,0.40732284346029685,0.8563871280761526,0.7828714319643947,0.7830487725372877,0.7831982523480013,0.3304538876583589,0.3149512188610675,0.3304317153525806,0.2608752503809972,0.2608752503809972,0.9494817169843324,0.1357311481018046,0.8446437964504001,245.83421459854014
2021-08-07 13:00:00,1.136204598187378,1.134035333510822,1.1442283121098809,1.1279166811115204,1.1729176213310564,1.2612348263274458,1.1653344505591663,1.2161953676135386,1.216481221176913,1.2211464220544506,1.1948465988112533,1.2584977749023913,1.2873690488544,1.265066767932707,1.294615834807299,1.2995192489107354,1.24277654315539,1.3072290260524202,1.3012581054339094,1.3003190848236221,1.3406718003128593,1.2841241853172096,0.9884179084426795,0.9876269346774704,1.0248786495013102,0.9706612616497308,1.2241066440096144,0.934959055235125,1.329305903327225,1.304537723433177,1.3068455123884761,1.2898614033351659,0.9334561495754979,0.9339918060515042,0.9241338835724603,0.7918726343002037,0.7918726343002037,1.1446498401940481,1.0570544950715166,1.1288841659451578,267.8271351449275
2021-08-07 14:00:00,1.4982257911125112,1.4925576735870008,1.4931968621083882,1.4934021975576957,1.5177959785921165,1.6877353780883246,1.6917832976241804,1.6858804139660313,1.7681665580010475,1.7683418413239707,1.7853179795862568,1.5958171165399377,1.9345957705182855,1.8729488779466616,1.9360188650920782,1.9422666535801127,1.81060559475528,1.6527207050273214,1.6641503790758165,1.6639697059316425,1.6589880557432595,1.6580269785638717,1.299533793106866,1.3016775663223639,1.313173409373273,1.3129560018973283,1.4646810030278112,1.264620415059226,2.0212915725641207,1.9079355035796488,1.9127692008355164,1.9143970021913448,1.1627826111045236,1.16247014573513,1.1561518809034865,0.7918726343002037,0.7918726343002037,1.7127333474344137,1.343171102355265,1.0667787461705918,289.054810408922
2021-08-07 15:00:00,1.5284651066589343,1.5222622924370122,1.521104717266077,1.5216493772764212,1.5505135386908508,1.7196368450887565,1.723282735040708,1.7237471275736977,1.7827986018406947,1.7824325260717242,1.7929317373852764,1.6352729085220437,1.9475414669488673,1.9044265674963161,1.9491450646812305,1.9577195127959321,1.8603011019759896,1.699628285781408,1.7013104629653122,1.7017534575451905,1.698521467140671,1.7001248612310285,1.3628387635173742,1.3657370081070905,1.3796732253221904,1.3781306209059487,1.414525883684357,1.2909738520252163,2.0391060470463844,1.957277717672469,1.962643974671746,1.9665262287162373,1.233726365136377,1.2304063352879435,1.2259483420491315,0.7918726343002037,0.7918726343002037,1.7257125438019687,1.273808180121819,1.213501513442952,290.7784594890511
2021-08-07 16:00:00,1.5119681460511307,1.5071447421598652,1.506239176213354,1.507502503347338,1.5289387742720069,1.6873593294553069,1.691879420643268,1.6867446142545455,1.700535060356279,1.7009423033504618,1.7000807825809903,1.634660102028864,1.8378295380862186,1.7971593390374534,1.8385924848494857,1.8464123206334855,1.754051143225404,1.7001700925984307,1.707118528035322,1.7016296016238723,1.699303829892466,1.6982643143579659,1.289538191511081,1.2915784455402892,1.3035272923296242,1.305065660422278,1.4165434686963694,1.2441507730778627,1.9248558945843341,1.8487111925154398,1.85092953437191,1.852325119409328,1.1500729177150635,1.1531996697183071,1.1627336926856373,0.7918726343002037,0.7918726343002037,1.721852906235534,1.3024620537041456,1.1497465208355373,289.85351544117646
2021-08-07 17:00:00,1.4691245971270768,1.4629196361430319,1.4617743626200943,1.4620446984834268,1.487575841600468,1.6297380082933235,1.6370895189538455,1.624535049945394,1.763971893428753,1.763524184724868,1.7718970953466937,1.5678126805210346,1.9524096394005104,1.9187710366175288,1.9577911248988678,1.960205650520712,1.875045443674357,1.638584108191888,1.649003694996172,1.6491559677777488,1.6400912650749044,1.6409795319431653,1.2795425899152961,1.2762837620966956,1.2892060116314372,1.2885524889841056,1.3119804692369044,1.231560570166725,2.040679939226408,1.9776788745917482,1.982373854049879,1.9856523536285333,1.1665448571546668,1.170119350602543,1.1641508453766571,0.7918726343002037,0.7918726343002037,1.6467478802340014,1.2690180365492472,0.8616227448598254,287.2162858156028
2021-08-07 18:00:00,1.4802970699134175,1.4748027526842655,1.4758019828648623,1.4762944385440882,1.5003659391082178,1.6479439412846706,1.6514614258057716,1.6503946969734287,1.770508255629327,1.770692963783933,1.782750614320277,1.6057952522802543,1.964035923213703,1.9260315992075259,1.9660120120400564,1.9734481220950688,1.8731502625228453,1.669026725843937,1.6718821926156837,1.6715854445084817,1.6689719893979185,1.6703169312156914,1.3025765271488658,1.2943180684550664,1.3068894101028208,1.3071106518183653,1.3110581518923985,1.2570079834752355,2.052487957744692,1.9863624339818229,1.978276275581133,1.9803202468605803,1.1895663008455932,1.1882048512021852,1.1955023892176921,0.7918726343002037,0.7918726343002037,1.6902218596867047,1.301613010471087,0.8143242317008916,288.0563539285714
2021-08-07 19:00:00,1.4515377382100545,1.453910990901478,1.4537583484182124,1.4539626682951852,1.4505037631775304,1.6048905717978483,1.594026505637008,1.5715343157219528,1.7699268610697059,1.7703809997334694,1.776342715498794,1.534165092096035,1.948035489822621,1.9122478592749146,1.945370818624871,1.9566155089613966,1.8795587532880846,1.6000861032488791,1.5962595103695096,1.597579868119297,1.6016211803560312,1.5947230928469671,1.2114290971200912,1.1960649705721986,1.241911685215534,1.2224139886805157,1.3332430407439195,1.1838055279166335,2.0416358982048157,1.9774776894664847,1.987926880584009,1.9873732836715712,1.097000767457692,1.0915514290678319,1.094819271193732,1.0952997108254632,1.0952997108254632,1.6581726432548614,1.3079772959644438,0.8599837918376434,286.74911547169813
2021-08-07 20:00:00,0.7464267239271702,0.7345584807392815,0.729651926797945,0.7310307924455398,0.8750956869116239,0.6651470019848315,0.680150708639627,0.6898498743854852,0.8833296139982314,0.8794152485780804,0.9545115162169621,0.6912124726722876,0.9328526272467906,0.9124322224967808,0.9279361628841902,0.9387586980815106,0.8914865286046083,0.724771608303974,0.716787454506478,0.7186053293809647,0.7244358609430943,0.7267727405368571,0.9469387569295019,0.9491289853910736,0.957445129065545,0.9568315537076644,0.7721737366281327,0.9386541626445808,0.9804576078248093,0.9180779064602699,0.9266377716669034,0.9311417462606859,0.989335927915718,0.9903475712629667,0.9820275586335182,0.9688717622732713,0.9688717622732713,0.8298400905304809,0.8153021734355679,0.5611889769477886,243.7457542124542
2021-08-07 21:00:00,0.608956145169416,0.5972712485145459,0.6012589944329105,0.6035855467645225,0.5764829283705412,0.6681140192984679,0.667670555109783,0.6730241152225791,0.7691666676475556,0.7680852378333974,0.7658125249011677,0.683464337999099,0.8048276263833649,0.778603474645386,0.8001459744237795,0.8048059395162357,0.7493348754959044,0.6942285637870089,0.6980032024830382,0.6967114653209495,0.6972842545908525,0.6861580377775484,0.7942242315837793,0.7940423477308436,0.8006537852457726,0.800850926807999,0.7376297615916366,0.7610429498512352,0.8378185744281286,0.7713414192672087,0.7688966673440778,0.7696852348649197,0.7833559317858502,0.7800039543047872,0.7774645412253834,0.640159096037573,0.640159096037573,0.6173296572529435,1.3024793265435446,1.1328748351481448,236.00937653429602
2021-08-07 22:00:00,0.6032198499118058,0.6022766637031789,0.6029754423950437,0.602930711811067,0.620657478698631,0.7490412405827596,0.7551208989173522,0.7547958992900974,0.8459584528561647,0.8459248675953683,0.8517228152264461,0.769168884421151,0.884203630405424,0.8568911711716239,0.8829616667382499,0.8864921683139224,0.821503656293182,0.7954294833405134,0.792645693534983,0.7910903622928703,0.7927220586636563,0.7847387139022296,1.003000361258519,1.001657706040595,1.010934539029441,1.0105037118108027,0.804475080232633,0.9763506831195569,0.9193600350218198,0.8612615795408732,0.8542120050517524,0.8563393883824665,1.0384400159513596,1.0378773736414313,1.0336948528675949,1.0447285314045875,1.0447285314045875,0.6189146805005998,1.486060152158345,1.1723444519513868,236.05717191011237
2021-08-07 23:00:00,0.7171449501772975,0.7030834315095746,0.7035999770398557,0.7047338589820222,0.7563617345365151,0.7057261204707465,0.7244623714545938,0.757771890137363,0.8882657132315294,0.8892804690756962,0.9173119762795918,0.8106059646472688,0.9196892103503971,0.9022154861370926,0.9211800423197485,0.9260300852536334,0.8759063556994311,0.7433559487576142,0.7423535102085189,0.7495552821803124,0.7397066724051525,0.8294694041615845,1.1199651758762232,1.120626321481441,1.1311957265622647,1.1299982847974144,0.829690767491238,1.0906657367497508,0.9637322846601178,0.915471059502964,0.9116862572980416,0.9126695969107225,1.1862045417709006,1.1870107478556164,1.180609723408312,1.0447285314045875,1.0447285314045875,0.750407788625891,1.618476949035878,1.1409015607332222,242.01249770992368
2021-08-08 00:00:00,0.4371593199061351,0.4365831803411232,0.44043147517555786,0.4373909922271504,0.5002754592354433,0.4045439534245916,0.40001080971564473,0.40044733374728164,0.41668004351037063,0.41684830976979825,0.39072731094596286,0.48335320166262097,0.28766429464171295,0.3102128739755289,0.28218824923516744,0.2851614744784886,0.33912621643153046,0.5036626942038124,0.5037326522034519,0.49897376538823474,0.46779335574226083,0.5007111072679623,0.5487471434575066,0.5820089239725684,0.5854433047251137,0.5859959119485797,0.6386671943252629,0.5820589833542654,0.29961946234115683,0.3384618712375374,0.3374105686223019,0.3356620087492419,0.6258391503281132,0.6225661763916781,0.6195848390101091,0.7918726343002037,0.7918726343002037,0.4411775240755789,1.202712399194288,1.186012261836974,226.27876776556778
2021-08-08 01:00:00,0.26025175877638573,0.2601612732432884,0.2600638546022877,0.2633266372968531,0.3083187779116835,0.19465208951302454,0.19484800775141534,0.19417263408253177,0.1694815838402284,0.1696756619430594,0.15277932904061947,0.24867770715966114,0.04960211530815002,0.05126284281903386,0.053331190312101644,0.04555752190902052,0.040957241516339435,0.15473837259574227,0.21767862364371954,0.2165302795708189,0.16454435877096835,0.2346751633568287,0.3486850256090318,0.3515065912424908,0.3502785115402836,0.35052957004444013,0.4899340828662244,0.3483748805237157,0.03971819347077557,0.020114085629528964,0.01686862583439194,0.014273100454340088,0.3814900813800336,0.3818518795315846,0.3800062700650243,0.3873031989331891,0.3873031989331891,0.21681900820403535,0.889038188694827,1.1185781834115378,215.7118783882784
2021-08-08 02:00:00,0.07241495129527062,0.07532413521635403,0.07402720385004145,0.07503332608778225,0.03128749017437484,0.039186333080251545,0.03182371600044346,0.03140535653236065,-0.01811226469191559,-0.018124444509895542,-0.02656631277598596,0.24867770715966114,-0.0992733106947595,-0.10013033409387725,-0.10523732562044791,-0.10326695833071908,-0.09918082448925214,0.015030939251812564,0.004065245092516104,0.006204566145847277,0.16454435877096835,0.2346751633568287,0.28361153249672794,0.28854284732598495,0.28924590139527745,0.2873985632694819,0.21831113586929113,0.2962552470239401,-0.12059067468621162,-0.13640601959244805,-0.13603967648838428,-0.13487353885877115,0.35139976327586886,0.3525508873695154,0.35175199967697157,0.3873031989331891,0.3873031989331891,0.019459327445131413,0.3557305720543346,0.6110395947492272,204.6811820143885
2021-08-08 03:00:00,-0.08112648726986377,-0.04669619377630839,-0.04601996903343724,-0.04068477164329068,-0.2443049164989542,-0.06983306326267608,-0.0820212303415822,-0.11275281592062662,-0.19806635966051436,-0.19948957826404673,-0.25990928522313406,-0.06442564305212373,-0.2892701221200832,-0.2912992756923143,-0.29003099331030274,-0.2904938935345343,-0.2949918416335687,-0.15069855317914896,-0.20825667532664044,-0.20476565686318782,-0.16147761470270944,-0.09557672929979494,-0.07008480478502828,-0.06817474144275909,-0.07396580811092723,-0.07454116159626072,0.04001487794527761,-0.0548946495501118,-0.31467968004475905,-0.34548966843883855,-0.34728172589657896,-0.3432941093585818,-0.05390277054176997,-0.02893081519620163,-0.02868382400597829,0.08387612240792773,0.08387612240792773,-0.3387061646834538,-0.04312977870250402,0.4930169924754259,197.8303193430657
2021-08-08 04:00:00,-0.4455093117092694,-0.44265964891613585,-0.4424799705202897,-0.442513383215718,-0.2443049164989542,-0.3988207732960595,-0.3972547203392366,-0.3964655411299005,-0.5657268898572428,-0.5654932181863241,-0.5773930919843895,-0.3049632755922645,-0.6215867944926119,-0.6625195840621363,-0.6264647388600783,-0.6259216106985382,-0.7001449584904714,-0.34587746158945315,-0.20825667532664044,-0.20476565686318782,-0.16147761470270944,-0.347104855463544,-0.2883791733801261,-0.2885761378184871,-0.3000316186316115,-0.29873665614077843,-0.30904001398369646,-0.263648050592635,-0.6872495774039287,-0.7805693762342492,-0.7831250953260105,-0.784691048044739,-0.26512747027068595,-0.24896025268788835,-0.24364703132353807,-0.32069331295908593,-0.32069331295908593,-0.6309198156226896,-0.6915198628658875,0.16665242799576704,173.8476969581749
2021-08-08 05:00:00,-0.12798406835033938,-0.1139310373741313,-0.11062377103862535,-0.1159331811485236,-0.2306447084597728,-0.13187891848302455,-0.11338167264660431,-0.16003278382152267,-0.2647013993377703,-0.2644977994927383,-0.22870580452153816,-0.04991329438396926,-0.27950563350239477,-0.30973170938538125,-0.2895947987571155,-0.2900107457673904,-0.31360780104515745,-0.09009023196555295,-0.09090909349816316,-0.09314472381931824,-0.0904738342669164,-0.08252011279796838,0.06718700979893306,0.06765048994744245,0.06242038635941206,0.06425544627555595,-0.07484716116803997,0.07727058716158293,-0.3264153211240793,-0.38293303782108934,-0.3740483740450489,-0.37503366093339036,0.16022712946683007,0.16293757578881293,0.16158528628146399,0.18501848124968093,0.18501848124968093,-0.31871673780341414,-0.2094857215550799,0.4416891818544546,193.30512921348316
2021-08-08 06:00:00,-0.2678295823436603,-0.24247700963921104,-0.2495804760465675,-0.24217146293550987,-0.33111003892294627,-0.08843320548173132,-0.11090937831509838,-0.15633009562353825,-0.10758181896392238,-0.10602016332970522,-0.11249759040960451,-0.2606971783325187,-0.08519126474707577,-0.08971998370491836,-0.0793903409229022,-0.08194377372347572,-0.08813020686431357,-0.26164210176778896,-0.26451011015432324,-0.2697792913249869,-0.29469428263234027,-0.30473561812706706,-0.2657067791829993,-0.26621358280433577,-0.2981524452105381,-0.296294060974082,-0.12996671267975693,-0.23140249310318106,-0.11994419566535044,-0.1294520277363185,-0.13242635173226158,-0.12920751730179353,-0.21222885424989962,-0.2357351666451884,-0.21568342098174942,-0.37126449237996256,-0.37126449237996256,-0.5832966894895172,0.15102351387644314,0.35111932707835625,186.64593443223444
2021-08-08 07:00:00,-0.8544528597318658,-0.8503276205768121,-0.8504129925219875,-0.8497570383603462,-0.33111003892294627,-0.8853643514293453,-0.886043473053489,-0.8876755792892184,-0.9130120685118697,-0.9132973815171681,-0.9378867542706789,-0.8786166040204085,-0.7797125740241946,-0.8242757233299886,-0.7822378678597407,-0.7848484790249997,-0.8553509923292628,-0.9649687109894746,-1.006562778340811,-0.99612183964396,-0.9950257441245941,-0.30473561812706706,-0.8886173278395969,-0.9107533040479807,-0.9578820881512599,-0.9536156136759044,-1.1618926734668675,-0.916660819503311,-0.8627904737448894,-0.9605655310903443,-0.9553039759526045,-0.9534679167193649,-0.9096732789964822,-0.957873444444421,-0.9592865216514331,-1.0792610042722377,-1.0792610042722377,-1.1198739168588085,-0.7442018708270739,-1.1816537730981795,149.6437704980843
2021-08-08 08:00:00,-0.8526340443408571,-0.8478764375046384,-0.8483991520758987,-0.8475331724222036,-0.33111003892294627,-0.9295596555310196,-0.9330687229801311,-0.9382537619196718,-0.9462510502073199,-0.9464510715628125,-0.9837722697216373,-0.8786166040204085,-0.8277683297311454,-0.8715259202555747,-0.8309279814227688,-0.832423632786785,-0.9056580791312241,-0.9858560185249052,-0.9965596173726117,-0.9967686067046755,-0.9909156462977061,-0.30473561812706706,-1.0013200144646541,-1.002220862656099,-1.020296672381297,-1.0211063061173058,-1.1526980548962977,-0.9459007798087098,-0.9157281146892429,-1.0079745048547837,-1.0061003558107613,-1.0058683797175123,-0.9814508445635116,-0.9790159746419254,-0.9722533419407755,-0.8769762865887303,-0.8769762865887303,-1.1200596495345145,-0.8507098198390254,-1.1873851715206862,149.75026356877322
2021-08-08 09:00:00,-0.8509942894010504,-0.8461611091718402,-0.8481430213219843,-0.8467804364893986,-0.33111003892294627,-0.9325302563264303,-0.9314940936181001,-0.9307278396722158,-0.923311190897907,-0.9224811841914028,-0.9587344437517581,-0.9095432571391401,-0.8332701789074372,-0.8625340051912771,-0.8328213050608126,-0.8352758184336686,-0.8749627793239785,-0.9858560185249052,-0.9965596173726117,-0.9967686067046755,-0.9909156462977061,-0.9935278443231923,-1.0937009876673487,-1.095018327955969,-1.1069268571900344,-1.1155966643343695,-1.1150100509202954,-1.0311993855472288,-0.9212565079969776,-0.9840863853661105,-0.9748709892359024,-0.9768133980015663,-1.0879744702798284,-1.0900048581200767,-1.0802658161675849,-0.9781186454304844,-0.9781186454304844,-1.1200596495345145,-0.5974283902832477,-1.1671022872545527,149.80092605363984
2021-08-08 10:00:00,-0.8512732941444804,-0.8457901042551237,-0.8481183957231975,-0.8464631116096811,-0.33111003892294627,-0.9380228896390967,-0.9383631276533693,-0.9385727727984738,-0.971606052997232,-0.9713207315929981,-1.0052046194647728,-0.9095432571391401,-0.9097230754264809,-0.9444472882409016,-0.9112544909824883,-0.9132665907282718,-0.966377972913944,-0.9858560185249052,-0.9965596173726117,-1.0090385566758897,-0.9909156462977061,-0.9935278443231923,-1.0376523552681054,-1.0405044735488675,-1.0649821869788607,-1.0586535434235766,-1.0528343716832853,-0.9829794523880033,-1.0049445679802804,-1.0761147392244155,-1.0733711623088893,-1.0722695230776724,-1.025098792307298,-1.0266621002127068,-1.015948488654139,-0.9275474660096078,-0.9275474660096078,-1.1200596495345145,-0.3791730429748542,-1.1977295992357135,149.8440858778626
2021-08-08 11:00:00,-0.8378692498087097,-0.8347300984358841,-0.8362524544119322,-0.8388399683016936,-0.7958263704244376,-0.9176609497279488,-0.9162780373589606,-0.9104010908672089,-0.9445347305533426,-0.9437986018456559,-0.9675563758517985,-0.8455069304399392,-0.8528845577229305,-0.8872781823684569,-0.8569053075529839,-0.8596573964368056,-0.9139155554185109,-0.9203182759761822,-0.9278290615183593,-0.9200437477429613,-0.9236558435721984,-0.9206936159179937,-0.9745217762045867,-0.9641765182524845,-0.980256928564941,-0.9814468487195841,-1.094930941735245,-0.9182321096317291,-0.9411456409225846,-1.013801882309632,-1.0189424894599315,-1.0169767068821787,-0.9613248966088725,-0.9599564792545385,-0.9566743862393041,-0.9022618762991691,-0.9022618762991691,-0.9910039752115738,-0.5590018675342238,-1.1962363129670193,150.3999342007435
2021-08-08 12:00:00,-0.8521667647462048,-0.8458016651157941,-0.8488365241658032,-0.8473310498800716,-0.7958263704244376,-0.9171875637185406,-0.9175915532907081,-0.9175296652040392,-0.8946532893207934,-0.8944265276777656,-0.9242765610292671,-0.8949892574834398,-0.7801842418540014,-0.8141696832495583,-0.7755620427291098,-0.7817848321426275,-0.8504578808161002,-0.9875696969710602,-0.9855887087386499,-0.9987055216718439,-0.9909156462977061,-0.9724083275260695,-1.0749102259903391,-1.0912542575778033,-1.0896318423900004,-1.0903371950588174,-1.116786769464732,-1.0158077009480575,-0.8661077424072072,-0.9442790239084164,-0.9470268815642674,-0.9459942222859202,-1.0650617903349135,-1.0665071896093596,-1.0574225839284097,-1.028689824851361,-1.028689824851361,-0.9910039752115738,-0.8341051413970517,-1.153027658293417,149.79192813688212
2021-08-08 13:00:00,-0.33278968509403434,-0.3006270413635737,-0.2992528720788302,-0.29504529839292964,-0.45567709214200774,-0.31518679842175007,-0.29285598583195127,-0.22959494533113836,-0.23422656630591607,-0.23744129142563036,-0.08897032026919048,-0.21865342091461257,-0.15882480698472995,-0.19828406831217665,-0.1640687475980688,-0.15937100716571515,-0.21965667568658356,-0.2538804280791527,-0.26195020327529017,-0.26426811357516394,-0.2577310542246609,-0.25844102879543884,-0.4999023573926915,-0.5001871384273454,-0.5069802167628651,-0.5086320241387308,-0.3200919130156853,-0.4589097709764273,-0.20385980004757911,-0.2588530857868608,-0.27232578405991176,-0.2645571507119455,-0.5269931692131861,-0.5277693232222536,-0.5224463156603519,-0.7252627483261005,-0.7252627483261005,-0.4352277035840374,-0.06297677108926909,0.37874230597513925,181.29873284132842
2021-08-08 14:00:00,0.2478368863177051,0.24819885061117106,0.24738258738347704,0.24799077135730876,0.2275669227358286,0.262408421320535,0.2609363735585482,0.2512020937296768,0.34281206686507104,0.3423712517895808,0.33098186223174136,0.2723257707181943,0.33827986982052216,0.3536967309625174,0.3391560356947194,0.3368185153838103,0.3719838376821788,0.26944890179528486,0.26414404653262397,0.2609850741654825,0.26146204564522507,0.26987631554918945,0.5877516366906026,0.58691399507002,0.5913387926084417,0.59252407512826,0.29816591783931745,0.5819290883801611,0.3356491365987642,0.3639621182501131,0.37060233773362494,0.3704364931357722,0.6569016228379146,0.6598177984311527,0.6569992484251209,0.5895879166166955,0.5895879166166955,0.20470291444267874,0.21750275039970574,0.8501419570510065,214.96476629213484
2021-08-08 15:00:00,0.2498607265840255,0.24964383210978808,0.24828981253491506,0.24921101494333092,0.2275669227358286,0.23089805221556098,0.22913703188949,0.23131527867074023,0.3085070091238303,0.30774049175059853,0.30111342241454864,0.2723257707181943,0.3155588374301607,0.3153493262997689,0.31117085088657637,0.3155136906999031,0.3191898337921588,0.26944890179528486,0.26414404653262397,0.2609850741654825,0.26146204564522507,0.26987631554918945,0.5299507032834269,0.5491845119654805,0.5343402640144829,0.535094602439367,0.2582661845689173,0.5313318065802614,0.30970906902028944,0.31075899808601626,0.317040348617682,0.3179659042183425,0.6156575967475413,0.6038105277243352,0.6014583625055805,0.640159096037573,0.640159096037573,0.2131667397046044,0.10073539826667413,0.8469114062328792,215.01244065934065
2021-08-08 16:00:00,0.24883139066169332,0.24889684093954073,0.24738609787016047,0.24819223182029723,0.2275669227358286,0.2106818077670495,0.21055763560194837,0.21370163073877202,0.30656941976290725,0.3070924247975831,0.3007344605131453,0.26110861926318346,0.353444298417004,0.3365497471748659,0.35131216338415905,0.3566735528135673,0.3217827974173413,0.23897343318946052,0.24123448159894123,0.24031900415739002,0.24022923358627082,0.24331542328745417,0.3747310112991535,0.3790060054145886,0.3751820148255338,0.3765407266246805,0.20758597455803945,0.37699164214614633,0.3511280955859021,0.3153560509592788,0.3174525997986325,0.31935733198156196,0.4162479306774521,0.41465203028552244,0.4153556050296478,0.3873031989331891,0.3873031989331891,0.20776133993451126,0.012896753111506004,0.8180572151679713,214.96599557195572
2021-08-08 17:00:00,0.16081525711385647,0.17039494636342506,0.168613702139864,0.16892397321326266,0.09668022801355311,0.24760533477287622,0.2486086244000554,0.24747518356956077,0.4026067809069749,0.4024530322877476,0.3988435424973713,0.3202323550573005,0.45458465336287757,0.4593492859976374,0.4598591560107113,0.4537359532261012,0.45785056384873707,0.3071148179410271,0.3028657962288948,0.3052251262936521,0.30255584156752713,0.3108384799702718,0.334312626548538,0.32086154680552076,0.31905936101556737,0.31954837180445356,0.23654674406209242,0.32736154150668245,0.4636883700149329,0.4593620812171103,0.4652208365253626,0.4622979264468662,0.33946870011278374,0.34140082446458625,0.34091534759577247,0.3873031989331891,0.3873031989331891,0.1492523148560622,0.11682876131517067,0.9101563308163584,210.42499597069596
2021-08-08 18:00:00,-0.11983045726146063,-0.11649893549062942,-0.11672722497798164,-0.11717295696871069,-0.16312957015084217,0.14712272167652843,0.14337109081807375,0.14346854426432357,0.3043836850798198,0.30549414765473465,0.28041475804596805,0.14902586476923715,0.33071481231662897,0.32873209168528317,0.3245683058502865,0.32910448259670716,0.326691226795474,0.13742192312610468,0.1571768414182305,0.14369542912611172,0.15350060312034702,0.1281113982513545,0.15251002708325737,0.15919731773794427,0.15771065857199026,0.15390789972809177,0.156465051335788,0.14346309434597135,0.32972868799473676,0.3184482446731963,0.3253020233860964,0.3273661293462397,0.14170716302295386,0.1479621032134951,0.14145871634343526,0.15973289153924397,0.15973289153924397,-0.2597877699391369,-0.11487198052585414,0.8192814644790414,193.2663336996337
2021-08-08 19:00:00,-0.01133078829521544,-0.012455247294149034,-0.013616558456253725,-0.00959562284318222,-0.026705786523171175,0.30566066523365315,0.31202294530242936,0.3188446379436503,0.40647029661773826,0.40588956998938247,0.40538764860328,0.38147838353741953,0.45144889590907905,0.4142862889133792,0.45226313625355535,0.44960809746591907,0.37046267777654734,0.3492323482378862,0.3512684063158696,0.3507553263282739,0.35597993097049324,0.3770796338300969,0.3558107654214194,0.35808622516864513,0.3564174512336481,0.3570171500927557,0.3513226975855262,0.371857352759878,0.4588641768333371,0.3706073189402716,0.3698782519601232,0.37138067017558246,0.372781979046361,0.3726635838507997,0.37268918651077637,0.3873031989331891,0.3873031989331891,-0.11191793839344283,0.3381254342905466,1.029171105124752,199.39404007633587
2021-08-08 20:00:00,-0.025352787596777487,-0.023914321672804398,-0.02579598856732543,-0.02507172227208918,-0.08230470928526425,0.18648585075371005,0.17692200366606575,0.16522402493827426,0.2353917971237291,0.23571325439248617,0.21864339089518794,0.2187613289487618,0.3103795219528097,0.25570748358089007,0.2946813690793612,0.30870298664094575,0.2205729764887421,0.20016566320217405,0.2032656125167683,0.20296792421649967,0.20404187816723166,0.20107387286829467,0.38559705054150245,0.38694081274666325,0.3865821803211172,0.3823845443009496,0.17191326932610712,0.3833504795364741,0.3108981586922871,0.19984102592663508,0.21052282517026785,0.21033871254031639,0.45412115091336513,0.4441471841130217,0.4408364501035349,0.3873031989331891,0.3873031989331891,-0.12135165476908832,-0.04172148310855346,0.7894967909033943,198.69939114391144
2021-08-08 21:00:00,-0.04203603212804398,-0.038610583560981016,-0.03860132943864948,-0.03838325809444012,-0.09220905090455957,0.17529001112667306,0.1861416152388535,0.18457481686842372,0.24575061166324885,0.24508584184159302,0.24810359823772235,0.24988987807582472,0.31679082906624917,0.2954827654183873,0.3186511238618356,0.3197247054806893,0.27532817451243724,0.308483785793509,0.2512373605893833,0.24989804195976567,0.3111180964768821,0.2913171469936986,0.25133637296106076,0.25489726710848876,0.24277074395932646,0.2491712456473003,0.13793112070515304,0.26874317256968955,0.32141555394500904,0.2651903636820112,0.26810511284610195,0.26594378842834504,0.2979657175411658,0.283575486802168,0.28208406311905526,0.3873031989331891,0.3873031989331891,-0.16456449436352755,-0.14546148235328463,0.7919199639808355,197.87142052238806
2021-08-08 22:00:00,-0.09385892415112969,-0.09250826703929302,-0.0928988593557884,-0.09234319112373901,-0.1270382912294787,0.04762072205574114,0.055615042407484494,0.06142821579685614,0.12606822308121476,0.12616668914582516,0.12365439639362975,0.10132223626002922,0.16435744955460274,0.18181490175902665,0.17764267612345805,0.1668709830003313,0.17673109066768072,0.06913374569365102,0.06709573335810576,0.06389946130279762,0.06888388181157688,0.07594992225627817,0.03821404460200808,0.03720788181918446,0.020386825968935297,0.03575873252449983,-0.04049848084051612,0.058711081632792234,0.16168150951061916,0.16854550881173133,0.15957475469951318,0.16102837888177812,0.037662784027021994,0.044036583201305754,0.032054697708124955,-0.017266236433825466,-0.017266236433825466,-0.20737904727578135,-0.552016415921431,0.59798846998609,194.64979022556392
2021-08-08 23:00:00,-0.09250126693467149,-0.09042239525881166,-0.09190517554738681,-0.09207733608569427,-0.17456761297296103,0.08274458371487907,0.09427011312125815,0.10867539431852707,0.12691273537677028,0.1281903826806944,0.1383074946342817,0.13452300150409927,0.16886949901062528,0.15764556613670966,0.1708434491690129,0.1722116811618233,0.1460224677243322,0.17090009287279212,0.16398487011286347,0.1701163338639676,0.16043533829606704,0.1111505710836554,0.031136872215525035,0.028757365505065476,0.01937991479993714,0.028744969173755443,0.011927727160768257,0.03994390361470835,0.1703620121654279,0.1298367727267238,0.12934635454924315,0.1298042710815355,0.020057113076035693,0.017859936893155293,0.021573179356179608,-0.017266236433825466,-0.017266236433825466,-0.20243745820029777,-0.44891929183057894,0.689854287743099,194.4772837735849
2021-08-09 00:00:00,-0.35355530421384535,-0.3583939199015382,-0.35861552415172826,-0.35288043016230886,-0.2566464410888088,-0.1806260855965656,-0.17368654416782472,-0.16032623651323807,-0.1569685675121073,-0.15693329190255134,-0.1567472913116465,-0.017228079340701256,-0.11267222559520972,-0.12592741999356666,-0.11508744960479961,-0.1145024142566884,-0.1403698715116197,-0.033249190590806256,-0.06731054411036658,-0.06754821193005706,-0.03356855125893591,0.023681621025952455,-0.3061958015436767,-0.31725196717621923,-0.35414866040339354,-0.335806626627782,-0.23940786466800604,-0.31092968937450943,-0.13526072839836284,-0.18015742559454226,-0.1783125012324656,-0.1812508036468088,-0.3858610571405679,-0.38502636859753037,-0.3814334221563817,-0.37126449237996256,-0.37126449237996256,-0.47296616313450046,-0.7201419335932717,0.3530028283202807,178.97864962962961
2021-08-09 01:00:00,-0.5158901999043819,-0.5096975417149231,-0.5112731088014135,-0.5101697999360305,-0.5903545035192487,-0.39156031024217797,-0.3949327003752284,-0.39443036099365164,-0.3632528540410903,-0.3624016837560912,-0.3688647398335413,-0.3734870987664086,-0.33237218121136514,-0.35479015265284636,-0.33839345056269987,-0.33464283678560724,-0.3633717305212282,-0.4650378095724386,-0.45155610829391646,-0.45104281470498936,-0.46695089462859246,-0.4834295158856182,-0.6793765741306271,-0.6791710948652239,-0.6918304098015892,-0.6925052277970863,-0.3921475211173445,-0.6357553994509998,-0.3688389351129855,-0.4264573210060824,-0.41853506747349295,-0.41802046681961713,-0.7146048589532784,-0.7159714859460277,-0.7156058058182709,-0.7252627483261005,-0.7252627483261005,-0.7229275146929834,-0.4839451108048406,-0.2590467165427566,169.82096059479554
2021-08-09 02:00:00,-0.6694700399865948,-0.6629420419281551,-0.662703645028239,-0.6616218804712775,-0.7140110172250658,-0.5683805994246343,-0.5662296912730872,-0.5697923300424105,-0.45651012839777727,-0.4559229701292097,-0.4673184462863741,-0.6002799054165239,-0.3962858318194308,-0.41906922464014906,-0.4053449669266572,-0.3990107026909249,-0.4298183346801522,-0.6467487673658405,-0.6233820749629081,-0.629549507597921,-0.6265376976363474,-0.6914367056321292,-0.7540397684213308,-0.7606184452433822,-0.7691748276254446,-0.7695769616066102,-0.5557349309915413,-0.7223549362155293,-0.4437437051700684,-0.4944177045298033,-0.4932714531392447,-0.4909452553340112,-0.7851509432619057,-0.7811796525092292,-0.7798938891562566,-0.674691568905224,-0.674691568905224,-0.8904360306416539,-0.7430444641621992,-0.6496874768684991,160.69614193548387
2021-08-09 03:00:00,-0.7672660824259184,-0.7641753393930135,-0.7652257860973811,-0.7650484199597699,-0.8415033836642102,-0.5741026805242246,-0.5729924635225117,-0.5772365441503612,-0.48198820094714545,-0.4817521505372489,-0.5005159775882916,-0.566725954635569,-0.44876505672477934,-0.46701628866099515,-0.44975522593663964,-0.4518370559453294,-0.4860876275487231,-0.6282582756770495,-0.6224143272971473,-0.6257393385051636,-0.6258531302285265,-0.6355419393475795,-0.7966296900231882,-0.7893730034346046,-0.8090719585340584,-0.8109311469273445,-0.5211701265417428,-0.7343816378708138,-0.5025530958214894,-0.5520260963571731,-0.5549344993274279,-0.5550158972329242,-0.8035494217753418,-0.805481118349065,-0.7905364860211136,-0.7758339277469771,-0.7758339277469771,-1.0073229239431707,-0.6953290088445052,-0.6479582266979158,154.70830266159697
2021-08-09 04:00:00,-0.8058051430357023,-0.7991407147727676,-0.799276201742715,-0.7986006296346665,-0.881524172020458,-0.635411895499599,-0.636540163492808,-0.6493097718749773,-0.5923440715084736,-0.5915083402778124,-0.6266900991020241,-0.6706223823979997,-0.5801756049168033,-0.6003593810985289,-0.5826661603199537,-0.5823785329072524,-0.6120077050932589,-0.6663802152123395,-0.7264776549643028,-0.7203535711933643,-0.71694683182471,-0.6949577436871668,-0.8737257043679423,-0.8756804678824406,-0.8924659660951871,-0.8931163552888387,-0.5509273115336553,-0.8275325711767392,-0.6396823392469394,-0.6953164384946521,-0.6949381877890053,-0.6957661481395566,-0.893585086953928,-0.892241387580698,-0.8885346239406222,-0.7758339277469771,-0.7758339277469771,-1.076097676882935,-0.7365426170060456,-0.6746194474777812,152.6982043956044
2021-08-09 05:00:00,-0.7775293203704853,-0.7751211614170223,-0.7746263020214121,-0.7746056235253851,-0.8288012662303958,-0.5954631391473192,-0.5977799936282592,-0.6012290872743832,-0.6387802290400499,-0.6385715085995625,-0.6579741506923803,-0.5814813203888175,-0.6511375159783372,-0.6769672593620635,-0.6479697274543559,-0.6533326627379816,-0.6892621106280791,-0.6300841646029163,-0.6319336144324671,-0.6328427709743546,-0.6316744221266352,-0.6399156217541236,-0.8937605813506789,-0.8928212857347682,-0.9094783969717654,-0.9092056641416535,-0.5416746214132664,-0.831570913139577,-0.7185014967985461,-0.782086071441025,-0.7792935505621111,-0.7780449274799572,-0.913661846332403,-0.9162008521225129,-0.9072943095214523,-0.9781186454304844,-0.9781186454304844,-1.0157901696324598,-0.7778428734647344,-0.5856886214346372,154.0981845323741
2021-08-09 06:00:00,-0.6753483279748013,-0.668500860077698,-0.6681836232609014,-0.6679612783664929,-0.7116140455557185,-0.606988712676231,-0.6141361060622031,-0.6171854630496363,-0.6336823788131126,-0.6336250576462806,-0.6616120951141887,-0.6409081651508225,-0.6470930396954742,-0.6737941523824893,-0.6437968234244834,-0.6500034852536797,-0.697746953974004,-0.6882953707419279,-0.6871113041130418,-0.6874162813834419,-0.6940019279012133,-0.6959177725683482,-0.9167929994958608,-0.9200889118463702,-0.9371006370427791,-0.9390162599631529,-0.5235388356117827,-0.8698368707235421,-0.7173014077574261,-0.7858167938695535,-0.7887085364479935,-0.788864860871202,-0.9523778742860562,-0.9527614512368967,-0.9463209696968375,-0.9781186454304844,-0.9781186454304844,-0.9145077238117997,-0.7193001692912279,-0.6186681302156348,160.45858267148014
2021-08-09 07:00:00,-0.5626802340275207,-0.5546122974666858,-0.5536412280093783,-0.5577655679019262,-0.5019764686835988,-0.3955008941046428,-0.3608498510107951,-0.36076853462120934,-0.4452959736047371,-0.44377417584490175,-0.3576665821831484,-0.19083988766397808,-0.44350299158419015,-0.46589279406082157,-0.4468297517792179,-0.44894501689372396,-0.4808247090146378,-0.2651285153756033,-0.2370669471086259,-0.2385181577729181,-0.2658339273353866,-0.2316453447339262,-0.8122744015633999,-0.8142603386442746,-0.8284749221981613,-0.8276638350515323,-0.4057672747425732,-0.7532294566024546,-0.5045411255377906,-0.5527698648932595,-0.5487951283367153,-0.551160186831617,-0.8763102063442021,-0.8880217773299113,-0.883598716067474,-0.8264051071678538,-0.8264051071678538,-0.7943803899923731,-0.6329527909972471,-0.382966328225343,167.32688381294963
2021-08-09 08:00:00,-0.6168318568483203,-0.6095276403833972,-0.6124119436013906,-0.6094028777584255,-0.5398010102503408,-0.5481065506163223,-0.5522778509414926,-0.5565374479655397,-0.49169583867136135,-0.4920215056883866,-0.4741344629747761,-0.4699906654933585,-0.47267448393199063,-0.4875170716307761,-0.47666667383456046,-0.4746167066993957,-0.4980429279290207,-0.48503587149825084,-0.45877222673550816,-0.45391925040956976,-0.4904439911543384,-0.5234772339211895,-0.6378963465965077,-0.6406916291132428,-0.650353945621053,-0.6497852119545603,-0.4749799583314825,-0.6068482587737319,-0.5290352666020364,-0.5637687371927288,-0.5732375148186969,-0.5640120180841388,-0.6441007419881059,-0.6426140647720116,-0.6389709910489132,-0.5988347997739085,-0.5988347997739085,-0.8288481040507417,-0.7507921241705956,-0.6504788355009952,163.41496842105263
2021-08-09 09:00:00,-0.3781872360239602,-0.3735716649772434,-0.3809113778603284,-0.37820432368775625,-0.14697931545939985,-0.3129197394896259,-0.28075057192850256,-0.2613057083572762,-0.3182493176411909,-0.3169406855875735,-0.13433841595393645,0.046746724716590554,-0.3049384697359354,-0.30974465319201794,-0.294798855280289,-0.2952048273401043,-0.2975089138535112,-0.04600415581962024,-0.0518382553373792,-0.03275966898574559,-0.05659852109966636,0.022721032850346295,-0.2868572999963302,-0.2928084385227657,-0.29632837202376233,-0.2977141604427348,-0.2914381361888682,-0.2721285300553758,-0.344827622138076,-0.36160401080417165,-0.3567890141972965,-0.35655850246932547,-0.2824162141458554,-0.3263208880333512,-0.3229131333597099,-0.4471212615112779,-0.4471212615112779,-0.5847335753222317,-0.7968852202284933,-0.11253868904002808,177.96281635687734
2021-08-09 10:00:00,0.3345164221391478,0.33440539605890074,0.3342137182462172,0.3338051751126147,-0.14697931545939985,0.3347142179954346,0.3401839363467634,0.3411948199957655,0.3947479505801312,0.3954852803384044,0.3881806518738206,0.3262955942366382,0.4617637419065423,0.47431019520987655,0.46705984052222793,0.4625942976285528,0.48461729794475106,0.35745064377196134,0.35707602022146684,0.3481716443003907,0.3296108433179118,0.31851815172529185,0.309397298345915,0.29705599007662775,0.298452931604956,0.2979211894733682,0.15082432770290033,0.2997389258495801,0.47297472745465946,0.48429812427136604,0.4806346796224771,0.48290035079987376,0.2697955754066771,0.2585536987849865,0.25692622062748866,0.33673201951231163,0.33673201951231163,0.3108516296117457,-0.2976183913345839,0.7586739370750641,220.0700534798535
2021-08-09 11:00:00,0.32901549754032516,0.32990175388756465,0.3294144637431978,0.3292019685745049,-0.14697931545939985,0.3450872956187213,0.34362475280678906,0.34056857945985775,0.4163041305002284,0.41628135476839523,0.40134798008212735,0.3660150569780541,0.4774784431651453,0.4804457139165721,0.47538326903111533,0.4794500309724954,0.48360581804281283,0.3547109126993242,0.3532039016473912,0.3517246303656026,0.35597993097049324,0.3597999529104834,0.25753486122115754,0.2570895706310704,0.2532928890458987,0.2546649093078291,0.21701283623693432,0.257270445434276,0.4877668990472661,0.4867716100610149,0.48417819296565917,0.48566511707017385,0.2250763594096593,0.2356710879788372,0.22531931872399044,0.33673201951231163,0.33673201951231163,0.3122984196163425,-0.2817166171647258,0.9128065079256575,219.81886826568265
2021-08-09 12:00:00,0.3339046314401398,0.3333427144026558,0.3331424477818341,0.33305438840937024,-0.14697931545939985,0.34647098797761355,0.3471268827470651,0.3475069699853207,0.37740703896009326,0.37778707640849574,0.37543272856552845,0.37844676394775106,0.426010348088998,0.4383333829927313,0.42538555993000665,0.42902381715984894,0.4543660064010862,0.3745712699244341,0.3744994258937734,0.38143274091754276,0.3796107489917923,0.3722792097769815,0.24899074858050538,0.25117534394385954,0.251100520054646,0.2596360236494605,0.19022410917112328,0.2625231459357296,0.4331565013077005,0.4526237889608319,0.45316771879043444,0.4539651986960693,0.25497159494073296,0.24649528218051725,0.25428216545755133,0.33673201951231163,0.33673201951231163,0.3064156386274316,-0.3738657276163305,0.8930811200372154,219.98443383458647
2021-08-09 13:00:00,0.333053201964307,0.33394583197340616,0.3335351170088925,0.3327517388636871,-0.14697931545939985,0.323749173859001,0.32651001152042813,0.3260229975878143,0.27409008747929564,0.2744308407400332,0.2737369289551529,0.33660500852033176,0.30301790767236475,0.31593777040832266,0.31237508359786503,0.30486443819258047,0.3137549646464324,0.3591625268504419,0.35621542410377977,0.3639954268905614,0.39330748390813075,0.3255585499520914,0.2841910647169079,0.28298757440739536,0.28332742467247396,0.28323425894661386,0.15768821953568227,0.2827054325654162,0.30280907461030704,0.30909444613314985,0.3060987465442535,0.30590213445697567,0.277843979273756,0.27798382506013525,0.2770530019546405,0.33673201951231163,0.33673201951231163,0.30631613897973153,-0.4185899932856179,0.8501923400810834,219.99139664179106
2021-08-09 14:00:00,0.33121862158887105,0.3317014186379323,0.3311209465151704,0.3311670869582799,-0.14697931545939985,0.27919376968029536,0.2790993261756447,0.27644401947392433,0.21899818484602093,0.21901293885058626,0.2081554970529665,0.3050726673766061,0.25056087215679884,0.25086889984626987,0.25691756900034324,0.25538014795325664,0.246326517437196,0.31533311347510223,0.2970576183677813,0.30328736477273915,0.31317224759700424,0.2967576835166728,0.24507833643613774,0.2533392791496366,0.24241763538499314,0.24297574155259608,0.10163532238695237,0.24710754094512222,0.24200652534068262,0.23131352568732144,0.232575018046094,0.23302532645256163,0.2563320727543916,0.24675614708768157,0.2465415184945885,0.33673201951231163,0.33673201951231163,0.30988744063778856,-0.5546355004318869,0.7791762432460099,219.9058599264706
2021-08-09 15:00:00,0.33250711934829064,0.3328479762303204,0.33241111066353823,0.332394421461955,-0.14697931545939985,0.2861421366195111,0.2888521280998168,0.28834052532502785,0.2349972944123101,0.2349978518220185,0.22580781414917805,0.32750856001897566,0.285855417062451,0.2779447815920457,0.2812817558043642,0.28591188563565634,0.27344542732782257,0.31978382994238214,0.3406189523261297,0.3388070667799291,0.31796646393505174,0.31915910313678736,0.24855552975722414,0.26286082100159097,0.24364523941295055,0.24180651829653468,0.08388726231246714,0.2343202795711943,0.2773737589204308,0.26364560525943065,0.2665701608582676,0.2685976318286614,0.2484216656729099,0.2366423211674014,0.25137936999915916,0.33673201951231163,0.33673201951231163,0.3014683213193135,-0.6011838580549042,0.7678101730870514,219.96317
2021-08-09 16:00:00,0.3338863804385146,0.33303613756881956,0.3326315820211698,0.3326925420257862,-0.14697931545939985,0.27378890136504747,0.27685723837990983,0.28004850756519,0.22927503519311035,0.2297488643860001,0.22823212587477562,0.31234887233828124,0.28327811246611195,0.2784891920297245,0.27870110448245244,0.283202982952442,0.27094957964566235,0.32914368009005723,0.3288951630780723,0.32912023446743494,0.3259580215562259,0.34923851662864636,0.24246930212903126,0.2485768061246523,0.24584067358280035,0.24224325306452704,0.07675599558584192,0.2450340779237448,0.27772080632131896,0.2686442212133528,0.26876428258664237,0.2673309416264004,0.23337608160432904,0.23570958042279314,0.2332648440264722,0.33673201951231163,0.33673201951231163,0.3100724979219466,-0.6005334818853663,0.7976838548829484,219.96894285714285
2021-08-09 17:00:00,0.3321954783212982,0.33210465426184094,0.33264675066511074,0.3317575840615452,0.3148247192173456,0.3317067340255663,0.3324967317960786,0.3296509458731375,0.29075307721193183,0.2909764063019313,0.282365618838775,0.33569568161666596,0.32391211179287277,0.3391089723138996,0.32135986948110384,0.32592560498166884,0.3453629612937611,0.3324528419437372,0.34965436562856905,0.3179254077515981,0.3296108433179118,0.3193716350184359,0.24368837056073522,0.2434709629930768,0.23487729603724067,0.2421568255525457,0.1380954187933656,0.23542569159972143,0.33510447295889495,0.35007885902440583,0.34338083284521653,0.34361302906401947,0.22263812475755163,0.231327729760689,0.2228672048791495,0.33673201951231163,0.33673201951231163,0.3120899768998339,-0.5033441197747501,0.8892513371766988,219.95062775800713
2021-08-09 18:00:00,0.3284623396853828,0.32947800433716284,0.3304239621335375,0.3296875648184994,0.3148247192173456,0.3061693069044413,0.3058742656668667,0.299663344593993,0.2802799200011322,0.27954162234620666,0.2729446746975957,0.319323028153634,0.313544333344057,0.31821234321514563,0.3181506591460311,0.31185298272373113,0.30732134557351154,0.314304966252999,0.29856394355149257,0.33428646978487675,0.31180281351692285,0.32843863659563344,0.25507355825982564,0.25571994829579414,0.2561431219934555,0.25320414643909733,0.15049738563779036,0.263573033661711,0.3140458624396457,0.30548218804371663,0.303043758278623,0.304187779371095,0.2512743764149538,0.2520720130786313,0.25124999985493085,0.33673201951231163,0.33673201951231163,0.30998064467141534,-0.44261123923123113,0.8955277333692485,219.79068388278387
2021-08-09 19:00:00,0.33207679015842756,0.33195364117626674,0.3320861374082933,0.3310984842667371,0.3148247192173456,0.3441072791073317,0.34437945968661177,0.34347181092376716,0.3715044779883501,0.3711894979463086,0.36309348078139364,0.319323028153634,0.40845084717668273,0.41798444432700343,0.4113094643670352,0.4102980708510533,0.4210532394259751,0.34169988315580835,0.33707026224058273,0.3381619928267026,0.3385151574828465,0.32843863659563344,0.3411215604775212,0.34163963676513576,0.3436133573113385,0.3439518847176762,0.22720079385306488,0.34531317397126204,0.422713829115722,0.42320619346397775,0.4267104031366865,0.4254229638047145,0.33298294833632774,0.3439931588579988,0.3458168695046597,0.33673201951231163,0.33673201951231163,0.3086816978766811,-0.23235762071027008,1.01043347475923,219.93700472727272
2021-08-09 20:00:00,0.3323961370737775,0.33275200255076437,0.3331974293074714,0.3326960936780975,0.3148247192173456,0.3280043945876967,0.33024406662232925,0.32931826898908534,0.3344816935544787,0.33485784426334997,0.3398293330552069,0.3800635217467506,0.3649856829845658,0.36927753175467515,0.36625601857224815,0.36780290109757696,0.3691532719609697,0.38004965484910413,0.3693375410541996,0.3655449588642963,0.3801576846833916,0.37612072353776715,0.44672820546818554,0.4460966964108355,0.4465018241176794,0.448144541138947,0.2426086434783124,0.4400327464877648,0.3720196636795873,0.3673771592455242,0.37159496103773565,0.36818317784948973,0.45619693149502977,0.45704810089812203,0.45212293824178734,0.33673201951231163,0.33673201951231163,0.3106291556358266,-0.18604407441714135,0.9925478993572733,219.96343163636365
2021-08-09 21:00:00,0.23795682681034616,0.23679936726639558,0.24068726623789088,0.23369595037636992,0.07174394424305516,0.2177139080277053,0.1989060007160973,0.1777335474126477,0.22081998618264023,0.21901739665362727,0.17974916896628199,0.2003168568018097,0.24860562381736176,0.24486200029199623,0.25198541448444195,0.25252937980429924,0.2334461617329864,0.16295666812981824,0.19014349556634771,0.18951336337229968,0.18920180345566795,0.17675295478024347,0.29961968593386806,0.31970714543372775,0.29779660023794796,0.3154568566095833,0.10560736935972125,0.3347427219298202,0.2570138009918812,0.23322923203724255,0.2211027740054837,0.22568553566924798,0.3846550942456251,0.38568735841744617,0.38111614752458783,0.3873031989331891,0.3873031989331891,-0.021103414480197254,-0.4601587681793948,0.7840498073423621,214.54842382671478
2021-08-09 22:00:00,-0.10062634642998197,-0.09883849837959822,-0.10275019913497323,-0.10158140586966999,-0.12520064203557796,-0.1465334051586303,-0.1417785221509277,-0.1431631265387662,-0.19891011603405792,-0.1986794920539904,-0.21196811866129545,-0.05169188693610435,-0.17708768334084754,-0.1818692591644119,-0.17579429651469444,-0.1752100086650699,-0.20253802156039308,-0.07696429889081308,-0.08348772088302353,-0.08722505566936847,-0.0877343675778723,-0.0812822823756972,0.003157434227148849,0.0020024224217150264,-0.0036388101662365438,-0.007202789982713294,-0.26216974191343717,0.02619775555373976,-0.20223383544628148,-0.2351966691424599,-0.2419321658116131,-0.24241308572330383,0.05995259217304697,0.061950536901551494,0.060622307175661035,0.03330494298705113,0.03330494298705113,-0.20732647817464012,-0.7692070598331331,0.0601536055587637,194.0280520754717
2021-08-09 23:00:00,-0.1826181402542183,-0.18422885447413073,-0.18480165331396994,-0.18417572548314554,-0.21327037231335552,-0.2423055220706442,-0.23193343765724997,-0.22562043920531305,-0.29498674423923293,-0.29279451953526037,-0.28971344612330924,-0.11061372672188934,-0.2615860837199333,-0.27332209901373716,-0.2679602579996961,-0.26593188248401656,-0.2903044268848516,-0.14213824010291376,-0.14436643687663805,-0.14427290158102257,-0.14435400267732137,-0.14325797730029122,-0.07021548436364222,-0.06350029125219897,-0.06740229739366023,-0.06870467756145994,-0.35059806406118166,-0.03784351799751533,-0.2957160785383129,-0.3353996814409239,-0.3348362634464649,-0.33653539530880083,0.005628440455916401,0.0063078701198885905,0.008316262724905057,-0.06783741585470206,-0.06783741585470206,-0.30634502587175577,-0.7747455734590538,-0.21344897945526045,189.26651841155237
2021-08-10 00:00:00,-0.36462703537863916,-0.3663916006919616,-0.36628048268192687,-0.3660095489713836,-0.37706852642354666,-0.3235994087257991,-0.3242179827636579,-0.3221951186989143,-0.34903802562477276,-0.34663041012628226,-0.35209851522281044,-0.23401590545196851,-0.3218879903846236,-0.33823019786505704,-0.3234418595193159,-0.31699606597469343,-0.35407140938774917,-0.3253324708241297,-0.3138793399960271,-0.3145563407116822,-0.3258578858874099,-0.27446257690513925,-0.24035623215709342,-0.22177442540941525,-0.24464154250624412,-0.22888552720858352,-0.3916923839635069,-0.20368901102406098,-0.35837087149319263,-0.4112579358076318,-0.4096802301253331,-0.4077094448386589,-0.18150535263702175,-0.18128237887376816,-0.17968808085248492,-0.19426536440689401,-0.19426536440689401,-0.5389913805044727,-0.5965384925807168,-0.5984377540798252,178.32928014440432
2021-08-10 01:00:00,-0.5312540629845874,-0.5262277360302308,-0.5261668952894527,-0.5285444806901318,-0.37706852642354666,-0.6172472624143496,-0.6176278635366464,-0.6259034607389709,-0.5152200881700704,-0.5149203550125319,-0.5350076200765995,-0.49469067765772917,-0.3935283928831762,-0.39706443795391677,-0.39034457683055984,-0.3930789453185228,-0.40323821567196416,-0.5409792689323643,-0.533623760941355,-0.5324705619013814,-0.53407351453454,-0.5654331247125821,-0.4566732793514071,-0.4582504448187231,-0.4705898417424788,-0.4711371311545072,-0.8472865561965329,-0.4224955416338213,-0.43192970511382933,-0.46471674976623845,-0.4602880046193717,-0.46232695081082964,-0.3888567434329128,-0.39150822424845094,-0.38816794144211114,-0.32069331295908593,-0.32069331295908593,-0.7350920954244576,-0.1654961703661597,-1.2383633756253298,168.74702445255474
2021-08-10 02:00:00,-0.7082503830678127,-0.7109672751020588,-0.7105271814159954,-0.7084589403349446,-0.7307854560206725,-0.7719036278120479,-0.770255249980139,-0.7644913105858167,-0.646285587255343,-0.6467649994194953,-0.6518201770521409,-0.8986281548304523,-0.5144628516439306,-0.5317928756414917,-0.518082753898288,-0.5149047765660325,-0.5413719556076967,-0.9307274586845298,-0.934928302742658,-0.9357371610564955,-0.9289301997787077,-0.9749670995222253,-0.7283990755132371,-0.7292072076922252,-0.7425736751744395,-0.7147759426398154,-0.9723824735504732,-0.6625131842286046,-0.559365063766744,-0.6147063156541281,-0.6085649915342362,-0.6095586246777054,-0.6353329916246155,-0.6365468738595154,-0.6322373173196807,-0.5735492100634698,-0.5735492100634698,-0.9373549009622988,-0.2950824607524182,-1.414639965776488,158.03340959409593
2021-08-10 03:00:00,-0.7857012396566143,-0.7817642040349102,-0.7810446704136279,-0.7813782062558219,-0.8415033836642102,-0.7831919017175006,-0.7821841906444177,-0.7849065638387641,-0.6880917888245469,-0.6884730184218919,-0.7044176709620625,-0.7852309566392198,-0.5585978195325281,-0.588600370134452,-0.5672157311493811,-0.5582166691689667,-0.6117570721289851,-0.8704623519248775,-0.8742644538007079,-0.881380509498263,-0.8692281409413137,-0.8412028889795833,-0.8033649481653329,-0.811879669498118,-0.8134574628112111,-0.8245508355973683,-0.9754048569642945,-0.7624467807695008,-0.6080195426703698,-0.6847385168153497,-0.6851151008378942,-0.6848732628752651,-0.7874861053413147,-0.7852918254245895,-0.7834595405123616,-0.8011195174574158,-0.8011195174574158,-0.9373549009622988,-0.2832904030120958,-1.4270132259510124,153.68531090225562
2021-08-10 04:00:00,-0.784463580393257,-0.7806271754195754,-0.7797193444764573,-0.7802707632923325,-0.8415033836642102,-0.7637109425754877,-0.7649175401092333,-0.7632971287579285,-0.6749863208053045,-0.6754072693248526,-0.6922527360843079,-0.7922051124545733,-0.558402605508522,-0.5802191216597045,-0.5624806352525158,-0.5588649295218814,-0.6074105130438814,-0.8485468971673441,-0.8579159473422351,-0.8598520834092173,-0.8559862879746525,-0.8626428814824542,-0.8248769487197576,-0.827894403862892,-0.8361109206612849,-0.834787783628893,-0.9432271570827007,-0.7683909255555531,-0.6059379534176796,-0.6723395511925455,-0.6809135219847798,-0.6811993750638675,-0.7952231785511292,-0.7960591084285134,-0.7910519936328624,-0.8011195174574158,-0.8011195174574158,-1.038256900629549,-0.15166116928229323,-1.4260905864526454,153.7837286245353
2021-08-10 05:00:00,-0.7157779630578519,-0.7137380515029604,-0.7129860322444862,-0.716600741091808,-0.8218511827406427,-0.6890170714262577,-0.6879228015564294,-0.680764553842445,-0.5962586119776285,-0.5957700485703298,-0.5953063340101408,-0.7156971235126357,-0.4811634921797426,-0.49645648639237866,-0.4757704934718132,-0.48062634024003403,-0.517653378327496,-0.7252763541195099,-0.7774607845044269,-0.7639468562608184,-0.722084005211659,-0.7426398306293013,-0.7170993365359956,-0.7162205705037699,-0.7677119711401947,-0.7923733671937576,-0.8553207300587156,-0.6918282763089254,-0.5254309591243926,-0.5848842692262467,-0.5825415181821102,-0.58429217109301,-0.6957703377984087,-0.6948888429993139,-0.690679223028967,-0.5735492100634698,-0.5735492100634698,-0.947295894286592,-0.014119932210573833,-1.2562194972138954,157.60485970149256
2021-08-10 06:00:00,-0.6723628426067066,-0.6668281762456837,-0.6670994848866321,-0.6668715354534196,-0.6778243364462156,-0.6392830009034168,-0.6430604119576616,-0.649611192682908,-0.5588300271705487,-0.5588298482456183,-0.5799682443674847,-0.6387856075094276,-0.41464454556568564,-0.4424295138584453,-0.4143372988575063,-0.41483566341062633,-0.4730148972207445,-0.6708318293634572,-0.6813022803186539,-0.6761143656189392,-0.6799622359359732,-0.702317778678077,-0.6962395945583489,-0.6937142826844804,-0.694637806878259,-0.7108315381036373,-0.8776701140569391,-0.6427236269346942,-0.45516422767231546,-0.5350262247708111,-0.5366717789178063,-0.5373168127907084,-0.6587311699403555,-0.6524936221095385,-0.6563106490466303,-0.5735492100634698,-0.5735492100634698,-0.9139790553718368,-0.2885029934598559,-1.1178372370118932,160.48912555555555
2021-08-10 07:00:00,-0.7219348003478449,-0.719518001971221,-0.7183063401578453,-0.7191939774386343,-0.7644966331133418,-0.6219996261065951,-0.6248032491002137,-0.6329823926286948,-0.5441493438555681,-0.542926560346243,-0.5634096183526377,-0.6433338317601061,-0.38236631941103216,-0.39971806386776154,-0.3827981405542941,-0.3818007819896572,-0.42044333511464277,-0.6999374324329627,-0.7084076742926977,-0.7077593911380478,-0.7046183339306904,-0.7067985659670832,-0.764469829296203,-0.7618878868941752,-0.7794765097414527,-0.7794402715510971,-0.9442974770856989,-0.7182068141532024,-0.4204737491538674,-0.4768609507604241,-0.4786175885877396,-0.47830968912336863,-0.7538243614517793,-0.7379515818623312,-0.755238730002882,-0.7252627483261005,-0.7252627483261005,-0.9597359942166901,-0.5149385392589786,-1.126440777532785,157.4233912408759
2021-08-10 08:00:00,-0.7446010229641471,-0.7426291705044208,-0.7453752871563727,-0.7441245420544615,-0.8045974077830309,-0.6514738624999517,-0.648583108854943,-0.6484946265321044,-0.6227459055208441,-0.6231641127181717,-0.6342528825742425,-0.7130698258504123,-0.46252732365174387,-0.47974766378277417,-0.4571430388328504,-0.46075955605953656,-0.5060970736614873,-0.7745843319562867,-0.7845594335754336,-0.7888109862873492,-0.7744810190545632,-0.7855206545766813,-0.7720029886143635,-0.7670089354435576,-0.7871505675054836,-0.7840436092460003,-1.0055078305491583,-0.7182069228822542,-0.5073694695173919,-0.5667001291217726,-0.5693608994769173,-0.5685971004669007,-0.7515792542968682,-0.7518423650436498,-0.744865020104458,-0.7252627483261005,-0.7252627483261005,-0.986913770227171,-0.8076454236533634,-1.0757886313041145,155.85328597785977
2021-08-10 09:00:00,-0.38088316056818483,-0.4139753566295511,-0.4205861422197035,-0.41749126430773337,-0.2923936697901288,-0.25394152208864806,-0.2568668153591993,-0.17460070258420007,-0.26939851633195216,-0.2703318892303722,-0.1894731963722995,0.014910214783410083,-0.2025383385229654,-0.22400886500361036,-0.208770642555026,-0.20801568058233333,-0.2680110814906854,-0.07008410798394131,-0.006260004969860761,0.022627708787047635,-0.07233969172982434,-0.00992022875700776,-0.4434545519674983,-0.49188781173306845,-0.4511510538035282,-0.45320016606261526,-0.5100114170254093,-0.5141533247566892,-0.24288515399948088,-0.3229677276883637,-0.3072685777415438,-0.317262458653882,-0.5801564996768359,-0.5809264455380645,-0.5761157998321916,-0.6241203894843464,-0.6241203894843464,-0.6140124792350565,-0.0966074264621684,-0.26809805907491113,175.3217981751825
2021-08-10 10:00:00,0.34907439562128795,0.34604138758078196,0.34583988853678777,0.3455468553882514,0.3539508970151665,0.5407166601269251,0.5412827464409845,0.5420794632670011,0.5340676790294695,0.533358112036737,0.5402187150653501,0.552360939363821,0.5541703693158141,0.5822196566960245,0.555275235188316,0.5597084260676101,0.6084002841242373,0.5561895867457871,0.5478861394537868,0.5383691315295409,0.5553606149500144,0.5623666061340209,0.11696176375148801,0.11881104720369368,0.11509348817671192,0.12548566074799825,0.39836309573064327,0.13459737577103728,0.5736794786296335,0.6186770794252114,0.6270832227824668,0.6256383408036846,0.03390308807587165,0.030278211113861333,0.030121755553193012,0.03330494298705113,0.03330494298705113,0.3493594839571905,0.7007731577628863,0.6130432934885421,220.74810869565218
2021-08-10 11:00:00,0.6895043825812537,0.6937446764914407,0.6928301306483061,0.6913921717142748,0.6353454381507035,0.8396614782090296,0.8425035694750416,0.8452442878454373,0.7755514299558386,0.775809937455287,0.7834122105674194,0.8106732633167127,0.7927672303488743,0.8270853725972882,0.7932349295506345,0.7980242162524279,0.8550551322306219,0.824570548060363,0.8145415887108742,0.811370660783049,0.8209267423133708,0.8313896483554208,0.4398981670612359,0.4430463188485559,0.44019784645101795,0.484679319984826,0.6158307769420323,0.5177281712410026,0.8219600179757265,0.8913392484636492,0.8905981462370047,0.892261381976709,0.3756869061011521,0.3753030657220821,0.3765864168079696,0.3873031989331891,0.3873031989331891,0.6721068406735178,1.2605938070881368,0.8016722130166579,241.44815072463769
2021-08-10 12:00:00,0.7224146576954377,0.7189022306649794,0.7177878791806762,0.7188500249937331,0.7201729595705498,0.8219997590225544,0.8259510970580666,0.8252411972552101,0.7791098922062438,0.7792180726030579,0.7811298872001142,0.8064617973686453,0.8016845974648343,0.82389817998056,0.8092199214946106,0.810118157306511,0.8353983705525254,0.8243130526977246,0.8264518609280531,0.8246332554876873,0.8239862423951686,0.8276565911052913,0.6438853705914918,0.6470790343239515,0.6535983171162218,0.6533148731279944,0.6309407505690988,0.6331450695513038,0.8356616143329099,0.8692344157097628,0.870579749978944,0.8702131851011299,0.5735960089194745,0.5949946534186917,0.5701457142634637,0.640159096037573,0.640159096037573,0.7711560603852461,1.3371436337924612,0.6930151961876068,242.9030306273063
2021-08-10 13:00:00,1.108615697765997,1.0701540775962706,1.0758790275380543,1.0588859240917632,1.168164689156708,1.0879524017185767,1.1158043172796805,1.1362235251352744,1.1121931645686527,1.1121609301964799,1.2480619304688234,1.1631250775782467,1.1350453057264651,1.1482297398199068,1.1424270938753103,1.1524003696385388,1.1441408876974155,1.1661509127517615,1.1633842008457846,1.1624129966378873,1.1642084931329,1.2057865711331626,0.938970568674109,0.9394376118825216,0.9459471332864196,0.9474304547259679,1.056809230186388,0.8909131337336039,1.1865236008529807,1.2050079534372038,1.2211660938294149,1.2163226678851249,0.8637804438601049,0.8847181303946184,0.8618982195226056,1.0194429416941488,1.0194429416941488,1.2442303555442549,1.3166180868555466,0.8148789952652375,264.3002233576642
2021-08-10 14:00:00,1.70534891912642,1.6967471428837142,1.6967585994680998,1.6970339371954242,1.7407807844207341,1.7056212077653399,1.7104455095164606,1.715901014072096,1.7785236068434374,1.778543466056501,1.7881454382315354,1.6791698346029496,1.9421410891421114,1.952948239483993,1.9611270643131926,1.9542933844514712,1.9408921526097713,1.734531925993417,1.7457655690063034,1.737782702197231,1.738285913317105,1.746266504142898,1.3776153702967615,1.3772795088481318,1.3918021370291243,1.3909920767226305,1.2728794422756118,1.3344157681102287,2.0377115789255797,2.0506922087039205,2.0513430747621486,2.054400615986469,1.246957128753749,1.2376408754169301,1.2282714239723436,1.0194429416941488,1.0194429416941488,1.948342000483273,1.096750268297291,0.3719960349437931,301.16116213235296
2021-08-10 15:00:00,1.7059611678069362,1.6973806213913778,1.6960796540532093,1.6977232724576727,1.7344106411771958,1.6988666120857925,1.7067039153509604,1.71191881275141,1.7905536071839472,1.7905646870629965,1.7943931679890597,1.6684275841449145,2.013601345953719,1.9872458783050257,2.02509796408889,2.025454992403609,1.9371908262032553,1.732944478216366,1.734642969155661,1.7314649475756072,1.7347556593879359,1.731779340339651,1.3893483749836424,1.3729523949250253,1.386834248818609,1.384560582612942,1.2090454393155796,1.333734813590362,2.106691916635641,2.053149174410275,2.0489237462967798,2.0516919911967886,1.2473464438669353,1.253095634151488,1.2422058568404253,1.0194429416941488,1.0194429416941488,1.9542431367218795,1.2558098037558356,0.39306347719446977,301.1813620071685
2021-08-10 16:00:00,1.6481855040598568,1.642544289661583,1.6432025264416619,1.6432593205077182,1.6813517430090816,1.6299836207484024,1.6364767695665308,1.6390800002872243,1.661599263094154,1.6640572444073718,1.6939246146712426,1.6349889268100377,1.8035609065100882,1.7845603985916783,1.8133262211807248,1.8174520160432803,1.7501956211913632,1.6807257156516795,1.6796268997267652,1.6797655052174842,1.678218312941026,1.6913667226411153,1.2750521646391355,1.2796888678992624,1.2854065695019623,1.2862434646037189,1.2840052334422762,1.241513938239979,1.886537772894459,1.8520351591908335,1.8490109867174707,1.8518628362346647,1.1678420075099591,1.1689526811643123,1.163248636593055,1.0952997108254632,1.0952997108254632,1.8888730148643809,1.5241428959416226,1.0693981712854799,297.908115037594
2021-08-10 17:00:00,0.9644627730020144,1.0146664710383708,1.0357871059042818,1.03902905213265,0.8213973976074368,0.9500646918438177,0.8918197340287729,0.9030394644796139,0.8709413976435431,0.8681135398359824,0.7116863146334664,0.6453825380370736,0.9403777944315316,0.9434044281154708,0.9634724346002346,0.9527684380725089,0.8896925633739173,0.7756897511480111,0.7946733955933998,0.7955478456828714,0.7761297626992406,0.6592660432159826,0.9136482766922268,0.9147175362687273,0.9253498483252884,0.924215166862222,0.7862813763157473,0.8195096582348045,0.9815995183812013,0.9465639037915683,0.9438256069027058,0.942446425997856,0.829181210720156,0.8262189882814376,0.8257483731604853,0.9183005828523956,0.9183005828523956,0.620721316870678,0.6133233768005846,0.8379055885256503,261.5707544483986
2021-08-10 18:00:00,-0.05302648630073564,-0.052770376120860156,-0.055199877510857795,-0.05037020280322237,-0.104255542341544,0.0012944615523635917,0.00744704278594282,0.02117000598257228,0.01610087371629958,0.017565896568967527,0.024403311088110474,0.05026400753889952,0.0391832527663226,0.031312725494111585,0.04195702853903236,0.03992651079632945,0.020847010280987236,0.026612040049505285,0.02305038457799826,0.025203630738940577,0.022704113927521846,0.03356584497438094,-0.09191384451143136,-0.0889284346499241,-0.09593325344791641,-0.0990483032417127,-0.03173117869895328,-0.07131092424916724,0.02896082431803461,-0.005061407777736532,-0.007415146475632648,-0.0070508543078372865,-0.09688366905741709,-0.09551917440456842,-0.09200416793175015,-0.11840859527557866,-0.11840859527557866,-0.15121267780516864,-0.5712591284349668,0.7376833258603832,197.12498901098903
2021-08-10 19:00:00,-0.14478108906213868,-0.14032188964716744,-0.13753741908760106,-0.14553274682749565,-0.04082362204226353,0.25064757084054257,0.2658731636566192,0.2571818700359932,0.30168663742350416,0.3014376594016524,0.31836861089528323,0.3716746366184251,0.3410975849600444,0.3405765356947985,0.3418925204992702,0.3485103606187967,0.3260234588434885,0.37344583087306493,0.3707206419576261,0.36634787880997705,0.37320101769938335,0.3410933085319119,-0.04609536095514423,-0.05189904377967516,-0.05698441216764094,-0.05674230429722931,0.20313618899986233,-0.04061997474501287,0.35451623069855004,0.32047197269608696,0.32308548816740695,0.31930432152959626,-0.1291697924025954,-0.11862228828371302,-0.12699245027163378,-0.1436941849860174,-0.1436941849860174,-0.2133359876794031,0.3184501305921432,0.7392932345014102,191.57236043956044
2021-08-10 20:00:00,-0.2704863858578684,-0.2705788104466295,-0.27429943671893775,-0.2743252081622357,-0.3098078900210212,0.05007947851349311,0.06864803787341102,0.057394235858837794,0.02210071750358142,0.022215059865414284,0.0369740365354238,0.07009353399497525,0.04247440115300349,0.025713614536337786,0.04719233653883251,0.04639046701246351,-0.004230103078062548,0.01959715770620831,0.009228821798638688,-0.02334185264091399,0.01363368079220845,0.0468285801151115,-0.02653808536172637,-0.018268063789227455,-0.022493106861539616,-0.019259734384675323,-0.013213338117836046,-0.017704964608740097,0.03215269026771309,-0.02127734465026374,-0.02781253397157107,-0.027379584491002164,-0.025646945081059948,-0.009951066295907075,-0.02507943408287604,-0.017266236433825466,-0.017266236433825466,-0.4302767545001231,-0.3830775036971072,0.48342194658221727,184.0090669090909
2021-08-10 21:00:00,-0.4565305460975389,-0.4361121177368206,-0.4365640482285198,-0.4326379218653539,-0.5464982987186559,-0.3702712967913023,-0.38292407275129325,-0.41021005743024597,-0.329976065822046,-0.32747723562387404,-0.3817867111606222,-0.27525038312204436,-0.3221993849879762,-0.32285183324792954,-0.3070431981327492,-0.3177792863370981,-0.3526849711441323,-0.4383299200334103,-0.3571189373323963,-0.39700785356962565,-0.287844718116409,-0.32150455137741496,-0.3982853701909467,-0.39436317980478297,-0.4106962136492545,-0.4110549544708732,-0.3914770998861825,-0.3592765565631528,-0.35336711835268514,-0.4013304467251163,-0.40340361894770305,-0.40964672050169404,-0.4252235351893699,-0.3913418727971815,-0.42633162665541274,-0.21955095411733275,-0.21955095411733275,-0.6578407166008836,-0.8626180031680225,-0.20231106105068114,174.19038602941177
2021-08-10 22:00:00,-0.6152678761310293,-0.6116776509232287,-0.611335038129436,-0.612419651663237,-0.6646440462876827,-0.7022886945006689,-0.700847040575222,-0.6971329930245285,-0.6668672052953301,-0.6667984500954548,-0.6931253642011601,-0.6902285514590307,-0.6743964758060382,-0.6887626338791781,-0.669089517770421,-0.6700873444327115,-0.6972603691380028,-0.7328100161133723,-0.749618280529471,-0.7457252706577825,-0.7497257790258893,-0.7554401224959721,-0.6018711654651944,-0.6018284940343441,-0.6133360026506695,-0.6136945015181419,-0.6141265017157924,-0.5499038098350842,-0.7353189064852383,-0.7826524232143293,-0.7867336051571815,-0.7854511542637803,-0.5290279421423306,-0.5551706183893693,-0.5379537090968571,-0.4420641435691903,-0.4420641435691903,-0.8312400107224149,-1.0413657565265435,-0.6160633518912406,163.79709705882354
2021-08-10 23:00:00,-0.5617824624779979,-0.5568624104461148,-0.5525689007190493,-0.5541847142472583,-0.5319201386604887,-0.5415201388383964,-0.5376343107255167,-0.534794524468978,-0.681128769163965,-0.6810981763150293,-0.6881944333332758,-0.4625264179052504,-0.7075454533707123,-0.7248711212577049,-0.7036163510774918,-0.7063736206390017,-0.7438206718776121,-0.4987909783507749,-0.5054891884328234,-0.5063065687563787,-0.5040351455760418,-0.5009239658645807,-0.6036720447496624,-0.6045492587728086,-0.6008093183384221,-0.6013196054484962,-0.5565118827974959,-0.5706621429821928,-0.7687854311319949,-0.8303436652719395,-0.8311744610186879,-0.8318159149175908,-0.6168429524139416,-0.6219323696095522,-0.6138237542517094,-0.5988347997739085,-0.5988347997739085,-0.7563503971803128,-0.9732326837733466,-0.35827499957919495,166.98937636363638
2021-08-11 00:00:00,-0.7756653739336116,-0.7728421191623446,-0.7727912724324053,-0.772495839728068,-0.7639535405880411,-0.5501637038013505,-0.5492512823562375,-0.5517927851151927,-0.6778018885248328,-0.6778506836585154,-0.6940172737918849,-0.47099555802166515,-0.7240154773146266,-0.7338057249189883,-0.7238066692489135,-0.7211193688331398,-0.7362980741267828,-0.5136621113984284,-0.5166077003383831,-0.5184667569878204,-0.5238002451126293,-0.5080709096794176,-0.80463821550061,-0.8024181063731202,-0.8042492831595577,-0.8032233529233,-0.518108782577088,-0.7484830710530814,-0.7902863458952735,-0.8285354683903942,-0.8272209030035098,-0.8276294325404017,-0.7985694184519413,-0.800526894392283,-0.8034382689231353,-0.7758339277469771,-0.7758339277469771,-1.0215263713585494,-0.8980744482645069,-0.24032914824093765,154.19864686346864
2021-08-11 01:00:00,-0.7922370914402419,-0.7866837243522184,-0.7877786103706205,-0.7874573115315585,-0.8740941706500569,-0.5924459941596248,-0.6006066390355529,-0.6018627205745198,-0.7152604470777888,-0.71513358038457,-0.7283982303945843,-0.5038626384456659,-0.7886117112402622,-0.7948710738004398,-0.7911232484252791,-0.7852868150252414,-0.7890524448655951,-0.5616007623091889,-0.5739587053916512,-0.5812845439105,-0.5648947592695892,-0.5752734906564863,-0.8637737765633243,-0.8636041888924236,-0.8801021084488203,-0.8807087205301921,-0.4938086947031735,-0.8194039872502477,-0.8616173106569961,-0.8867557360948796,-0.8856399159648585,-0.8847937922023458,-0.8900581300376939,-0.892706355910341,-0.8846646809595654,-0.7758339277469771,-0.7758339277469771,-1.0738369072871325,-0.9350480984451783,-0.20939091898499676,153.3542483018868
2021-08-11 02:00:00,-0.8020598584720104,-0.7975492189345046,-0.7981518112059118,-0.7985388817324142,-0.8681839092350419,-0.6269724186403564,-0.6287887770364355,-0.6345580367024272,-0.735415611470002,-0.7353344301505204,-0.7547654447693471,-0.5691513562894609,-0.7966721963951858,-0.8038855004263382,-0.7940136117374418,-0.7952865278137,-0.8024241016465333,-0.6186704138346014,-0.6303192917674085,-0.6260621576663575,-0.6221997099379603,-0.6264749377703827,-0.8961492718870465,-0.898189025167075,-0.913861985512295,-0.9245806982069986,-0.5451862337207688,-0.8435781212291116,-0.8641582614467382,-0.9027881657934108,-0.902071910010692,-0.9012106986671476,-0.9333386530418852,-0.9319797194201825,-0.9161599694052982,-0.7758339277469771,-0.7758339277469771,-1.075655853429644,-0.9441651912298977,-0.30571044636727274,152.73207527272726
2021-08-11 03:00:00,-0.7852330173678603,-0.7827435180574607,-0.7818462741199768,-0.782268494615394,-0.8681839092350419,-0.6355546970712772,-0.6358108133485446,-0.634984264661444,-0.7382651301395781,-0.7376506496531425,-0.757597041616471,-0.5691513562894609,-0.7930954182489043,-0.8056879856587631,-0.7881150774657583,-0.7889488732424338,-0.8204668246619362,-0.6259745679939602,-0.6303187278118922,-0.6351039160256244,-0.6320173791755359,-0.6264749377703827,-0.9510325464797462,-0.9467398918029967,-0.9634704779804018,-0.9649133182170396,-0.5594745137863675,-0.8883553853997348,-0.8536020965266298,-0.9114346183723189,-0.9208749553303562,-0.9164960118899588,-0.961575534910063,-0.9640963288561858,-0.956411840946607,-0.8769762865887303,-0.8769762865887303,-1.0432656043496855,-0.9521292956107152,-0.3166666890154354,153.6617258555133
2021-08-11 04:00:00,-0.7843447930708647,-0.7811101647165051,-0.7801173847036679,-0.7804165330032877,-0.8681839092350419,-0.6159841934357034,-0.6155847240366384,-0.617552742658128,-0.7217296665871333,-0.721682173255739,-0.7431885920565992,-0.5691513562894609,-0.7973384506824868,-0.7933282445709624,-0.7784534031495095,-0.7838802395509387,-0.8042925953432981,-0.6259745679939602,-0.6303187278118922,-0.6351039160256244,-0.6320173791755359,-0.6264749377703827,-0.9367101471284952,-0.9407221342681753,-0.9689314439564549,-0.9644434178764405,-0.5327551846169232,-0.8941959476422613,-0.8458098384181268,-0.897422493410105,-0.9011347333198194,-0.8984724670559187,-0.9903909249501758,-0.9907239230673718,-0.9837469914210926,-0.8769762865887303,-0.8769762865887303,-1.0379793147033123,-0.990087993215125,-0.2409914284140562,153.7452240740741
2021-08-11 05:00:00,-0.7005358998460445,-0.6930903105671942,-0.6922026605278436,-0.6916482146634126,-0.8204131742546277,-0.5135733859756092,-0.5065305129705342,-0.4883930800715448,-0.681298719965029,-0.6811975521844557,-0.684135314989791,-0.4407971612920406,-0.7696261044204805,-0.7608685198516977,-0.7516769198755108,-0.7550458815780263,-0.7619083951114195,-0.4777086169414693,-0.49414884865322967,-0.49108311370723084,-0.48030736587599493,-0.4901502773483078,-0.9324825241435302,-0.9148952404059708,-0.9241671159542245,-0.92498787949445,-0.4777970289518084,-0.8635323253731725,-0.8165296675102587,-0.8583438361827285,-0.8575103708864844,-0.8540343357101837,-0.972415277136713,-0.9722077829402005,-0.9661239028851719,-0.8769762865887303,-0.8769762865887303,-0.9277017204379344,-0.9754426118042527,-0.1539033523394772,158.88990483271377
2021-08-11 06:00:00,-0.615980528845603,-0.6105498075507351,-0.6127601288956154,-0.611588652736303,-0.699512698050679,-0.48835985268669935,-0.48421779881218374,-0.4763971879247171,-0.6744549246413369,-0.6750638277504964,-0.6835310239134901,-0.38409856219642396,-0.759447025022756,-0.7519613003040304,-0.7411704020352966,-0.7428878477391475,-0.7515321670712246,-0.4088822994217425,-0.40928482257882426,-0.4122926636092008,-0.41352770301894903,-0.42870786965832247,-0.9102749709932593,-0.9111730902948061,-0.9310495147162073,-0.930994591577166,-0.4648406221386592,-0.8608784666722932,-0.805443831389519,-0.8499020541479523,-0.8494465100836504,-0.8435578843255606,-0.9577590081813183,-0.9587620117410436,-0.9541998651472601,-0.8769762865887303,-0.8769762865887303,-0.8537409427970608,-0.9066878918777308,-0.1942989251928768,163.79958241758243
2021-08-11 07:00:00,-0.7523708454258277,-0.7506967626569524,-0.7502297867049353,-0.7501768130279115,-0.8132248769804803,-0.6321769608020138,-0.6361810706468636,-0.6426548383653268,-0.7344004059274215,-0.7339247803869828,-0.7534625247347436,-0.6321150905727458,-0.7827385496376368,-0.7769086503890282,-0.7664790666396437,-0.767080054213133,-0.7724848931820751,-0.6742564932042538,-0.686788157602272,-0.6880609320597965,-0.6840714359695386,-0.6933570430417041,-0.9633655910800508,-0.9629386870118436,-0.9810913139672145,-0.9821986016986736,-0.6126976131702403,-0.9112004465125627,-0.8344128783911606,-0.8748464947475958,-0.8677519696654333,-0.8659688332430419,-0.9979655689973584,-0.9981387743797473,-0.9969072327594032,-0.8769762865887303,-0.8769762865887303,-0.9960141545154189,-1.0575499830594897,-0.3305805315123861,155.55920146520145
2021-08-11 08:00:00,-0.7810494487335664,-0.7765144902500709,-0.777682197011286,-0.777303550142629,-0.8132248769804803,-0.663880974231739,-0.6622759661311471,-0.6593305660954348,-0.7062858063432365,-0.7057424763992638,-0.7300622538027979,-0.6321150905727458,-0.7341040010228067,-0.7349920857376098,-0.7254204865053594,-0.7184828665457259,-0.7325147792867167,-0.6742564932042538,-0.686788157602272,-0.6880609320597965,-0.6840714359695386,-0.6933570430417041,-0.9620832634676006,-0.9569892836117972,-0.9768742850422133,-0.9762800793910376,-0.6418021013706919,-0.9004862857298391,-0.7869012314232952,-0.828963840802785,-0.8241816424240889,-0.8226506855474771,-0.9676906722992927,-0.9697642228744855,-0.9670274404004139,-0.8769762865887303,-0.8769762865887303,-1.028797366607943,-1.0886694950245763,-0.3582864332119782,153.94863197026024
2021-08-11 09:00:00,-0.5022099531169177,-0.5162388835148406,-0.521226032230345,-0.5145464702244638,-0.5372454196527585,-0.48656943646173,-0.4699829336348881,-0.47057426490925697,-0.5123597560935003,-0.511929663575857,-0.4838459404539988,-0.3004765739834952,-0.5867245832558072,-0.5530476881397662,-0.5631730952222223,-0.5698757371584539,-0.5517323929115261,-0.3720150226636016,-0.3773398443427022,-0.3779019821124472,-0.36855110061237684,-0.34288111989244696,-0.6208704039391283,-0.6182769304310628,-0.6341310500156389,-0.63461376853294,-0.4317115770443668,-0.5413199773679269,-0.6334386433604328,-0.6217723321261243,-0.6319336584900145,-0.6236293634012648,-0.6316269691856394,-0.6257124222894522,-0.6216758334817603,-0.5061209708356343,-0.5061209708356343,-0.7198249621822043,-0.8935984214341339,-0.046584744173223745,169.01793210332104
2021-08-11 10:00:00,-0.21919700487876156,-0.21687689629774615,-0.2185058587130424,-0.2165548790292813,-0.21570268339027782,-0.2817274876105083,-0.27532824396877315,-0.2763310272829029,-0.3174762152846319,-0.31713530064779766,-0.30704140654214124,-0.0951504001625232,-0.3726898514829191,-0.35135522522721635,-0.36303400375215084,-0.3655716569983406,-0.3332204312112838,-0.15079665719855512,-0.16169876373308198,-0.15838845965125956,-0.15237745333744804,-0.1289643693178302,-0.16231708093575886,-0.17019458443080704,-0.17814249285197636,-0.1681573935333295,-0.2632268980513199,-0.13134621394862778,-0.40764735275015423,-0.3892043958167254,-0.3900481094330638,-0.38522744387798435,-0.11576703877524983,-0.11946107800800891,-0.10644111502672379,-0.06783741585470206,-0.06783741585470206,-0.34338392461536926,-0.6575699906009576,0.26396683266751775,187.11421310861422
2021-08-11 11:00:00,0.2148399462647681,0.2185307668601856,0.21891590649916134,0.21650977819618253,0.18684661771112052,0.2602137499700128,0.263941264007428,0.26832121082630794,0.2803890851143955,0.2799957362482977,0.27477296028461184,0.3580558632559111,0.2674229542025512,0.3041543803910594,0.2873455465699342,0.28357767075640034,0.3206181021861108,0.3507539223427757,0.35334714634850073,0.34418964360982574,0.34559196346398957,0.3501991048042525,0.5300441272193134,0.6048041903790297,0.5226272860960479,0.5243844210913834,0.1780884969419393,0.5223489229595925,0.28187040817169057,0.3139683040728416,0.3095351835495453,0.3123324406563385,0.599787419954039,0.6006983571846034,0.5960668526853532,0.6907302754584496,0.6907302754584496,0.16872925631794156,0.19689642976211796,0.6721064985623995,213.20261412639405
2021-08-11 12:00:00,0.2742393417070244,0.2767391934369165,0.2783418838224723,0.2766453354138121,0.2711958209765871,0.32103105944996363,0.31676050305017417,0.3110561954991509,0.4467562601050822,0.44779404061550676,0.44895003481750706,0.3960315883269452,0.5246248794791826,0.5485889761078304,0.5429964450691884,0.547367228360577,0.5469327070840787,0.4000812003820629,0.3720800567293714,0.3745864914758982,0.3748151859637624,0.3840137661160725,0.939695933379578,0.9413814845987487,0.9446420824125877,0.9474512954026155,0.1513764624329031,0.9099561884220209,0.5551212639438301,0.5628186046136316,0.5580937591350151,0.5572203129559272,1.0739422623280404,1.0756046808178088,1.0860615284778161,0.6907302754584496,0.6907302754584496,0.2338758365613447,0.16713344767958144,0.6191402713869242,216.64763134328356
2021-08-11 13:00:00,0.32945960406187674,0.3301311433889373,0.3299741327985367,0.32947189320707376,0.2849563754817223,0.44585026397002303,0.4482637629621957,0.449426485295806,0.5771510564614102,0.5777435349930341,0.5778742924758934,0.5420220752883613,0.6777764958237661,0.6981556255533943,0.6963350502798212,0.6930770677462599,0.6916175170769895,0.5414427159395905,0.5401634454063537,0.5423089362190233,0.5398812216140453,0.54772623560782,0.9439931812490114,0.9452096187414917,0.9535472436168084,0.953373623176944,0.22523728722020814,0.9221853487496771,0.7096577538708517,0.7173657131705176,0.7145754186859403,0.7158208957796107,1.0465756199567886,1.0467448647462938,1.0412524214749395,1.0952997108254632,1.0952997108254632,0.29966694295902435,0.2724949603752921,0.7714987096380764,219.84422857142857
2021-08-11 14:00:00,0.14808643351057565,0.17800913109341962,0.1718260655812085,0.1786471976255032,0.1686744544455406,0.25023086140006884,0.1885256593994073,0.1616451001147597,0.38430533443829906,0.38824763378026106,0.443098235118242,0.160522080490357,0.4873827488010154,0.5018207341125341,0.4985471509087151,0.5018895261088513,0.5111591248390885,0.16535330443968949,0.16824448252210425,0.16772718988654534,0.17173622195403176,0.14011175926611205,0.7329467884452903,0.7350898081615188,0.7386579427267698,0.7380723726528238,0.09346001975933314,0.7087167311526852,0.5139010402867856,0.5167598957535271,0.5238635417146661,0.5209770149802904,0.8132772633299677,0.8171091407774828,0.8122789348714062,0.6907302754584487,0.6907302754584487,0.07499142698082516,0.2939166523060465,0.5634379017234536,210.49083949275362
2021-08-11 15:00:00,-0.11210539913776826,-0.11080686021201586,-0.11213938980089849,-0.11222884519592502,-0.14748802841288686,-0.08946406734282604,-0.08705880546272096,-0.0880635658484393,0.08060564562550877,0.08044840038642091,0.07075761391052672,0.160522080490357,0.13008176235863025,0.14180484175799027,0.14126658526047106,0.1445012714313787,0.13738995967378975,0.16535330443968949,0.16824448252210425,0.16772718988654534,0.17173622195403176,0.14011175926611205,0.2130635486502452,0.21221921482073322,0.20857116702616202,0.2109722774749703,-0.09410423941134034,0.21538040357553925,0.1349975669418303,0.12140127437896467,0.11775460634903132,0.1158670280020657,0.2897936217295166,0.29342887267669693,0.28930934339635317,0.23558966067055842,0.23558966067055842,-0.2328093967410629,0.21089787546202918,0.3090052809221221,193.52955144927535
2021-08-11 16:00:00,0.05091236498865334,0.028700651212303155,0.017795480493390886,0.027328469457612317,0.19443648594137852,0.18751857329514426,0.21499413352355065,0.31582802355393663,0.2828443794792109,0.2828677169066316,0.3603931225151812,0.5517411910393841,0.23786836732252792,0.26396218037938685,0.2600749918313621,0.2592230423124976,0.26588725457833445,0.5807067686473111,0.5684010210940709,0.5597402012347038,0.5767979443276585,0.5576731937476297,0.8030896314185826,0.7954117018565785,0.8080791037666863,0.8016001881401098,0.3450511651083147,0.773831660945855,0.2571565115039669,0.26099322085066806,0.2717038785326162,0.26130826470258617,0.8986496165699998,0.9125704867611476,0.8994270916645533,0.9562289674180529,0.9562289674180529,0.1474857234600715,0.20912723334834268,0.03733332383043671,201.3965610909091
2021-08-11 17:00:00,0.3145722627471934,0.31166926711182935,0.3112309539472317,0.30801955452898505,0.316257741543562,0.41346654529247406,0.4312693111098689,0.44460852328280626,0.4564980247486791,0.456288737401627,0.43898793361692945,0.5205458731536603,0.32906665507982785,0.3591666215677601,0.3446224858465606,0.3455966419269206,0.3662216327927267,0.4933591607223986,0.49141769658556017,0.4871334414422988,0.47138892821646405,0.5116772489960119,0.73633693800172,0.7334458074661176,0.7447081454997632,0.7429831103282859,0.671030736294701,0.7080351553239494,0.34188385417219663,0.3677911508136018,0.36872023570766344,0.3652280847072612,0.7637844320215192,0.7673243903155056,0.7690865560518853,0.640159096037573,0.640159096037573,0.3012483143780161,1.087695490721714,-1.5444471430044808,218.67056977611938
2021-08-11 18:00:00,0.3892651927680942,0.3846046771106046,0.38394940954133466,0.3815743300082458,0.3797548743914435,0.47597306673777245,0.4784921330854592,0.4978901901163338,0.579570918747396,0.5806176543115598,0.5926181603525202,0.5473006189671717,0.42056416118356393,0.4573308794036257,0.4461317995731308,0.4366594106150504,0.4629225911607544,0.5715300460025261,0.5759806550076552,0.5758273005190971,0.5709309846759191,0.5616686066911352,0.8312747973772736,0.8511987189534316,0.8317969631295558,0.833266891799574,0.8919198959646389,0.8205940328391833,0.4510308169486354,0.47137050553695403,0.46925270492505505,0.46282452557116815,0.8984980015934086,0.8982999381717025,0.8955264846319951,0.9183005828523956,0.9183005828523956,0.33685287031231337,1.2983994961178158,-1.5176237452712715,222.8390186813187
2021-08-11 19:00:00,0.31847503426719714,0.31904024954466875,0.31352409893047223,0.3169179715508763,0.3072077205952671,0.5717890166394236,0.5782528659159805,0.5615346801140526,0.6763491314473054,0.676753970390305,0.6482036490422275,0.564913465992047,0.676424952649387,0.7140419859123741,0.6885240984999156,0.6898246891082189,0.7385632725025116,0.5706833614878303,0.5643839856710626,0.561511371239978,0.5631114741816328,0.5704949438770879,0.7518804023008443,0.7541342535446338,0.7609454693387134,0.7601378987747326,0.5699661800495557,0.7406680176448254,0.717248027547977,0.7618728443325054,0.7634694639840158,0.7614038085916152,0.782447671527246,0.7853193954343239,0.7811095239000878,0.9267291127558728,0.9267291127558728,0.3093525702606693,0.3688647959939551,0.43033769458110027,218.9828657992565
2021-08-11 20:00:00,0.16231761981543033,0.15684151065118312,0.15623990056150644,0.15799778504233797,0.15366771317698819,0.3595081922746842,0.3603045396678618,0.3605876438166754,0.3005820173676328,0.30058616677461014,0.28782002361002074,0.5093267786924459,0.2756300712840001,0.33855896125846535,0.2889863002367868,0.2904283609493147,0.38296035970736964,0.4748997071323589,0.5032951838530451,0.4868642373515822,0.5034661259557277,0.517351794306568,0.13086780267673573,0.13041346182982352,0.12460787917017077,0.1271659403027447,0.17023394762526506,0.13771904725859022,0.2997165770051272,0.3817241557679734,0.3839804258675208,0.3863192659389985,0.07151474101490253,0.06672840695552783,0.06980070217006393,0.03330494298705113,0.03330494298705113,0.0993194810761854,-0.028108358941093155,0.6987190089735357,209.53003247232473
2021-08-11 21:00:00,0.1256918784443945,0.1281342678701795,0.12795697192886274,0.12940286414802066,0.08760454460151057,0.3396538939651682,0.3302003342703436,0.3245147813437255,0.27228572108054905,0.27209693543509866,0.24715974227249224,0.3586371091460386,0.2783708953823119,0.3303051884455545,0.3024426267954972,0.2938576863448738,0.35925305884312947,0.3688185528189654,0.3622388073898661,0.36560938160424394,0.40614996847884216,0.34838559262992774,0.11774379045384518,0.12240474557637117,0.11693420455346348,0.11686359698622424,0.11136210837464695,0.13671638418419027,0.30048309944763885,0.3529634564070207,0.35563473942794216,0.3543914757303939,0.08318715127995589,0.0844335958966576,0.08439814796777942,0.03330494298705113,0.03330494298705113,0.03813712652606612,-0.11516261289273044,0.572087649220737,207.8504549815498
2021-08-11 22:00:00,0.05255921254534372,0.051786247082558794,0.0503830938720652,0.0509372500915124,0.02649471027296633,0.07948002578315841,0.0815868585456377,0.09655039592681132,0.008324121855684256,0.010038728224209138,0.0074373536403320286,0.15569664666131044,-0.00428417477445096,0.025168987913476545,0.010417209304921984,0.011653239822277194,0.037364770062311564,0.13967194629185686,0.137439596757487,0.15377750797570902,0.1527298475536399,0.13845834512105537,0.082759944412792,0.08655135382310948,0.08551114302260722,0.08632127887800209,-0.05438767840336841,0.10021966573414369,-0.0019194924425934164,0.012760747459100164,0.01302874793737596,0.011080347401176032,0.09984065776798004,0.09988886446490804,0.10004674128656837,0.03330494298705113,0.03330494298705113,-0.03339256524744587,-0.26896329437432687,0.31893230043069987,203.28790145985403
2021-08-11 23:00:00,0.0006143620379370448,0.002350657543313098,-0.0011172564668457659,0.0032273389991934014,-0.03964699031934527,0.05338224226680566,0.054233488992291905,0.0666089684447499,0.07780515061313734,0.07786049697824153,0.07389972443768661,0.06978989511630354,0.0992004853475237,0.13450261216079015,0.11435622554468763,0.11574308511244098,0.14984147786317462,0.05389616100471142,0.05085381449219113,0.04786178279987748,0.04999176657459649,0.04714863635004015,-0.012632730026252531,-0.024371336939617405,-0.030998747578842075,-0.030525652515628013,-0.07937186584292887,-0.0055122336910729645,0.09858416676675633,0.1332217458939282,0.13182405158649085,0.1299856268636358,-0.013176839563813903,0.0006058900774226858,-0.0014876830197997767,0.03330494298705113,0.03330494298705113,-0.08878543721564668,-0.2548085550730994,0.3024206306784166,200.41583345588234
2021-08-12 00:00:00,-0.18993126614035444,-0.1847072733854677,-0.18678797932244154,-0.18528150938513907,-0.239032800435541,-0.181646832316719,-0.19095368613568342,-0.19786527778131616,-0.20084583459453748,-0.20227603847716674,-0.2453943940359158,-0.12728922419741834,-0.21461142402186995,-0.20166227108733734,-0.20054243875840289,-0.20254431660504899,-0.20779432986111943,-0.1500145180948273,-0.16695370123282532,-0.1672009631941295,-0.15428539240231715,-0.15925827222182612,-0.16412944018819242,-0.16184193070442807,-0.17025042426025885,-0.1709887483179401,-0.21638060259747582,-0.14199024449282044,-0.2404345754286627,-0.24705461695828618,-0.25504609368558717,-0.25755836320655123,-0.13937290848688833,-0.13705940418819118,-0.13597276761663832,-0.11840859527557866,-0.11840859527557866,-0.3265848506327431,-0.3987369999234515,-0.029936344803728632,189.15492757352942
2021-08-12 01:00:00,0.03202465238561547,0.030282318680744408,0.03119649208829709,0.02988256783873192,-0.05773422266301617,0.039593936712093256,0.03021293615118546,0.011311051059142032,0.05642512505921069,0.055597346779812394,0.020241431723595413,0.0023280131513357164,0.08175848234224646,0.1039196238500851,0.09011769120847046,0.09921091570585702,0.12163605033460387,-0.00017151607627902986,-0.0030329810118529294,0.0011461253385254742,-0.0006578721262212222,-0.0021333122959195823,0.1614935360402589,0.16186507425015323,0.1580033831279702,0.15588010199618044,-0.1208354720331915,0.22965901333680575,0.07917187454654401,0.09222530108783901,0.09603151350077722,0.0966259034976054,0.22737387717057694,0.23164212720580635,0.22848822289175147,0.18501848124968182,0.18501848124968182,-0.07062802243990904,-0.41762954422108045,0.16545395487823097,202.14765777777777
2021-08-12 02:00:00,-0.07059687633093674,-0.06577489890909499,-0.0691168593013177,-0.07131435121033547,-0.13891582248654277,-0.03708119339575077,-0.045702411986331556,-0.07718267832751037,-0.021337035766392013,-0.021779413091245602,-0.07060370674128254,0.029834710394906403,0.030616205065663864,0.039522691331876685,0.0399476484977274,0.04803435917986991,0.046644327587698174,-0.01078644792022543,-0.01794052473094015,-0.022082180669258905,-0.01716416146358738,-0.0019907388253144233,0.15924794363008163,0.16374078735720557,0.15946470702392154,0.1596061391483628,-0.2160514574720568,0.11270134669625206,0.022923463442389366,0.013676436342267263,0.02017099159369815,0.015448303614527542,0.213477294849025,0.2124184835770446,0.2050435986593655,0.08387612240792773,0.08387612240792773,-0.1690864672323522,-0.5148201657225226,0.03316674298092032,196.22230037037036
2021-08-12 03:00:00,-0.5528556316000277,-0.5531554309256071,-0.5516548225724004,-0.5518493696124308,-0.5577532455978244,-0.4711128754573864,-0.4721659178011349,-0.4737492273896054,-0.49386057149058865,-0.49401679400345677,-0.5033166211401713,-0.446406134452633,-0.49069665739409374,-0.4864506911578559,-0.4765485721163124,-0.47715676321373257,-0.5029237418761454,-0.49157603686614326,-0.49543974282976033,-0.49495829812755876,-0.49674551270024114,-0.4979910258978394,-0.4132350228390372,-0.41236866395328403,-0.4215307004348255,-0.4224532721946492,-0.5147248046145805,-0.388901115687439,-0.5259532581486694,-0.5629637700665892,-0.5679729286933698,-0.5693126723658383,-0.37671827221825993,-0.373851153896992,-0.3698232549906083,-0.3881215521869223,-0.3881215521869223,-0.7557050045372903,-0.6911512174709051,-0.30387443410344805,167.28103911439115
2021-08-12 04:00:00,-0.5973046892224677,-0.5934706268002324,-0.5923905354381104,-0.5936024121517742,-0.6564959132522384,-0.5339034032566097,-0.5378702487175283,-0.5439110059373018,-0.5484309295382289,-0.5483916617731265,-0.5663008265901674,-0.5236712334258129,-0.5338103422722215,-0.5379993269141399,-0.5164346961771528,-0.5202377613234387,-0.5687508891616017,-0.5675353501601748,-0.5946634862348374,-0.5812845439105,-0.5726570803292811,-0.5775140241245958,-0.4005737249392584,-0.40010598620965443,-0.41373595126354923,-0.4125738720218676,-0.5897929114085306,-0.3737614408687593,-0.5754084768893317,-0.6302991741805324,-0.6378104921019917,-0.6387642583463797,-0.34422899098650417,-0.34289073803068204,-0.33818172754850884,-0.3881215521869223,-0.3881215521869223,-0.8119408923507796,-0.8356217371462116,-0.28213246451195223,164.87765811320756
2021-08-12 05:00:00,-0.5117292285584073,-0.5077200285363574,-0.5083778333444544,-0.5101004834044399,-0.6354074489985857,-0.4995163657789454,-0.5006954880631527,-0.4912342868377069,-0.5595329586126112,-0.5600447697140613,-0.5759497728548507,-0.5236712334258129,-0.5591923239125512,-0.5580312144014054,-0.5420165886231187,-0.5428426768412018,-0.5737397092717871,-0.5675353501601748,-0.5946634862348374,-0.4994792337441083,-0.5726570803292811,-0.5775140241245958,-0.41132370582873146,-0.41799466854177014,-0.41964163086571055,-0.42850319803335546,-0.5650495485733119,-0.3912858458226408,-0.5954222635738387,-0.6452360739926857,-0.6459937847474136,-0.646434984995431,-0.3656006420611613,-0.36911676537384164,-0.3640161662308839,-0.37126449237996256,-0.37126449237996256,-0.7169609047294424,-0.7760616220141641,-0.27457437902142334,169.89493650190116
2021-08-12 06:00:00,-0.4569176624928763,-0.4554061432558119,-0.4554885310259793,-0.455250056742278,-0.49209873436920126,-0.42802887554490165,-0.4305948802496382,-0.4325447559163106,-0.5281964534158734,-0.5281598627166538,-0.5426924532719244,-0.36317847934888964,-0.5314733093935292,-0.532897923294308,-0.5254358177628333,-0.5185801967780982,-0.5411057092617763,-0.3965544072787112,-0.3947635319927668,-0.40615684206984876,-0.3878436316708489,-0.40822762638941945,-0.40816981791922524,-0.4090296320131679,-0.4200418994021677,-0.42054937130380954,-0.5275053220679958,-0.373865820758666,-0.5726994463935471,-0.6087885257134135,-0.6108429244373366,-0.6126547042185412,-0.36222376454242766,-0.36457460236197087,-0.36092043289866566,-0.37126449237996256,-0.37126449237996256,-0.6735359463884814,-0.6896916545751691,-0.2982545606093545,173.1209531598513
2021-08-12 07:00:00,-0.5643237364741547,-0.5678066523899034,-0.5671484973389114,-0.5685640923839471,-0.6170338656527944,-0.528241826879687,-0.5163992369785867,-0.5101683915817016,-0.5623860280176414,-0.5618839999616028,-0.5627105597273836,-0.5996726276591804,-0.5615805542674163,-0.5729160663037135,-0.5531128664585552,-0.5528629765580291,-0.5850192854932081,-0.6588477501302609,-0.5378181800929254,-0.5362919055035662,-0.5459459334211199,-0.6613556142569946,-0.45460769891525693,-0.45478610597066993,-0.46839613173559097,-0.465329133391228,-0.5567318136914282,-0.4121267043202071,-0.6089673028997306,-0.6634605044589428,-0.6579544850741603,-0.6576657152345752,-0.40414866706437885,-0.4039547942392167,-0.4013669938236903,-0.42183567180084003,-0.42183567180084003,-0.7732111825458858,-0.7412999971381963,-0.2805259117171481,166.2743358974359
2021-08-12 08:00:00,0.1110555382261852,0.12238009802265334,0.1349920262478056,0.1336436874458412,0.11792444743392544,0.2554878559710928,0.2513996809934418,0.23315866265527793,0.24214881888786768,0.24790376342566636,0.2102376310646768,0.18796980307970068,0.29406248647048133,0.2977270347741369,0.3064120526163572,0.3042758675477575,0.29239277646366685,0.14521304939398666,0.1612980937501631,0.16355289494049488,0.19159918096268735,0.17237955202091276,0.03321677548505105,0.03605272395894202,0.03143641166252526,0.02940401178981564,0.027478727655508465,0.26461571420481506,0.3054120906190679,0.2610943126517488,0.2688894759789957,0.2640613633085193,0.29996645235241653,0.30220820890087896,0.2998142957426787,0.21030407096011966,0.21030407096011966,-0.27831781245068804,-0.008313775585678728,0.6800921215197779,208.1933856617647
2021-08-12 09:00:00,0.4339668659702687,0.4337057753889767,0.4320279568329335,0.4335692361228679,0.11792444743392544,0.504716012711187,0.5038613244276304,0.5044139051498321,0.5509645550048077,0.550711334101551,0.5386422344161174,0.5342898158590471,0.6397437117858971,0.6609656409132629,0.6595633251411559,0.6545838312758221,0.6543224855248186,0.5444112566481903,0.5390655932030111,0.5448277722300869,0.5439913194409334,0.538686639457466,0.6179552913454035,0.6183672717649346,0.6224691295833205,0.6220431313370914,0.2332672226769922,0.6131195391491384,0.6793065843570687,0.6788444163175894,0.6736013669357787,0.6687502024037947,0.6294702079521969,0.6154780718294706,0.6324209503574344,0.21030407096011966,0.21030407096011966,0.4243580344811785,0.20986680125456253,0.8942462226264174,225.97154448529412
2021-08-12 10:00:00,0.668538053329082,0.6739678991026097,0.6740148668714719,0.6812373131021482,0.7613578915858558,0.7476572615598733,0.7368910731773772,0.7028915954678826,0.8232488389199483,0.824369209187019,0.7942359269043985,0.8033286998640281,0.9403160892283127,0.9583910022176589,0.959115743418975,0.9590350149523666,0.9494263836477091,0.8604626205409187,0.8492674450247799,0.8476502052439542,0.8481809793650699,0.8226426564052838,0.8343798140431984,0.8362298929088531,0.8402324440981943,0.8403645432521193,0.44716262494161446,0.7874291090842983,0.9888610923119786,0.9983963704822922,0.9893143602016746,0.9883425945715609,0.7983359418802819,0.7990622661496684,0.7961129576107346,0.7413014548793262,0.7413014548793262,0.7192221947924982,0.5759404311174636,1.061299912658024,240.46309338235295
2021-08-12 11:00:00,0.8752171212826566,0.8711763647745069,0.8703455654877612,0.8712501206905661,0.8766492723153424,0.9082141813196988,0.9094371977454181,0.9144288109891486,0.9974998127803852,0.9974675869868059,0.9965314281426368,0.8729640109055603,1.1342691425159506,1.1541387368186737,1.1493644186466654,1.154415487789046,1.1549692671223177,0.9000121017990989,0.8989600093624254,0.8963738881870045,0.9086419279341027,0.9009382830155227,1.1279447844211081,1.12724229927404,1.138086959606846,1.1376713534618232,0.5378343963719845,1.0944975556447003,1.1973354561797727,1.2067009725597606,1.2063504981645776,1.2079044458368904,1.145014796359126,1.148922165019067,1.1438959622400229,1.1458708902463408,1.1458708902463408,0.9506741931257457,0.7522057767213034,1.1073382401404672,252.01380441176468
2021-08-12 12:00:00,0.8692970732994935,0.8692379782058427,0.868407893773119,0.8686768991828834,0.8707209300272267,0.8938976708162014,0.8945333204388854,0.8943689715770993,0.9858972057695895,0.985811916216774,0.9842482756456447,0.8083827239570998,1.1348484401155219,1.1445971608024077,1.153637419461853,1.1522329246522804,1.128997481817396,0.8487063285815374,0.8937545871570015,0.882596282433944,0.8455840373658513,0.8838714136247704,1.1431546569101347,1.1430411822682902,1.1534331593982863,1.1532352014306233,0.5301588593987616,1.0969459267924744,1.1941707350289728,1.1861356430823673,1.1781020289127742,1.1771188059702813,1.1426814557789988,1.1470944112232673,1.1414178898106873,1.1458708902463408,1.1458708902463408,0.9497392100120154,0.7767090753488008,1.1263559328756245,251.8611157894737
2021-08-12 13:00:00,0.8297078758112181,0.8318262906041815,0.8297203733644112,0.8294087609613923,0.7959601369859276,0.8847277414757494,0.8797765650673858,0.8702328820008699,0.9765366850682894,0.9761881990050293,0.9624596900465355,0.8199037792461724,1.1372395632379477,1.138675511732342,1.1530317325118624,1.145676896453846,1.1241495428342412,0.8315857024290654,0.8385113094498955,0.8348051630957165,0.8343969340481934,0.8670181947045161,1.1154142040771522,1.0999735384297646,1.126395218997259,1.124738640919836,0.5150530490711709,1.0762470218386382,1.1871898804322516,1.1799496266733023,1.172067024253679,1.1739956416953152,1.151629328134814,1.1533959556907998,1.1516366092029866,1.1458708902463408,1.1458708902463408,0.9192751676947892,0.7132993389201906,1.135924855618106,249.56967350746268
2021-08-12 14:00:00,0.7255444337947805,0.7208692205139196,0.7222791637031468,0.721561832339622,0.7205051936306526,0.7903323658382514,0.7965716482745616,0.8038272774528583,0.8153017932913676,0.8152025855249304,0.814310296491681,0.7889776560382247,0.9530666361448057,0.9547712327358023,0.9632440294383665,0.9597453462124675,0.9442833942815994,0.7767988609029044,0.7767187035423166,0.7781870843016326,0.7768633453472212,0.8030153371350994,1.098609668552384,1.1001902723701436,1.1094401835899028,1.107860757640323,0.4167424755376861,1.0701651535867358,0.9835710351992404,0.9824292112825445,0.9839979311575551,0.9846873557178165,1.1401504825267834,1.1520321505572504,1.1421545386319376,1.1458708902463408,1.1458708902463408,0.7745412916718238,0.43419098375581244,1.048194808748249,243.09433051470592
2021-08-12 15:00:00,0.6866896814819369,0.6857716342720045,0.6868630357324724,0.6844012761937254,0.6846832940699941,0.7576191554131393,0.7571425111522726,0.7531421543246488,0.7755580280443544,0.7754130004165543,0.774768562848603,0.7511785899744807,0.8948233807332248,0.9007743049102125,0.9034371001177804,0.9033034323094649,0.8909651119406409,0.770634166761524,0.7690286061237184,0.7724825818950487,0.7645348474532018,0.7665342396502354,1.1149053094670316,1.1140408193663245,1.1247132022423485,1.1247382578191618,0.418359315745692,1.0807418808477496,0.9290174955319798,0.9306878344859996,0.9202113575961605,0.9208091414801138,1.1413197029158415,1.1551844522921006,1.1377039520035521,1.1458708902463408,1.1458708902463408,0.7377002932762593,0.4292577710372346,1.058868180734314,240.99458289962826
2021-08-12 16:00:00,0.6506397302444676,0.6498339409501577,0.6514168407991264,0.6502909525841923,0.6455701613127469,0.698835071045722,0.7000825036343709,0.7014238742669486,0.6440987464802649,0.6439123555873071,0.6434321439271743,0.6816452867586797,0.6782065548090385,0.6940927165887537,0.6815800165230058,0.6851664096008327,0.7077002013954093,0.6972656288686635,0.6963181034006984,0.6988579438375879,0.6859055098070607,0.6934113873568144,1.0478497098255226,1.063182101000864,1.0734147563961798,1.048106246962885,0.4935768656118012,1.012102100161255,0.7057923797621356,0.7222345776048932,0.7192354833457637,0.7246782046627301,1.0907359392574731,1.073141334349178,1.0850642549850558,1.1458708902463408,1.1458708902463408,0.6945945187408242,0.6411803292413284,1.1084431158633155,238.87227725631772
2021-08-12 17:00:00,0.5824704247844759,0.5819775135337298,0.5832692101275253,0.5862117960560898,0.5791485958811867,0.6034089899342028,0.5941194509047475,0.5965818018624711,0.5490548610078028,0.5491256588075241,0.5182688456590882,0.6025440910815609,0.5460771439017282,0.5614062253059567,0.5543960431640097,0.550829675394804,0.575006591887815,0.5982082521293218,0.6056028132637444,0.6081188391327979,0.6002300906623408,0.6075685718585696,0.9040380461193213,0.905443398560234,0.9127216190249602,0.9119277490949772,0.47434429552094737,0.8863310740248003,0.5651485487984893,0.5812506791485447,0.5775574660074944,0.5835902000617216,0.9498591811452965,0.949682343558016,0.9390955951096089,0.9183005828523956,0.9183005828523956,0.6044861905163033,0.7460613890191421,1.0026826818733978,235.00106875
2021-08-12 18:00:00,0.04590602516703041,0.03297790619584338,0.02861710465163271,0.02950053231989704,0.05075354113211478,-0.027627697232486672,-0.042097445952317215,-0.008280400217098192,0.1519950615613207,0.15349183448723508,0.14489584652992235,0.03067731269914334,0.20837944924305904,0.23897706213470515,0.21934255910105865,0.21332257491253112,0.2629897606216748,-0.02446026736390449,-0.00884144085072458,-0.012631536851450761,-0.02437858918547058,0.007947410427296048,0.2427594480112182,0.24497062569257969,0.24350040972425954,0.2425367081805634,-0.08758727827229458,0.2012192211904173,0.21097230141627285,0.247108334357643,0.24330626762417154,0.24578379118973992,0.28616313079409733,0.2859105251242797,0.28505196642781006,0.10916171211836648,0.10916171211836648,-0.026530605129976213,0.04411867443494994,0.22980403466566124,202.20228302583027
2021-08-12 19:00:00,0.09390783563353791,0.09221596779787096,0.09179511678283714,0.09458986022299322,0.04904852378886588,-0.01754999165735861,-0.023016319631881506,-0.019143368357763025,0.03521538618550358,0.035656103915529744,0.026038959667557402,0.03340616776293313,0.05236123538751916,0.07711399355039984,0.061156992319152094,0.05650519020459602,0.09700405125343203,0.004074887549542353,6.465745185553965e-05,-0.0006403288098070066,0.0016713628676790517,0.007850680456424945,0.032347477154779446,0.03194158748776745,0.02770992078365165,0.027430660219705583,-0.09334674165305583,0.040565833792069246,0.037454467108326124,0.06964298601143393,0.06352394494901781,0.06606236354080093,0.054588641087676526,0.05325386656930838,0.0532130579631081,0.08387612240792773,0.08387612240792773,0.0031443125166719247,0.08108176183305378,0.21115320437858642,205.6791698181818
2021-08-12 20:00:00,0.18226340325393847,0.17905892686782918,0.1797851402540143,0.18081610623033034,0.15412504979757782,0.1362959458864833,0.13576434529073,0.1469834673113739,0.15080318324815398,0.15030501851388187,0.1471031206356472,0.1768190229502645,0.16605572478515068,0.18494096661875112,0.17571361338581426,0.17276590766943173,0.19688641782467944,0.15761437207494136,0.14475325386903592,0.14258324562903518,0.1552299326166664,0.15851296533223727,0.1180035545682644,0.12591175037289729,0.11561855327031834,0.11537226268373434,0.0528742483526752,0.12737119465200814,0.16136985224540495,0.17746309117399126,0.17254222455366483,0.17860759216316155,0.1256752006632317,0.11622495571318185,0.11668729317155604,0.03330494298705113,0.03330494298705113,0.12830909834342513,0.17227204762449005,0.5192431150333962,210.9166197080292
2021-08-12 21:00:00,0.18505888031380152,0.18335069717107583,0.18450738317193646,0.18385189959230236,0.17933416890994142,0.16959961019709469,0.17630679142339512,0.18041665985731575,0.1810455122054407,0.18182688177499634,0.17127951039303577,0.2178717147262246,0.19358148962590935,0.20268267697556405,0.19909875592975057,0.19877613927374158,0.2126680635846795,0.1969047625414815,0.19910700454047495,0.1948681685363046,0.19487720393899424,0.20139406892683007,0.10325776358189888,0.10790529359639217,0.09851976098677956,0.10339706101980271,0.10098086817985749,0.12838683272661147,0.18758550834586993,0.18971977100421572,0.18772547359917305,0.19202967632185242,0.08383572645760204,0.08663862662659795,0.09468325562456746,0.05859053269748988,0.05859053269748988,0.1304842889226803,0.25747334104788805,0.6203376121209733,211.13020074906368
2021-08-12 22:00:00,0.32289515705451494,0.32201483552314547,0.3219906761715534,0.32096335845352003,0.31084183709694707,0.3430052267771568,0.3440706407558009,0.3302265709812852,0.4299072501552328,0.4294311376681226,0.4137245996296194,0.3551431045474123,0.49044780313254016,0.49896672179804946,0.49031303039995283,0.4971154692320929,0.5155477414065325,0.35363471801847945,0.35200485165492423,0.3524622205494665,0.35211570025757166,0.3253983120992173,0.37651745924393404,0.379921104273968,0.3789830917169284,0.3851127318984283,0.21928534356059498,0.3738116798057224,0.5055172797380679,0.509025006292408,0.5133737677689677,0.5186937658366311,0.35027601965221516,0.3461536074637406,0.34555858017967006,0.4884455577749423,0.4884455577749423,0.29294114306409713,0.3792280820953299,0.6993659788375011,219.24750772058823
2021-08-12 23:00:00,0.022209245929389207,0.0867958742237134,0.08309111972057602,0.08862705084709917,0.054951920923891,0.03873213123229887,-0.07070533600303518,-0.08657754626620554,0.14758405014679754,0.14444393119504387,0.17710229086981752,-0.15275832616180568,0.18379924745997928,0.21447400520629678,0.18559600871328774,0.19025124663938506,0.23928663463436445,-0.12764244149185414,-0.09707042836001435,-0.09260639626205147,-0.12997075513429926,-0.16725897897701902,0.20828373703609157,0.15885673583163368,0.20944780810480407,0.2096567097615647,-0.003816004346542174,0.14759170558396906,0.18098663975176624,0.22371473132273134,0.22883458319795766,0.22735164523428017,0.1397032952329387,0.13930869591192377,0.14416851353110915,0.03330494298705113,0.03330494298705113,-0.14528005368173275,-0.04944956567408922,0.479122650100034,205.34763956043955
2021-08-13 00:00:00,-0.4826089376336278,-0.4850510276013188,-0.48354899928147316,-0.4867162692611509,-0.42787437842491033,-0.4883897465846187,-0.48115252105564893,-0.47613174229765115,-0.5237214776645798,-0.5258544149211394,-0.5330303885738765,-0.4844583653929655,-0.5637931906586345,-0.5626532330696863,-0.5606738246266385,-0.5641463498747957,-0.553700544921403,-0.48216023109258627,-0.49982810628334484,-0.48510983048680223,-0.4993714085340859,-0.4943105889315652,-0.5302263998022749,-0.5303184515592136,-0.5422753651559372,-0.5420473418990819,-0.4212157981810601,-0.4892675746652964,-0.6211954689236372,-0.6298115105009675,-0.6349641936237446,-0.6298832958842817,-0.5132878038384727,-0.5124728961740215,-0.5087695802277109,-0.4724068512217166,-0.4724068512217166,-0.6580366088424296,-0.31070961982088574,-0.3590514446590763,171.3961784671533
2021-08-13 01:00:00,-0.6328753965423987,-0.6323870039598043,-0.6298120095274583,-0.6321639547243297,-0.6584138396189023,-0.614358459485534,-0.6120227434943215,-0.6123201640493632,-0.5789765632343965,-0.5785891606033906,-0.5948136923368226,-0.5350921355768945,-0.5902918687270197,-0.588671437467876,-0.5897744020978068,-0.5880887401264022,-0.5776345384451967,-0.5917333156890147,-0.5926735691960054,-0.5924788062571739,-0.5960589610535384,-0.5832736381172537,-0.714684745542607,-0.7150676821088724,-0.709215719654449,-0.7283182960538467,-0.541140644950178,-0.6674238714565341,-0.6544151144956937,-0.6642411686387025,-0.6617372244241004,-0.6562611907447791,-0.6967220914120879,-0.6939807725407151,-0.6883574658109353,-0.5988347997739085,-0.5988347997739085,-0.8614498893069311,-0.8613248169339071,-0.5257577083498163,162.6533338181818
2021-08-13 02:00:00,-0.7752910923717582,-0.770552565263023,-0.7693146605109048,-0.7698519036182271,-0.8026806448536534,-0.7832750360800005,-0.7753846714458367,-0.7665493083083529,-0.6725205672329819,-0.6716509678517059,-0.6835432806171333,-0.7487259327076158,-0.6673644694246503,-0.6797163259721313,-0.6688665335676239,-0.6670541194280801,-0.6717899684976332,-0.7885555241325987,-0.8034041199396115,-0.8022447783463531,-0.7935214198218484,-0.8199541751701953,-0.8048862609331758,-0.8034082416818992,-0.8272691575677055,-0.8224970657229865,-0.6640425259619409,-0.7652806222944353,-0.7348573574428596,-0.7687758490638091,-0.7640808502872108,-0.759131481882362,-0.7666976983367252,-0.7681781649583843,-0.7639974873865949,-0.7631911328917578,-0.7631911328917578,-1.006765569006904,-1.0244886570031453,-0.6035182351429955,154.34261845018452
2021-08-13 03:00:00,-0.8092514395212066,-0.8083440553997469,-0.8075105740907041,-0.8076207638704465,-0.8870353744462309,-0.8023092426132657,-0.8038306792107448,-0.8064429833236357,-0.6889003851441451,-0.6882584529427459,-0.7169976423365476,-0.7379324449236316,-0.686199821856908,-0.6931366754418317,-0.6887300469310712,-0.6835002007148337,-0.6812116880523071,-0.796271176563156,-0.8140846196805168,-0.8151290723698728,-0.802733677096138,-0.803760923671901,-0.8114058627773222,-0.8100039563910648,-0.8182805213330355,-0.8179464864637169,-0.6779374669964748,-0.7556385299642955,-0.7541018116478491,-0.7753261862551346,-0.7723851140547253,-0.7678764444992244,-0.7410174728606362,-0.7396172813765757,-0.7351352618763234,-0.7421198081330584,-0.7421198081330584,-1.074018349893499,-1.0420871102022158,-0.5891531226047165,152.1034
2021-08-13 04:00:00,-0.8523209763371239,-0.848871599547479,-0.8493907562415506,-0.8485292373429796,-0.8870353744462309,-0.8160409683309034,-0.8172593504480605,-0.8199105773535551,-0.6675131397761619,-0.6676498624480156,-0.6953515687785402,-0.6979101381697186,-0.6765917954883249,-0.6680547497643676,-0.6709989737541595,-0.673556324360513,-0.6591925446104638,-0.7458220929546985,-0.7585300667262568,-0.7588881332689151,-0.750052062770244,-0.7629067030749183,-0.8499390588379115,-0.8499692411039504,-0.8670942567792969,-0.8658769779487885,-0.67258644429234,-0.8044741836639135,-0.7400942972045655,-0.745508467042406,-0.74575421149003,-0.742465028143246,-0.8257264993546977,-0.7884312174419531,-0.7813442299398298,-0.7758339277469771,-0.7758339277469771,-1.1128251929678687,-0.9475635899622062,-0.5787354810224496,149.74058634686347
2021-08-13 05:00:00,-0.7926152430587092,-0.7878030930716959,-0.7874438964256804,-0.7869474455967979,-0.8661859965549371,-0.7097948034234863,-0.7086287287258503,-0.7094756853586325,-0.631144007722228,-0.6307484433187259,-0.6477186709414416,-0.6591000023319685,-0.643634300344822,-0.6319620979178717,-0.634132816322858,-0.6416443046317771,-0.6177840905260534,-0.7156890907329535,-0.7484194722322247,-0.7474788462711658,-0.7224269622605598,-0.72279802194698,-0.8621069568291331,-0.8625224104116473,-0.8808316209548223,-0.8796149681068448,-0.631491685677058,-0.8156711014374556,-0.7089703022261026,-0.7053688540679764,-0.7050714698483441,-0.7016009545958075,-0.8575035662716745,-0.8577288753905459,-0.8500120845494751,-0.7758339277469771,-0.7758339277469771,-1.0715350631403444,-1.0318685149931275,-0.6463449800810677,153.35687269372696
2021-08-13 06:00:00,-0.7845768173281356,-0.7808005163973688,-0.779616284197806,-0.7807743440595237,-0.8661859965549371,-0.6747545264370928,-0.674262956436487,-0.6744245939677186,-0.6178259404564698,-0.6172571095897654,-0.6314072944544177,-0.6591000023319685,-0.6351871458836724,-0.6297166132888125,-0.6309128492379021,-0.6333101292733374,-0.6159372797752534,-0.6821318735123304,-0.6832386215834498,-0.6958119781434468,-0.688865652307586,-0.72279802194698,-0.854429737295471,-0.8539609784817341,-0.8708940565129408,-0.8710411750299539,-0.6053112386848134,-0.8014317031692233,-0.6999395970245944,-0.7041973447721762,-0.7056661107289958,-0.7008435811325145,-0.8485544188663615,-0.8493877129029346,-0.8431743510005284,-0.8769762865887303,-0.8769762865887303,-1.0715350631403444,-1.0329797238521357,-0.5718588176726074,153.74316222222222
2021-08-13 07:00:00,-0.7854917723169483,-0.7808661434612368,-0.780467094088152,-0.7809198602417486,-0.8661859965549371,-0.6749537774680281,-0.6739213946377475,-0.6727159029764548,-0.6442185324021392,-0.6432680782007563,-0.6659324782458506,-0.6591000023319685,-0.6557638651950638,-0.6640795434674615,-0.655480237397227,-0.656247629713953,-0.6535005228560582,-0.6889794058262495,-0.7177645422393589,-0.6971038191573894,-0.6833855218717362,-0.7163985751316767,-0.8335690368453879,-0.8343254922764488,-0.8502241706073336,-0.8514312366604482,-0.609362554591952,-0.7956606067099092,-0.7284183214221177,-0.7497454811368813,-0.7470988889014469,-0.7424647247420612,-0.8442090501794361,-0.8392858539124342,-0.8335951823582672,-0.8769762865887303,-0.8769762865887303,-1.0440078596609628,-0.9808944841906806,-0.7163317675066629,153.72228467153286
2021-08-13 08:00:00,-0.8116141112713006,-0.8069289062073942,-0.8076384198094357,-0.806779557758199,-0.870140083602497,-0.6788260737939432,-0.6823007951942657,-0.6848717252211065,-0.6888686923262811,-0.6890129748327882,-0.6968410814366419,-0.6795662165938452,-0.7196431944784066,-0.7269197516118765,-0.7202911142585035,-0.7211338349240696,-0.7167569472749517,-0.7427398954979813,-0.7589069299999421,-0.7505459104870965,-0.7491385580653815,-0.7434393420103952,-0.8134545704817295,-0.814291300635757,-0.8284268098412607,-0.8252527635974125,-0.571377694969394,-0.7653696247898465,-0.7943697914815477,-0.8174736140133322,-0.817166085340885,-0.8119890190855996,-0.8050504586169215,-0.8057390699208321,-0.7997152433968733,-0.8011195174574158,-0.8011195174574158,-1.077952574532896,-0.7838741981695283,-0.8294330698293251,152.14534259259258
2021-08-13 09:00:00,-0.8447505814075907,-0.8378474987931165,-0.8395483290503224,-0.8391500531670255,-0.9002165371827285,-0.703898870802402,-0.7057392899986784,-0.7088422227700115,-0.6903176574718725,-0.6896204908732375,-0.7049190625413742,-0.7188302210172536,-0.7322309521468542,-0.7415872808398334,-0.7304597743755512,-0.7326533283904191,-0.7317289389009006,-0.785541460879162,-0.8161821112340601,-0.8178731763323184,-0.8148906964657059,-0.783280680402998,-0.8996246423020665,-0.8991697367911852,-0.9176620406774887,-0.8861897418684888,-0.5683257646795726,-0.8014326696496858,-0.8079343310556996,-0.8360025019928221,-0.8306810851040167,-0.8261385818051756,-0.8727303773754778,-0.8721712743518248,-0.8456507041316521,-0.7505483380365383,-0.7505483380365383,-1.094201608726916,-0.6855846382795224,-0.9549293712035462,150.31170777777777
2021-08-13 10:00:00,-0.8196572406147755,-0.8136411465768091,-0.8161222652097455,-0.816080266171588,-0.8691815567081476,-0.6956497648540515,-0.6949201686860829,-0.6999607182620445,-0.6888861273061148,-0.6881434353478745,-0.7104572435376107,-0.7258043768326063,-0.7374420659422857,-0.7347705849638039,-0.732139535605661,-0.736014322472202,-0.7308914140708656,-0.7555466122000386,-0.7697164063673977,-0.7706205216124407,-0.7686588293631328,-0.7903210786297975,-0.861480332868912,-0.8621371056287507,-0.877811653742475,-0.8852042153854547,-0.5743468497353973,-0.8105562452119073,-0.8102286042580097,-0.8208840648385958,-0.8268210310062282,-0.8229440127904714,-0.8690464476989029,-0.8694406050825615,-0.8631289206542102,-0.8264051071678538,-0.8264051071678538,-1.0801952160055575,-0.9388377263395608,-0.8901273605607477,151.66206940298508
2021-08-13 11:00:00,-0.8298492857215591,-0.8243501389228577,-0.8258325501636594,-0.8250021652684305,-0.8697810177699754,-0.6260509735575001,-0.6272107909687143,-0.6297051567072905,-0.6567790141548469,-0.6564248208060132,-0.6797138546502536,-0.6876011213191127,-0.6940731819470214,-0.6951765687789344,-0.6935015964984754,-0.6925122065360558,-0.6884228143094901,-0.753080854234665,-0.761972169219247,-0.7589420305239747,-0.7496864813296343,-0.7688805268325011,-0.8935426464200988,-0.8939326753347987,-0.9118579060634092,-0.9077962914918635,-0.5618230080335201,-0.8370078489791193,-0.7650848405412286,-0.777731148024549,-0.7797218631380131,-0.7768573490847267,-0.9112307519574805,-0.9127968624870046,-0.9066487271350603,-0.8769762865887303,-0.8769762865887303,-1.053529754835503,-1.0072679118945034,-0.7992030894145432,151.1044616788321
2021-08-13 12:00:00,-0.8389657084562437,-0.8322552830171022,-0.8355692297398056,-0.8336400323077324,-0.8865563291435471,-0.7073629602288021,-0.7123821883952903,-0.7055976704443999,-0.7049008042713908,-0.7042731646162165,-0.7245739749516329,-0.7266122258213241,-0.7388147513174308,-0.7358028362069576,-0.7344063275783745,-0.7367894073826616,-0.7317695749540168,-0.7777800864184724,-0.7935945649001148,-0.7997902239829475,-0.7911470557503086,-0.7938412777431977,-0.920051671952273,-0.9177684866893538,-0.9343501268943373,-0.9337355306225213,-0.6339177218013685,-0.8687963139271159,-0.8143425058932637,-0.8202773827744722,-0.8229333081540164,-0.8205295583597254,-0.9259843496911708,-0.9276575877196089,-0.9215676875552836,-0.8264051071678538,-0.8264051071678538,-1.077700361378639,-1.0821471194563541,-0.9103491537444509,150.6218795774648
2021-08-13 13:00:00,-0.7918905550312086,-0.78685768155262,-0.7882394731928447,-0.7875164651451629,-0.8647479880689216,-0.6792955892776122,-0.6841011804236575,-0.6868737624970807,-0.750564296893464,-0.7495909809186121,-0.7707912582938027,-0.7326767897776195,-0.8264577874209647,-0.8256650812089443,-0.823153692875331,-0.824184471559409,-0.8257275094116175,-0.784058187951348,-0.7868647225954201,-0.7854898350118514,-0.7912607762377278,-0.8007751303819605,-0.9209218817355785,-0.9207379789348366,-0.939513315745665,-0.9501943714196992,-0.5349651819689135,-0.8803721359727316,-0.9091756529667395,-0.9167892086831255,-0.9253390615895107,-0.9213033078252664,-0.9429735342101936,-0.9455018442845831,-0.9354192097652758,-0.8769762865887303,-0.8769762865887303,-1.0677830326633735,-0.7460279269352925,-0.8567165249752272,153.40023496240602
2021-08-13 14:00:00,-0.6888340961713596,-0.6804861744091716,-0.6820366767641755,-0.6773334539157859,-0.6110208494566423,-0.6723730949510772,-0.6705766259750555,-0.669955689243081,-0.7160692485120712,-0.7155133002671589,-0.7277983538680209,-0.5482304785757512,-0.7545856273024804,-0.7628262563140967,-0.7490527183704468,-0.7531828905885951,-0.7769300391832051,-0.6377693356800506,-0.6463892605964408,-0.6526127168132438,-0.6415299981933509,-0.6084483191456618,-0.7999971292082124,-0.8008421247961803,-0.8159781890596296,-0.8050860522488296,-0.5756886955286119,-0.7610637472282357,-0.8408751806786781,-0.8584701784096133,-0.8665525519286502,-0.8656982710210925,-0.803073686640669,-0.8038380376471534,-0.7984489218792993,-0.7884767226021965,-0.7884767226021965,-0.8719482111088865,-0.7682430889499665,-0.8197895994551176,159.69518708487084
2021-08-13 15:00:00,-0.6197539639389957,-0.6182958260982232,-0.619297808927528,-0.6182803365707835,-0.675188278414509,-0.5469722811305686,-0.5474295546014649,-0.5420776520334155,-0.6520132817487705,-0.6519687046973877,-0.6756122195029031,-0.5420649666152902,-0.7003694507264421,-0.7027659232926422,-0.7009496080465109,-0.7017069762602952,-0.7013702318266638,-0.5531084936678503,-0.5827781237313945,-0.5625126096870263,-0.5570864711918242,-0.5973544345708535,-0.7498794193507098,-0.7665553665840342,-0.7799466315087132,-0.7802861578385765,-0.5233793234578004,-0.7183917018656022,-0.7724329610448488,-0.784139340527104,-0.7819627622259915,-0.7820994790821159,-0.7772213497213211,-0.776179559705113,-0.7676582638487502,-0.6241203894843464,-0.6241203894843464,-0.8489262552313227,-0.7483947363126107,-0.8316692188027874,163.41412554744525
2021-08-13 16:00:00,-0.48128833420880013,-0.47843275028473453,-0.4809323897998116,-0.4778121515614356,-0.4906615984611508,-0.33666295047517003,-0.3405369899664232,-0.3530667954568378,-0.479430374661054,-0.4771576765943739,-0.49115101408935363,-0.43230772559263564,-0.5398625568086264,-0.529383720246417,-0.5384914020759635,-0.5485918169169447,-0.5161931290422256,-0.40169140303990697,-0.4113827370990052,-0.4252089573642572,-0.40530840515849564,-0.48300333353347163,-0.5595626549872907,-0.5601834807573511,-0.5696780618099658,-0.5722958217905941,-0.36140891405864406,-0.5314059536787693,-0.6027786490381559,-0.5802363381313157,-0.5815922833842284,-0.5796637531045804,-0.5697061939966591,-0.5663016475030265,-0.5635761003285459,-0.6241203894843464,-0.6241203894843464,-0.6794334243065447,-0.5731210332951859,-0.6294607341773943,171.69337094339625
2021-08-13 17:00:00,-0.465806608327389,-0.46052474007237765,-0.4635262693206318,-0.4606532805687625,-0.5021639211933443,-0.3262479150925508,-0.32520106322475983,-0.3251485280448266,-0.4501336221604865,-0.4492680061312822,-0.46028537464789776,-0.3332621011379896,-0.4997349671285104,-0.48638861710941633,-0.5020750883575851,-0.4987125426280103,-0.47377797741830363,-0.3664224523547774,-0.32522697091479474,-0.3441569389380846,-0.3667248393637546,-0.37718650613310417,-0.5304013987846216,-0.5179816379476724,-0.5269291653644967,-0.5284579948024125,-0.3751380558039795,-0.4868989899313852,-0.5490599776770144,-0.5383772018362859,-0.5353361856735742,-0.5350433120814558,-0.5542721448478881,-0.5461814006275003,-0.5499257744438674,-0.6241203894843464,-0.6241203894843464,-0.651106441638443,-0.6712279343913696,-0.6026163722915625,172.8251929889299
2021-08-13 18:00:00,-0.5044239813812524,-0.5010128596383623,-0.500716853613017,-0.50171767594192,-0.5287644604507347,-0.4021467023815003,-0.4043373351859287,-0.4015211091154181,-0.44515317883636646,-0.4451135212575714,-0.4537573627387136,-0.40805105949980275,-0.46198330232716966,-0.4373775958579772,-0.465273949986717,-0.4610094450459671,-0.41643712964905744,-0.4328522532558093,-0.45381475013620787,-0.4733232627036363,-0.4032542540383735,-0.4475882512233994,-0.5887515585986288,-0.5876689755420054,-0.5980328795655779,-0.5987477740059682,-0.4773207873069561,-0.5373784715698181,-0.5113492305997777,-0.46733286635873666,-0.4704605924528778,-0.472969271986323,-0.5942745763110685,-0.5930393657922859,-0.5885012698305603,-0.6241203894843464,-0.6241203894843464,-0.6987836890328017,-0.7974736155398393,-0.6990938644731342,170.2951510948905
2021-08-13 19:00:00,-0.5276811798731385,-0.5228085203627912,-0.5242253846473588,-0.525190228502681,-0.5819760099010935,-0.36426769967580735,-0.3602107761213087,-0.3370656413253389,-0.3999158116946425,-0.3980951053719962,-0.3752793349997579,-0.3593881599956282,-0.419408064291817,-0.3896210788582366,-0.420188147594818,-0.4183854389824797,-0.35466751352402287,-0.39803917634625496,-0.43062771908856606,-0.41057020892394414,-0.42712811753748525,-0.3729623790559097,-0.5733973727127026,-0.5754047848214809,-0.5933554170270942,-0.6020202199605166,-0.4411926180882379,-0.5249361401693815,-0.4593394468609137,-0.4124805506927783,-0.41019616122795627,-0.4099593085330478,-0.5748947954178237,-0.5888157577979232,-0.5754708818116192,-0.4724068512217166,-0.4724068512217166,-0.7182991497412151,-0.6526698140593764,-0.6422658855443659,168.9480302583026
2021-08-13 20:00:00,-0.1129292514060643,-0.1038347495615641,-0.10715507380502778,-0.10520151753525221,-0.1918537564179347,0.23356405174917003,0.21605902807645416,0.21455866452677994,0.30593970213172317,0.30617530497027173,0.2819173275634867,0.24094564644689145,0.3134146148580678,0.3479222848446279,0.32242057834471466,0.32089349058262917,0.36786526063326314,0.28767268164163323,0.2840791220888147,0.2842709458278853,0.28790674744645817,0.2955685436690913,-0.13583839376882728,-0.13621671666248533,-0.14262818418924428,-0.14244882081089205,0.15258643620773185,-0.09858053291748882,0.3263474775711683,0.3713641459164952,0.3696946473852185,0.36654989572743096,-0.21252147810953906,-0.2102587769168247,-0.20803853329220987,-0.32069331295908593,-0.32069331295908593,-0.25331988277949696,0.08214558021324833,0.6349314253235585,193.91497435897435
2021-08-13 21:00:00,-0.2232797184110216,-0.227447271020505,-0.2317700066574818,-0.23142474531988666,-0.33521066056240983,0.043596255947017125,0.03482504350880197,0.03260852291254174,-0.004374267081205936,-0.008011795736108265,0.028997027064161275,-0.06803592521685264,-0.0240187847117117,-0.006617373034779175,-0.02463106095027403,-0.0159146176156979,0.005388081627840109,-0.16410187055973713,-0.08320066752528958,-0.12594797595304608,-0.12260787728666726,-0.09868536761531238,-0.19700657647497846,-0.19540777703949389,-0.20401010975007097,-0.2031664465819544,0.04934134500882597,-0.18520196564205818,-0.04066158750829366,-0.014446264563208824,-0.01505257137356144,-0.008410364890785038,-0.25035984699252406,-0.2533352630812551,-0.24722690614788076,-0.0931230055651408,-0.0931230055651408,-0.480673347735338,-0.05727926399232573,0.4958801475656463,187.0032322222222
2021-08-13 22:00:00,-0.7496623244184615,-0.7398846026378826,-0.7390624992518158,-0.7393843810211502,-0.7922952219164238,-0.4321856048956396,-0.43845330744990385,-0.4420695563686078,-0.48425338578357724,-0.48405199614052796,-0.4850955257318279,-0.3612725038146692,-0.5401456117002873,-0.5227424313965121,-0.5353662661609738,-0.5326037148387823,-0.5024148073245558,-0.3897921549293736,-0.4045165786895426,-0.37512124118517587,-0.4058794017111163,-0.408364613574038,-0.6275741409972121,-0.626883521119,-0.6397432168730391,-0.6827732447635367,-0.35769131641366264,-0.6237491026144723,-0.5891029110346145,-0.5714934510626595,-0.5741941838948501,-0.575266782106486,-0.6864335753459054,-0.6852954723091258,-0.6812618375300316,-0.674691568905224,-0.674691568905224,-0.9754850217784419,-0.4303884079484576,-0.0511653761725124,156.15142572463768
2021-08-13 23:00:00,-0.7287601474535748,-0.7243805775595514,-0.7260626941249313,-0.7247881692478112,-0.7170464251053362,-0.4689527907561699,-0.46719919305435337,-0.45769787902291265,-0.5081691995575797,-0.5085437172239661,-0.5095170714366172,-0.37781254852390395,-0.5584527440492487,-0.5405313189719373,-0.5511749695300642,-0.5521690299089952,-0.5235442554581891,-0.3978105661955884,-0.41424268369325007,-0.41387756613756455,-0.40647311243477824,-0.4232680522281816,-0.8220772055245545,-0.8220270794594632,-0.8378636919554682,-0.8271156179875013,-0.40369887105756846,-0.7664206464045105,-0.6106072921554656,-0.5980946969081806,-0.5982277155231389,-0.5988976154036119,-0.8686249730039497,-0.8715144952565665,-0.8659671719665717,-0.9022618762991691,-0.9022618762991691,-0.9541966247757023,-0.4770796718207075,-0.18125272182735155,157.06204852941178
2021-08-14 00:00:00,-0.7861703513497881,-0.7814842229471736,-0.7809689018961457,-0.7815305490400372,-0.8410234657835617,-0.6333531414813568,-0.6326841041611155,-0.62669114102543,-0.5930960715164699,-0.5936448063603493,-0.6113442877559793,-0.5617734084574454,-0.6209168873251136,-0.6042193732488583,-0.6155810256544237,-0.6159608092423889,-0.5850649164440759,-0.6115936729141254,-0.6234356507369442,-0.6320896203264273,-0.6160360595198313,-0.6232752143627307,-0.8497939858968181,-0.8483836413167432,-0.8668030648126155,-0.8746453861679075,-0.5722105846138532,-0.7984603797985542,-0.6865036506337995,-0.6656448942246581,-0.6675134485984635,-0.6668123708884436,-0.8623011525136552,-0.8609688685208987,-0.8550431457138898,-0.8769762865887303,-0.8769762865887303,-0.9541966247757023,-0.8676385433411253,-0.35487063459220736,153.7032340740741
2021-08-14 01:00:00,-0.8150076403869259,-0.8091630160376152,-0.8078500431797441,-0.8102657419812997,-0.8858373249005393,-0.698487471900759,-0.6990251787154745,-0.7103327245388094,-0.6771057768718852,-0.6774328543238973,-0.69911788418282,-0.706702947792403,-0.6136797124658504,-0.5950640665017617,-0.6055450601388891,-0.6073553382945713,-0.5813971836440908,-0.7866833147207071,-0.7561639913581335,-0.7415038699432481,-0.7918323713192306,-0.7743199447666245,-0.8949333935409575,-0.8931662444671004,-0.9090389269904706,-0.916876872031361,-0.91318412966888,-0.8581145741708026,-0.6815512054729045,-0.657601360874716,-0.6651043993909236,-0.6629191049200605,-0.9161919695516196,-0.9161024967055619,-0.9083914190778933,-0.9781186454304844,-0.9781186454304844,-1.078323767425218,-0.6357077642051171,-0.845874722082223,152.07342030075188
2021-08-14 02:00:00,-0.8531184300135828,-0.8484363394277329,-0.849096111972002,-0.8480100795577976,-0.8858373249005393,-0.7504053395839427,-0.7502241259519177,-0.7498610180803232,-0.7069990811405454,-0.70722202195217,-0.7253501069197199,-0.706702947792403,-0.5918202330327267,-0.5745956830536163,-0.5864007265946425,-0.5881816868499279,-0.5537450137981599,-0.7866833147207071,-0.829733962287808,-0.8391860134011255,-0.7918323713192306,-0.7743199447666245,-0.9900216426669619,-0.9894306098687693,-1.002868258454422,-1.0128864980628922,-1.0885229877707,-0.945071720787315,-0.657372947527164,-0.6326572405442883,-0.6360941048553689,-0.6342854513637345,-1.0010415955513632,-1.0038801087278906,-0.9985430222021032,-0.9781186454304844,-0.9781186454304844,-1.1198363650887382,-0.7951652863627036,-0.9375328566349499,149.74773579335795
2021-08-14 03:00:00,-0.8519792689116932,-0.8478663393612038,-0.8485333089050298,-0.8471588220121787,-0.8858373249005393,-0.7481648572068479,-0.7466195751836361,-0.7466915792589517,-0.703126643566873,-0.7027388710412323,-0.7239338477949437,-0.706702947792403,-0.6095136891749185,-0.6075224226932918,-0.6085361947130556,-0.6059414777881418,-0.5931516264399926,-0.7866833147207071,-0.829733962287808,-0.8391860134011255,-0.7918323713192306,-0.7743199447666245,-0.9906013267959828,-0.9915074732541703,-1.001553526724855,-1.007187492441274,-0.9830349010239608,-0.9342283277599449,-0.6744240958461232,-0.6784442390884894,-0.6798471704123364,-0.6785998381640594,-1.0038212034555594,-1.0046586976132126,-0.9971065425054118,-0.9781186454304844,-0.9781186454304844,-1.1200596495345145,-0.6202660956577619,-0.7604688107322385,149.77884440298507
2021-08-14 04:00:00,-0.8518403359542247,-0.8479568021939943,-0.8484434783203937,-0.8475309871886012,-0.8858373249005393,-0.7604441002929476,-0.7608101255278591,-0.7632280902067365,-0.7221422605924889,-0.7223165322161157,-0.7363134226397591,-0.706702947792403,-0.6165822422784918,-0.6207744362728425,-0.6139240110311103,-0.6116471457689887,-0.6085444364661211,-0.7866833147207071,-0.829733962287808,-0.8391860134011255,-0.7918323713192306,-0.7743199447666245,-0.9585857794658972,-0.9609211323207735,-0.9810327690560184,-0.9788380425891783,-1.0076897439800645,-0.9008130941946654,-0.6827109919998644,-0.7034668345414034,-0.6996124049919493,-0.6955720581284625,-0.9652454916632565,-0.9644299057593442,-0.9566336183367109,-0.9781186454304844,-0.9781186454304844,-1.1195024515073957,-0.7082465041091643,-1.0246856677459304,149.75902965779466
2021-08-14 05:00:00,-0.852764997267298,-0.8489255425523787,-0.8494643161202861,-0.8482155197246404,-0.8858373249005393,-0.7560555930800835,-0.7543480433047692,-0.7566606160540218,-0.7165705058673727,-0.716262773342693,-0.7280561546936186,-0.706702947792403,-0.6048058910905635,-0.6134516204362193,-0.6015311912478803,-0.6020011387937612,-0.6143973335704821,-0.7866833147207071,-0.8490956830692175,-0.847582133438003,-0.7918323713192306,-0.7743199447666245,-0.9736802012374034,-0.9715971511933655,-0.9835760243671219,-0.9837333029974229,-1.0082814105533664,-0.9251037857172594,-0.6728187224811744,-0.7010366419616544,-0.7060590955268937,-0.700368819791851,-0.9888872165763163,-0.9923054271885914,-0.9849603649960402,-0.9781186454304844,-0.9781186454304844,-1.1161638222376324,-0.7825177935730948,-0.9887974869182676,149.71774569288388
2021-08-14 06:00:00,-0.8257679739447996,-0.8200839648864622,-0.8202871988395667,-0.8191716583142714,-0.8720174350937968,-0.6631217294652059,-0.6725691118803595,-0.6837276179609444,-0.6699256900584137,-0.6702886515228472,-0.6965926359187552,-0.7400539427434604,-0.5872696643888896,-0.5873567342853439,-0.5820662779217088,-0.5828616417437896,-0.5720603883331751,-0.7970129626410353,-0.806340523521245,-0.8033420813098342,-0.796911936301368,-0.8080814731080325,-0.9467358266743708,-0.9526973464015271,-0.9777511450621817,-0.9776896162268298,-0.9010826022049485,-0.8997463068674637,-0.6468655853733702,-0.6666635405697342,-0.6607823397949748,-0.6565832268919192,-0.9800295084349561,-0.9788764076679773,-0.9781967585667707,-0.9781186454304844,-0.9781186454304844,-1.0743488601108155,-0.5562117035301317,-0.8877009725066137,151.5173512915129
2021-08-14 07:00:00,-0.8516898781597018,-0.848584624016343,-0.8494970966455402,-0.8479557388608417,-0.9110007282498793,-0.7687341484751655,-0.7691717962532567,-0.7743696995576771,-0.7379952621285238,-0.7386342272592599,-0.7540280355752104,-0.8355618828106517,-0.6302672292998747,-0.633606765966803,-0.6278217422561405,-0.6267217131942979,-0.6264006141749123,-0.8910067442343099,-0.9020138849742264,-0.9031228315000582,-0.8936559001678697,-0.9084054699566521,-0.9491694062726154,-0.948917022328704,-0.9545505455345635,-0.9557192960951986,-1.0356516223106584,-0.8946098429001565,-0.6890971454970201,-0.714793228429734,-0.7179886248473021,-0.7131794456645331,-0.9525712567931516,-0.9531493497063455,-0.9466431267226602,-0.8769762865887303,-0.8769762865887303,-1.0743488601108155,-0.8872789880330855,-0.863597911222835,149.78256981132077
2021-08-14 08:00:00,-0.8501650764830053,-0.8467912754936782,-0.8481488396671248,-0.8464330297123503,-0.9110007282498793,-0.9525635911221522,-0.9487477443802904,-0.9212954096884155,-0.8712577495507272,-0.8703051843533842,-0.9010618557890125,-0.995347470947632,-0.7629585575722929,-0.7592281894033022,-0.7528088163442094,-0.7588727634600821,-0.7522779718991717,-1.1220256798644892,-1.1179941848268276,-1.1205528239479654,-1.1215068672901536,-1.0760914466935776,-0.9511240173019909,-0.9547164140694937,-0.9774380042273356,-0.9736493270648982,-1.1696962629216547,-0.8978733091525053,-0.8303014942541235,-0.8486727630211633,-0.8516997644999088,-0.8466157647846958,-0.9315601411430278,-0.9331586005892935,-0.9249175671686714,-0.8769762865887303,-0.8769762865887303,-1.1200596495345145,-1.0908032335108795,-1.1400773075250095,149.83219516728624
2021-08-14 09:00:00,-0.8527353981455731,-0.8475698650792124,-0.8497153252452718,-0.8484023289588616,-0.9110007282498793,-1.0155437025230665,-1.0170235753634957,-1.019319287573054,-0.8896112687153083,-0.8885875019274768,-0.9230180373109421,-1.1490698199052745,-0.78311904094977,-0.775048429267851,-0.7762971067343869,-0.7764008645095971,-0.7602307174044564,-1.2361652821432596,-1.2511525415291014,-1.2463817506685435,-1.2422816161027863,-1.2252166786295347,-1.0359430770134583,-1.0362348527478165,-1.0551897076572205,-1.055703361755725,-1.2181490032719433,-0.9809165826828338,-0.8540079520633309,-0.8585076097334096,-0.861953522647017,-0.8577500079017555,-1.008933787640026,-1.0111037238491334,-1.0000918401192735,-0.9275474660096078,-0.9275474660096078,-1.1200596495345145,-1.2565238518551463,-1.305631915032459,149.7502646616541
2021-08-14 10:00:00,-0.8514076104876118,-0.8466926669870862,-0.8484530290121288,-0.8474787616205031,-0.9110007282498793,-1.0190420611962172,-1.0171880857422768,-1.017978750644827,-0.9677489083287143,-0.9673003942781104,-0.9952030966864256,-1.1490698199052745,-0.8758421836121294,-0.8796153871242525,-0.8751867147738029,-0.8691147084873951,-0.8690757308868081,-1.2361652821432596,-1.2398584863843707,-1.2396008551759659,-1.2422816161027863,-1.2252166786295347,-0.8818568781483436,-0.8817589029954522,-0.8917459556428344,-0.9006563895078781,-1.2235663007515736,-0.8242145954263266,-0.9580472142223738,-0.9783430194790045,-0.9729469779427915,-0.9736233033098055,-0.8206701063991914,-0.81624098853292,-0.8150747047107847,-0.7758339277469771,-0.7758339277469771,-1.1195024515073957,-1.2803608154160802,-1.2784652535656538,149.81743536121675
2021-08-14 11:00:00,-0.8537680386168818,-0.848067166954774,-0.8495585857905219,-0.8482316608085589,-0.9110007282498793,-1.0025692849307495,-1.0038730684141386,-1.003307072502258,-0.9396607311695568,-0.9384614973456112,-0.9628305801461606,-1.1199618205938744,-0.8287531517845231,-0.8356207301956708,-0.8243303576216576,-0.8217058967230371,-0.8326338681990706,-1.185829007470406,-1.197749196891301,-1.1953612263246682,-1.1909125756132646,-1.2092163837079994,-0.918603373082756,-0.9140294393771257,-0.9396436624654884,-0.9297367954453496,-1.2235834439642637,-0.880193716775996,-0.9103186391626182,-0.9379968979607279,-0.9352626950224464,-0.929665749089383,-0.8833144539629187,-0.8693972692185046,-0.8625263207231447,-0.9022618762991691,-0.9022618762991691,-1.1200596495345145,-1.284421241247578,-1.2929217051121495,149.7339143382353
2021-08-14 12:00:00,-0.8525772781215619,-0.8468114387201958,-0.8493633881640947,-0.8477397288567677,-0.9110007282498793,-1.007552832903527,-1.0118201054156726,-1.0128494983492815,-0.9138340103707027,-0.9135885828931809,-0.9553860886765452,-1.134819459128246,-0.8140136220131118,-0.8092661881517296,-0.8157420489187271,-0.808755477820289,-0.8019072653852243,-1.1967865852352002,-1.2114630441670706,-1.209892744624025,-1.2015289816427417,-1.2194556664008132,-0.9532682105622423,-0.9521807728612568,-0.9701096548207396,-0.9702986191155835,-1.2317458144797362,-0.8899103661703551,-0.9083370928232075,-0.896480802109516,-0.8939364681318496,-0.8963748564988508,-0.9069917588286175,-0.9098653187419955,-0.9012291327597125,-0.8769762865887312,-0.8769762865887312,-1.1200596495345145,-1.2972304351679715,-1.2649561324634813,149.77299
2021-08-14 13:00:00,-0.8537006086890783,-0.8476392289490751,-0.8501385351977353,-0.8486875356061512,-0.9110007282498793,-1.0203529189123106,-1.0195372427975056,-1.0223999929326766,-0.9132639335269197,-0.9132914816580021,-0.9431771033499863,-1.1411863371862558,-0.8124024461726327,-0.801532086740058,-0.797361051029438,-0.8055757937518572,-0.8005916123071412,-1.193362819078241,-1.2133993854318659,-1.2137674211121063,-1.2313231508177294,-1.2284164020371866,-0.961482681022608,-0.9616428223002567,-0.9950394091712599,-0.9959773099854744,-1.2403814634050847,-0.9211203415705267,-0.8975623992938436,-0.8933272023250427,-0.8945753151396582,-0.894141507748607,-0.9435660072099571,-0.9448712285597249,-0.9382753788224808,-0.7758339277469771,-0.7758339277469771,-1.1200596495345145,-1.2537942989688393,-1.2772799541006412,149.70924943396227
2021-08-14 14:00:00,-0.8505967826873841,-0.8457606293127332,-0.848060358944823,-0.8465366463212141,-0.9110007282498793,-1.0024849867656014,-1.0006292311908036,-0.9999660793219103,-0.8707831163603952,-0.8707199777054685,-0.8905902269106272,-1.1381547175965867,-0.7474558214314501,-0.7449643304781206,-0.7474216745906497,-0.7401892375149776,-0.7352638777572508,-1.174529412163451,-1.1995235419340744,-1.209246824117054,-1.2121444898788973,-1.2264969035692508,-1.065422506279082,-1.0402026346580777,-1.0600863304653652,-1.0589183426092224,-1.2208429712284405,-0.9828130244524305,-0.8294033326506056,-0.8313067046636331,-0.8250963082872017,-0.8249303737217253,-1.0352145249993747,-1.03661915227184,-1.0300371510274962,-1.0034042351409223,-1.0034042351409223,-1.1200596495345145,-1.3180092009508944,-1.2773805316746656,149.85236199261993
2021-08-14 15:00:00,-0.8426339881392657,-0.8376090701245869,-0.8389353031606178,-0.8381239073336131,-0.898778528696713,-0.7908109868447685,-0.7974777288687702,-0.8001757627129228,-0.7963062459312045,-0.7952521251609712,-0.8246668451707309,-0.8521777653230909,-0.7083543414251497,-0.6894295468404453,-0.7040140014366872,-0.6996985085156017,-0.6817274368825228,-0.90915521838094,-0.9205150096379487,-0.9193766633923806,-0.9035878884217468,-0.9255577995356042,-0.8627479036227323,-0.8633869686380419,-0.878785504770896,-0.8781101486606421,-1.0815242933510445,-0.7942706145093176,-0.7880356248852525,-0.7585631759247169,-0.7666672351630237,-0.7656922611658378,-0.8207481394284281,-0.8232415149960012,-0.8086498282147024,-0.7758339277469771,-0.7758339277469771,-1.0815509847192117,-1.2367736265761122,-1.1427519750008455,150.35557598566308
2021-08-14 16:00:00,-0.682431947835463,-0.6822133277888683,-0.6804259940734059,-0.6813564509754876,-0.7918964537865031,-0.721637221127328,-0.7145503272382618,-0.71244134952293,-0.6888392375567479,-0.6881322689587095,-0.6287372153342464,-0.6867923449865249,-0.57955828542552,-0.5669036153497389,-0.5711455562269194,-0.5784591259927833,-0.5532202267914743,-0.7632360693612738,-0.7689096680015055,-0.7681444930023849,-0.7595839344670692,-0.751493181736,-0.996201699321281,-0.9958363523169891,-1.0133415905718417,-1.0120099637215192,-1.0051989052138532,-0.9315702303518949,-0.6470467668186911,-0.6207549757771146,-0.6279434526364805,-0.6228606823266523,-1.021223888550456,-1.0213897400303782,-1.0139029183736428,-0.965475850575265,-0.965475850575265,-0.8797413312601354,-1.0799475703570707,-1.075133924427441,159.27598763636362
2021-08-14 17:00:00,-0.37001383186315245,-0.3759287598251122,-0.3739448893440551,-0.3753894198073092,-0.18551799047977433,-0.4365930246847686,-0.4349629698127818,-0.4213805054480465,-0.3475826442310103,-0.3446387967685006,-0.3200374387133206,-0.29997805158252067,-0.44268315157279337,-0.41904320879991647,-0.4499298428753753,-0.4388287862106572,-0.38111011644686027,-0.3617863526662462,-0.37217711356985395,-0.3704975796310836,-0.3637391931418233,-0.3388560084149535,-1.0092296038854645,-1.0093410832272633,-1.0289120848070916,-1.0260381909499539,-0.1910540846821289,-0.9728587150021027,-0.4897030126531405,-0.44222026606510684,-0.44179886744127816,-0.4360066793358239,-1.1158600456531682,-1.125843617694929,-1.119586488416781,-1.4332592602183756,-1.4332592602183756,-0.6029188114645389,0.02913608055673353,-0.04436904819290357,177.78648763636363
2021-08-14 18:00:00,0.046326012776742836,0.04763830319820934,0.04528285305658598,0.04731293939786203,-0.18551799047977433,0.22078277285411138,0.22229367720371818,0.22059525661879104,0.3626146664240978,0.3621357797859883,0.3535629928463275,0.22320781032909917,0.3428112036802465,0.4074407920096161,0.355437784587777,0.34785172809727105,0.4589915428917168,0.19206137351548583,0.21090269811684598,0.20641198703326705,0.2124901133247267,0.2103550842104164,-0.04319906703378798,-0.041281577112965456,-0.04602180091673096,-0.044614869371310664,0.23344674685237518,-0.02641488653318403,0.3550267646450983,0.46218398231129115,0.4640427689029131,0.4623421514940614,-0.11486033691047695,-0.11243826048282765,-0.11011674912449067,-0.16897977469645614,-0.16897977469645614,-0.05719858755339093,0.497008117293462,0.7375233389052852,202.98988138686133
2021-08-14 19:00:00,0.006857885514945218,0.014587637152639627,0.011522684347462299,0.011831709967987146,-0.13309863605444147,0.21743925925669155,0.20929050086082066,0.2119363184697832,0.3466994881647458,0.34428304958492195,0.3370673778408301,0.21842448232768674,0.36139162691026666,0.42858643264645824,0.363987834483858,0.36857194429243195,0.4840326982145778,0.22835868088228137,0.22859100907570634,0.22555264415339643,0.22125652643544344,0.2099990000929185,-0.06521673413550698,-0.06479891174313374,-0.07050299922083011,-0.0707703016652586,0.12841011619330675,-0.05019320534222727,0.37850515304451726,0.502830760347126,0.49266827626175025,0.4978151137394513,-0.1274782267361278,-0.13030265106460256,-0.12289014836486492,-0.16897977469645614,-0.16897977469645614,-0.09615128854194077,0.26146249910166036,0.6330678905915362,201.08660919117645
2021-08-14 20:00:00,-0.6251826822586705,-0.6306014695983738,-0.6296417203190364,-0.6288940126049756,-0.5544214157114231,-0.604958519749949,-0.5937258244781699,-0.5793115777107926,-0.5867665765000858,-0.5892240141080445,-0.57368134908442,-0.5529805988347604,-0.6302125351149911,-0.6154099451158133,-0.6207855423684574,-0.6205859948796916,-0.6086091305224296,-0.5894505056897623,-0.6188877523243406,-0.6033654067858853,-0.5906940474273109,-0.5859406335847226,-0.7376700719477478,-0.7368537929255751,-0.7516358756954279,-0.7530622577657429,-0.5018503360563549,-0.6623945142347233,-0.6790103037186019,-0.6762214668011135,-0.680132838738164,-0.6785016715442889,-0.6946595875362993,-0.6723847837115423,-0.6672358671313288,-0.548263620353032,-0.548263620353032,-0.832910074175033,-0.2928036095511708,-0.6210749493485621,162.60287890909092
2021-08-14 21:00:00,-0.6272546839879016,-0.6236870127399551,-0.6258078867948783,-0.6260138788787715,-0.6354760086958214,-0.631144834319286,-0.6285625285584174,-0.6280813919975613,-0.63369010077199,-0.6335384870674825,-0.650311566364491,-0.5428237988565772,-0.6709922571079904,-0.6746596577901778,-0.6741833973779702,-0.6644644526129446,-0.6745586385573793,-0.5877612442439928,-0.5968901517993621,-0.5975165911531324,-0.5910589704861511,-0.6061540934127155,-0.7593410830792293,-0.7565625864638065,-0.7725056039474921,-0.7740477464684201,-0.5205954197880149,-0.7157182236113413,-0.7271716306954543,-0.7523143100888955,-0.7506016114622578,-0.7507596238112642,-0.7575597464591785,-0.7568876792872343,-0.75121354284875,-0.6999771586156618,-0.6999771586156618,-0.8500587587316073,-0.43245249369384153,-0.5680874463464599,162.97794052044608
2021-08-14 22:00:00,-0.6641080492763044,-0.6610745530377939,-0.6600962633160783,-0.6590422768494232,-0.701229495196453,-0.6222375136379068,-0.6253401871592558,-0.6307665973746903,-0.6211610738719688,-0.6212065604809907,-0.6373428507135038,-0.5300888504412969,-0.6402238300850279,-0.6401096654612961,-0.6341326654117669,-0.639162802942021,-0.640024629200939,-0.5694079186456016,-0.5781750624128016,-0.5986144867042347,-0.577497981920058,-0.5861541442316146,-0.8074934506329545,-0.8091385336064444,-0.8232499421328511,-0.8147307394088716,-0.5717137509538311,-0.7368697210104314,-0.6992501655636978,-0.7231039426777461,-0.7137540832619532,-0.7138532042773198,-0.7767028295924039,-0.7909585055531397,-0.8073064080503296,-0.6999771586156618,-0.6999771586156618,-0.8786312887345755,-0.4954795117538926,-0.6247979148602723,160.93116581818182
2021-08-14 23:00:00,-0.573152813678846,-0.5889313086742701,-0.5866647357064397,-0.5833579664688533,-0.5724848451350348,-0.9098533958849901,-0.8919013471668777,-0.8689997485041928,-0.8885128915051219,-0.8867156522727726,-0.9101055682711074,-0.8567102909668217,-0.7980707540554167,-0.8025284680483633,-0.7960596096263309,-0.7970848983811807,-0.8077193599033651,-1.044924063886994,-0.9841182887228027,-0.983134200220556,-1.0467363949730346,-0.9311258971346488,-0.837264165097056,-0.836443227652003,-0.8523695219483274,-0.8473675966003109,-1.1377546189156675,-0.7790916039358313,-0.867818811474013,-0.8935646894087844,-0.8947781312414907,-0.8926493366632583,-0.7797046604089917,-0.7826943137913948,-0.7763121118297922,-0.7758339277469771,-0.7758339277469771,-0.8394079486203017,-0.8733957848452631,-1.2778446107935846,165.19544485294116
2021-08-15 00:00:00,-0.7471445497274748,-0.7430229920662289,-0.7430709987859055,-0.743185548687942,-0.8021520565131903,-1.1242969922726924,-1.1246375812768252,-1.129327521162516,-1.0589646763477967,-1.058661793701704,-1.086025956400106,-1.372224524074552,-0.9533330081129049,-0.9699197750573694,-0.949407288872728,-0.9530695838400738,-0.9983531395398123,-1.4755156214710632,-1.4626144297860872,-1.462627132243465,-1.47823606574702,-1.4732246056798843,-0.9341452748909658,-0.9346202984458364,-0.9525717975973645,-0.9513863618015107,-1.3188804346825262,-0.8756904700971605,-1.037948953603193,-1.0910033181141217,-1.099477816126001,-1.100269536194507,-0.868749745704761,-0.8685258177673485,-0.8633001257128026,-0.7758339277469771,-0.7758339277469771,-0.9843464718748267,-1.0866222543774946,-1.4287977796929212,155.92834072727274
2021-08-15 01:00:00,-0.7114219156601465,-0.7115124229839664,-0.7000402621717717,-0.7052438788927625,-0.7239224289632555,-1.0928874634443364,-1.1000840616810093,-1.097970858767529,-1.1317166767025693,-1.1317762510030955,-1.1560398061672346,-1.2590874742270135,-1.0487701036584303,-1.0825202833105068,-1.0445829516251945,-1.0509876310292237,-1.1097916735787938,-1.3602909438534818,-1.3582815313821985,-1.3584332973837263,-1.376677485683105,-1.3535869738345199,-0.8045612302712115,-0.8059279966327265,-0.8186098364585136,-0.8205393118231624,-1.2739488795047065,-0.756674717829725,-1.13681109900042,-1.2287832095143119,-1.2207750523900736,-1.2225173541599241,-0.7211591233893914,-0.7226014907714242,-0.7163211466157658,-0.8011195174574158,-0.8011195174574158,-0.9921419450284971,-1.0347589573860347,-1.574428116423325,158.16610449438204
2021-08-15 02:00:00,-0.7102831250743601,-0.7077850517945782,-0.7091035167194636,-0.7112721877425124,-0.7411708789579026,-1.0955026569125383,-1.0882126020017495,-1.091873043997559,-1.0511055726097989,-1.05096918129939,-1.0741247793372453,-1.2513993014823084,-0.9548318253937124,-0.9750780004763435,-0.9487916541114524,-0.9566242639617145,-1.004105450402215,-1.3529292631215244,-1.3106541345477611,-1.3110293352912674,-1.3185814793434751,-1.3500205730066221,-0.7990913727566186,-0.8001933098705307,-0.8170143471410707,-0.8165821372645284,-1.257302148970065,-0.7649898808094242,-1.0333955345355301,-1.103225972254406,-1.1067997445718663,-1.107285595043265,-0.7153128797719328,-0.7171447832222919,-0.710375757024609,-0.5988347997739076,-0.5988347997739076,-0.9597467736157446,-1.0739943652868271,-1.6131707042916827,158.04452036363637
2021-08-15 03:00:00,-0.7684723333324424,-0.7666583823529542,-0.7653843645565562,-0.765112794654859,-0.831354032729097,-1.1506922815062641,-1.1540252323466764,-1.16180060404035,-1.1471281534048023,-1.1470869886685797,-1.172252058405485,-1.3682220549393085,-1.074285635588685,-1.0946585285424433,-1.0709536457233262,-1.074480245907934,-1.1173524555235972,-1.473574829013972,-1.4680994611364309,-1.4676858552353687,-1.4780077269788598,-1.4725209014338594,-0.9265717512241993,-0.9293026169348384,-0.9534330580476904,-0.9537031904899064,-1.2905721992013792,-0.8646111350269803,-1.159940281976658,-1.2268313745574126,-1.2280295039062468,-1.2306611402593075,-0.8627890714546367,-0.8638859669778883,-0.8563326193736763,-0.8769762865887303,-0.8769762865887303,-1.0200796826626843,-1.279750751184661,-1.6229555554127326,154.62782564102562
2021-08-15 04:00:00,-0.7737213060890393,-0.7709773234701374,-0.7702317162797211,-0.7703934545419292,-0.8302526542452047,-1.1605002805256028,-1.1584856070919995,-1.1571192329472297,-1.1467493566580662,-1.1460596653927222,-1.1677822508761104,-1.400724450762434,-1.069197551875483,-1.0928296044231098,-1.071467132609327,-1.0714750321766842,-1.113838214688351,-1.5073600579293687,-1.4878370582693725,-1.4903437251117237,-1.4943317044190254,-1.5042662852306252,-0.7672953336986588,-0.7696778266884383,-0.7864927035491787,-0.7877704125995288,-1.3006842192333794,-0.7238070127048051,-1.1587052189972822,-1.2233456507850957,-1.2270851043405542,-1.2289991813246766,-0.6706773636908089,-0.6655236967639842,-0.6622304746463242,-0.6241203894843464,-0.6241203894843464,-1.0249486478715353,-1.2652294489406448,-1.6026066401157564,154.36306604477613
2021-08-15 05:00:00,-0.7386158687773413,-0.7364578028284993,-0.7386987948512269,-0.7369564323660607,-0.8163899354033562,-1.1155875886781381,-1.1093201058033473,-1.1130048925168632,-1.1706989562117875,-1.170696236678163,-1.187748606854555,-1.376165470567887,-1.0933379458190002,-1.1219893681172677,-1.0963933927801657,-1.0951363030702548,-1.1447794135264242,-1.493321180391695,-1.491439888084473,-1.485661859628365,-1.4939896451634458,-1.479945367142574,-0.8319544629011272,-0.8337075492841332,-0.8498491241119016,-0.8515566747667442,-1.2978144597853272,-0.8025378400580967,-1.1908127633553398,-1.2564927834114075,-1.2602126033884273,-1.2635618655138998,-0.7302334685120128,-0.748077880499788,-0.7436081003698529,-0.6915486287121828,-0.6915486287121828,-0.9649380519554559,-1.2699415658920232,-1.6196871534230108,156.27562379182157
2021-08-15 06:00:00,-0.7233928023267352,-0.7211660738313846,-0.72114350561945,-0.7221261340275253,-0.7739019496319388,-1.10416611110612,-1.1055635260556909,-1.116400554526692,-1.0895294443628207,-1.0871490912842554,-1.1111565169127489,-1.3150708640940154,-1.0049419038070386,-1.0251556738124787,-0.9993419672405796,-0.9999641092332726,-1.0367852717584907,-1.418787688259866,-1.4023808789029801,-1.3927542792888576,-1.4292643129851863,-1.4137033743411107,-0.9986044540843101,-1.002857573766579,-1.0177129731333179,-1.0180496735422615,-1.2688723557842303,-0.9403433117745365,-1.092162804011999,-1.1498491519918708,-1.1502669124055453,-1.1499918927538075,-0.9371637286739263,-0.9395371299447379,-0.9312648215782164,-0.6915486287121828,-0.6915486287121828,-0.95923842740471,-1.3361769027152133,-1.6450508799002328,157.37573045112782
2021-08-15 07:00:00,-0.8151354367483753,-0.8117978431393074,-0.8124383827193442,-0.8111200418351204,-0.8742377097252692,-1.2237906333603963,-1.2283820376158676,-1.231747442409375,-1.272838829460338,-1.272904285318983,-1.2951629101236093,-1.4355920503745003,-1.2114609652574309,-1.2305815280211538,-1.2074872543612039,-1.2096982560923253,-1.243621025600297,-1.5255076343921619,-1.5151031795655268,-1.5153699701803052,-1.5289200899320603,-1.5404271866569532,-1.0129674727740032,-1.011244710758051,-1.0348753897668697,-1.035681754348019,-1.3807825497538986,-0.9564063620267069,-1.3172618033526975,-1.3720625823264496,-1.3712005786172239,-1.3740156916533655,-0.9377854428088275,-0.9390706321140109,-0.930954840565969,-0.6915486287121828,-0.6915486287121828,-1.0665678791156226,-1.4744454250598964,-1.611141042310713,151.95146420664207
2021-08-15 08:00:00,-0.8119559383016468,-0.8076432840808937,-0.8073866386106733,-0.8071629950065937,-0.8713785335079591,-1.197542687940873,-1.1989680663546591,-1.2032946463318641,-1.255835147716524,-1.2556477166521731,-1.2807489054891827,-1.435592845240675,-1.2116387372352528,-1.2252576241730264,-1.2049166728628273,-1.2102614644080285,-1.2405032992567104,-1.5809800071423732,-1.56834537391458,-1.5686512162985788,-1.5830282978461854,-1.5727482522057719,-0.9998715636862987,-1.0117892527569452,-1.0367741146485625,-1.016894606768236,-1.3383010768963546,-0.9508778521633788,-1.3148746224279384,-1.3655878795218293,-1.3721751028807934,-1.3731939355289904,-0.939147960701683,-0.9337583106811302,-0.93616097420334,-0.8769762865887303,-0.8769762865887303,-1.0651075137409107,-1.0911234707968724,-1.5952811404156424,152.13363490909092
2021-08-15 09:00:00,-0.8101293652581361,-0.8052929096397676,-0.8060833217784733,-0.8053914342753283,-0.8669448485250043,-1.1959797791163795,-1.195967004030783,-1.1940673587320545,-1.2452135756014855,-1.2447256475988002,-1.2655290707219593,-1.435592845240675,-1.1905276874376884,-1.2232405588597188,-1.1938416875571116,-1.1903077737442236,-1.237879243020073,-1.5809800071423732,-1.56834537391458,-1.5686512162985788,-1.5830282978461854,-1.5676290303301843,-1.0126197534418957,-1.0161795875003572,-1.0301985402641054,-1.0330529175252483,-1.299909024185183,-0.9670531107971986,-1.2983273336629022,-1.3712672195572297,-1.3673735303263364,-1.369068029150715,-0.9535718670653485,-0.9539834133532168,-0.9491120309036799,-0.8769762865887303,-0.8769762865887303,-1.066582416918694,-0.9380861759232223,-1.3883702985897097,152.2357617647059
2021-08-15 10:00:00,-0.8141360756969107,-0.8091343198842321,-0.8097151720897936,-0.8088146474347548,-0.8724482947022013,-1.2028896786686196,-1.2107526325950482,-1.2156748758721148,-1.2284505498154097,-1.227715751388326,-1.2501866123437455,-1.4346827234708341,-1.1751168244416252,-1.2031783285150395,-1.1720733204581126,-1.1740079653818223,-1.2264303981378388,-1.5775557921434948,-1.5704424425014865,-1.5709110915192328,-1.5573442264980857,-1.5381872124832696,-1.0239185809661024,-1.0233654712688158,-1.0403117905258832,-1.0393654971858273,-1.2943625687021407,-0.9705077952089739,-1.284067335258831,-1.3543672200263355,-1.3542246231360753,-1.3558771631253965,-0.9586411724268767,-0.9575847329064018,-0.9499978721293513,-0.8769762865887303,-0.8769762865887303,-1.0705331873180077,-0.9276397836247424,-1.3231010371448053,152.07588339622643
2021-08-15 11:00:00,-0.8290005024858841,-0.8234113452638795,-0.8243030770270037,-0.8238648288218029,-0.8867558586381684,-1.210086956796627,-1.2156472598499088,-1.2185226706977657,-1.2375822319404142,-1.2375011843195312,-1.257923833844101,-1.4346827234708341,-1.19692389647963,-1.215221809701452,-1.1929397987650603,-1.193303248887651,-1.2341396917311114,-1.5775557921434948,-1.5704424425014865,-1.5709110915192328,-1.5573442264980857,-1.5381872124832696,-1.0719416740979737,-1.0737476019119772,-1.0947971791884508,-1.0950125556803705,-1.286814077540405,-1.0253942206516267,-1.3037145009196724,-1.3549128797370174,-1.3623883457833086,-1.3627644097501623,-1.0228689857463553,-1.0248464124810144,-1.0176013824968617,-0.8769762865887303,-0.8769762865887303,-1.077210445857534,-0.9011318798826318,-1.3176512270502583,151.21348265682656
2021-08-15 12:00:00,-0.821517375579979,-0.8180210114456672,-0.8187960734195846,-0.8184051605213735,-0.8756174736321329,-1.1979953039063267,-1.1964759884671023,-1.1964984202642035,-1.2346560535818079,-1.2347083563890644,-1.2589823311408839,-1.4131561577321308,-1.1914369272770806,-1.2168243226352595,-1.1833599681890343,-1.1873553795168437,-1.242367442001522,-1.5378355265351935,-1.5325277131488666,-1.5353906840505893,-1.542618620435042,-1.5388281638947654,-1.053470318839016,-1.0564330943119669,-1.0757961370678337,-1.0751388251327045,-1.2827814473004202,-1.0035505541075915,-1.3031669254634317,-1.3701743068157186,-1.3699924197109203,-1.3704158607853896,-0.9862920658327348,-1.0053979564706488,-0.9804459388520381,-0.8769762865887303,-0.8769762865887303,-1.0767100482596046,-0.8946982801535459,-1.3096273029307535,151.5038326007326
2021-08-15 13:00:00,-0.8156865919751627,-0.8098317736785167,-0.8123135363058294,-0.8115970246625137,-0.878667351763653,-1.1883324309810692,-1.1872648135965072,-1.1885140825992973,-1.239890811981836,-1.2393494538801204,-1.261197134088332,-1.4358956892531718,-1.2014532865926593,-1.225663006213237,-1.1952744334968382,-1.1979992648514195,-1.2425520044439193,-1.534753777920395,-1.5370449968334488,-1.5360368867421414,-1.539535598168216,-1.5157874707464307,-1.0305822140907346,-1.0254862866330523,-1.0468593185261816,-1.047080531792603,-1.27502035596311,-0.967881771145403,-1.3197658644508263,-1.3741528749854868,-1.3687334471754367,-1.3687730198326415,-0.9821422047354013,-0.9812845221530093,-0.9768320303786405,-0.8769762865887303,-0.8769762865887303,-1.075356158362438,-0.9480184162730162,-1.3262384803585032,151.9215104477612
2021-08-15 14:00:00,-0.8066919852641407,-0.80196040631863,-0.803193815588916,-0.8027984677076975,-0.8753260325918845,-1.1702478888899797,-1.1767212627225498,-1.1705971084859443,-1.228822784574978,-1.228387425785552,-1.2511206648729076,-1.4469626110011953,-1.183806919314778,-1.208884914316905,-1.180280085010896,-1.1820796107823255,-1.2322210684074542,-1.5578664436894654,-1.5493067996439405,-1.5513747474830317,-1.562138442836133,-1.5305069814338244,-1.0040726026244655,-1.0082447801682834,-1.0239133915516783,-1.0222387517086948,-1.2707978857802733,-0.9535047460593673,-1.2996515953135244,-1.3551996989692023,-1.3534606012012798,-1.353922909522836,-0.9394537904311159,-0.9408697623895192,-0.9350690285812268,-0.8769762865887303,-0.8769762865887303,-1.0542286274963455,-0.9325775304400017,-1.3159017142722873,152.46990684410648
2021-08-15 15:00:00,-0.6743801492931197,-0.6684828748376103,-0.6697496110299989,-0.6683168006211574,-0.685585158679799,-1.0127809738032278,-0.9905777072678646,-0.9993226162031313,-1.0341965701533293,-1.034013672090252,-1.0651779245013138,-1.214473906896687,-0.9785704842504315,-1.002313583792059,-0.9706760853099524,-0.9768208139673562,-1.0322730842562189,-1.317562251163839,-1.3094768915066284,-1.3104800488942188,-1.3201664693248978,-1.3075053478402388,-0.8522564281744425,-0.8501871097770017,-0.8662904136923268,-0.8664608233754721,-1.132155287230056,-0.8179113548245799,-1.0725504402253492,-1.1324915465853886,-1.1330101356333184,-1.133478361225192,-0.7958469327652264,-0.7956268827517128,-0.790845452365563,-0.7252627483261005,-0.7252627483261005,-0.8702422690595086,-0.6915200039569687,-1.2207222897766092,160.36982346570397
2021-08-15 16:00:00,-0.40397669964934446,-0.39280899697317,-0.39124785211818325,-0.3866695360955455,-0.2390615955083796,-0.6995828416452926,-0.7154620361532381,-0.7306930771746183,-0.6625636130748109,-0.6637361955630658,-0.6461378690165965,-0.7587518447223924,-0.6348796127346137,-0.6162783153416966,-0.6315574222920132,-0.635654634898466,-0.6083288590806826,-0.9147027249611133,-0.8011239349966025,-0.8050645359950893,-0.9180399667861024,-0.8237092779422582,-0.6154937424971643,-0.6165819640282149,-0.6216592761885373,-0.6227127643480547,-0.786284394097803,-0.5844515237852604,-0.7033092290141169,-0.676712073975365,-0.6790410113600442,-0.6855831070942696,-0.5851495935084087,-0.5954085237539701,-0.5883223649424636,-0.5398350904495521,-0.5398350904495521,-0.6186522477244265,-0.6101084610418577,-0.4754416690142491,177.1163909090909
2021-08-15 17:00:00,0.5241450314657466,0.5290189656989577,0.527914654813046,0.5272439728975318,0.45880008341184864,0.2379376474949374,0.23795502463371548,0.23537594061577857,0.27925881862078983,0.27942791351892066,0.2744730610238346,0.16418528749454075,0.27741059443793087,0.3153344194138421,0.2803377249280407,0.2787238117191179,0.3360800681354736,0.103147584759713,0.1592745444550926,0.16233489650089344,0.11523096572377149,0.14848593487385905,0.4432525312354869,0.3918470185767856,0.444748541960397,0.4384995985784566,0.17879041414868943,0.37721315946805967,0.2736655925718769,0.3364110315216586,0.33090694038606894,0.3362170352520357,0.3666404299175436,0.3601722213282789,0.3688853418891228,0.4884455577749423,0.4884455577749423,0.395314340589444,0.14645136450119448,0.6487642972367892,231.56023666666667
2021-08-15 18:00:00,0.5454610419969091,0.5446162477865956,0.5449985097476961,0.5445255680015395,0.5155176511248347,0.2485030181376462,0.24868752914623615,0.2475873287250834,0.2568388429833521,0.25641553156145397,0.25184385763082295,0.25110284385816156,0.2345081723784513,0.27965633516111277,0.23525647688762646,0.23803100078333525,0.3135839079803571,0.23726155011098152,0.24187908275393216,0.24225591912455846,0.23851714172172842,0.2378757257061189,0.42644609685023327,0.4248877862800294,0.4283812545489487,0.4297327227620333,0.17543885491632658,0.4227511697499878,0.23540381084599715,0.3165552350063703,0.3088381366274705,0.309630753230542,0.44404194535355473,0.44234109824924883,0.44257660537687343,0.5390167371958189,0.5390167371958189,0.5675910865780459,0.23425805414175813,0.6456500141721921,232.57101963636364
2021-08-15 19:00:00,0.11014805940214187,0.12632261362351338,0.11222984864258714,0.1142308640506682,0.02588174502834999,-0.24139768785765603,-0.27686170481760547,-0.298956587336969,-0.23735084833595035,-0.23760347203656104,-0.2857452299727941,-0.3364964116021641,-0.24598492387453003,-0.2351311675188232,-0.25309286686987104,-0.23752816835890214,-0.21026359989050422,-0.4112105322231819,-0.40767145863814286,-0.406608901769354,-0.41270586301223566,-0.3818261330389208,0.1001193269714299,0.10396067464194682,0.0982760792883455,0.09138740218670556,-0.29811442689163753,0.07577708490349984,-0.2753350614238805,-0.2778867179841746,-0.2582761515454965,-0.25645341834731844,0.18484677042694228,0.2092609378384765,0.21871247846949082,0.23558966067055842,0.23558966067055842,-0.04377404350758264,-0.6112734759199777,0.17735207690149166,207.6348372693727
2021-08-15 20:00:00,-0.16044133885228717,-0.16331389208735816,-0.16357637217612195,-0.16632630816046143,-0.18343475025141254,-0.5678921736938899,-0.5725103452013315,-0.5696784124357788,-0.4741281835877832,-0.4741710979344069,-0.4929205902877012,-0.6688021388583187,-0.47301083519514453,-0.4600676999409849,-0.4773759845645347,-0.4723091019705435,-0.4473067546894284,-0.7403430796513419,-0.7348676211784769,-0.7174473521888679,-0.7316733356810751,-0.7349593199326437,-0.2804253784872128,-0.27680396718460426,-0.28407276626816685,-0.2893558231847197,-0.5285150179157276,-0.2430296672681547,-0.5231458539866363,-0.506470300052029,-0.5073378133151474,-0.5057521299268495,-0.1898419905504702,-0.189200096153765,-0.18539812388497093,-0.21955095411733275,-0.21955095411733275,-0.2865531992915039,-0.7039763749747955,-0.416275380924162,190.47671679104477
2021-08-15 21:00:00,-0.12268432985054721,-0.1298303367289461,-0.12947504331714538,-0.1273719173106039,0.025259446042495273,-0.5058292478417735,-0.5043237815295635,-0.5069304397050438,-0.40457111158300624,-0.4045258036154155,-0.407656996119128,-0.5301395893987709,-0.40359933658992336,-0.37696041227100185,-0.40129746399898103,-0.40063913787802596,-0.3500613544694229,-0.5747836983076234,-0.5764322706811581,-0.5862789288178295,-0.5815617935134694,-0.5850874299387913,-0.23793447974701648,-0.26000924279728144,-0.2753521142193763,-0.2574647280075497,-0.4815614229987119,-0.23028475844876314,-0.4440840224046891,-0.40654283693196613,-0.40550517390316104,-0.40370042781753407,-0.18575257894263839,-0.185910649155018,-0.18342370718380052,-0.1436941849860174,-0.1436941849860174,-0.20622541666011138,-0.563185745840123,-0.5103859117610966,192.69453445692884
2021-08-15 22:00:00,-0.25424097847868643,-0.24649038829460118,-0.2452419519558106,-0.24792163808451223,-0.2434654964968019,-0.6272906808250981,-0.6362670534140183,-0.6440936685660643,-0.4714729410127778,-0.4712927359617316,-0.48797670305371416,-0.7729817509431962,-0.463321861908887,-0.4480008550376011,-0.462151998587624,-0.46070795331186015,-0.43326748463090853,-0.8101960482534424,-0.7775783307780378,-0.793566617385617,-0.8285037121547929,-0.8422267333547002,-0.2555682313698642,-0.25568069154612244,-0.2612733548305833,-0.2635774385738049,-0.536663963860258,-0.23102194142122895,-0.5088526697160188,-0.4968307447144426,-0.4920813697333654,-0.49253665295692795,-0.18839790591977104,-0.18597721886888033,-0.1850932705689157,-0.11840859527557866,-0.11840859527557866,-0.3884780774673965,-0.8004678826633091,-0.6140004359394068,185.54447527675276
2021-08-15 23:00:00,-0.35433740803146846,-0.35411538883816096,-0.3537794532201783,-0.35344644962138266,-0.25610718790655296,-0.7505173968540473,-0.7521334364081687,-0.737171142423313,-0.5273662728851062,-0.5256297993381628,-0.5509716330261987,-0.7497564767028982,-0.46230231623677637,-0.44834185647734187,-0.4609901701612227,-0.46196228952171253,-0.4305646214093042,-0.8225233419405825,-0.8714677983959838,-0.8990864632467988,-0.8872183629337251,-0.7586404051980489,-0.49963211156839277,-0.49668610988955875,-0.508646601106933,-0.5086426487974154,-0.7656982559119944,-0.45754079972588657,-0.5125685259967082,-0.4965016056020374,-0.49048317570602296,-0.4918876528226584,-0.419517263672286,-0.4193832115662093,-0.4179449745278099,-0.45554979141475777,-0.45554979141475777,-0.5281562483911135,-1.0125708216346816,-0.7662563197233655,178.98655110294118
2021-08-16 00:00:00,-0.5610520814211,-0.5683113815259931,-0.5665120080023544,-0.5668384004831534,-0.5573669501999892,-0.9417876692552078,-0.9360380877378045,-0.9341486662228398,-0.8330646786870906,-0.8322125188862832,-0.851733452258357,-1.0603336097343214,-0.6959197807226688,-0.6885741727624015,-0.7001727096234932,-0.6955254369921523,-0.6813844817768145,-1.1270648626136777,-1.1217337304734072,-1.1109726574072651,-1.1562209438682305,-1.1340133196935074,-0.8600792993495368,-0.8599561854561505,-0.8710517307595618,-0.8799582263104592,-1.2182087859629993,-0.8115973436508606,-0.7593019798662501,-0.7593299835885295,-0.7592793382625925,-0.7581902413799543,-0.8182208413188814,-0.821891415391778,-0.8146245503265793,-0.7252627483261005,-0.7252627483261005,-0.7755569176852749,-0.9712052904854781,-1.0456072520954145,166.40789166666667
2021-08-16 01:00:00,-0.7143257677291546,-0.7149632878091379,-0.7172269240579162,-0.7162319855698236,-0.7549675000189171,-1.0913800418913984,-1.0868274842837236,-1.0840180304444254,-0.964750131401134,-0.9645187351638067,-0.9773762220542868,-1.2976366668548955,-0.8759877474154214,-0.8622388502110924,-0.8791267627909523,-0.875872306203023,-0.8398004289860593,-1.4155916345697344,-1.410232831554721,-1.4107452394646711,-1.411456402889974,-1.409543062757853,-0.9467798042832154,-0.9477911405714031,-0.966257382148739,-0.9668546535165635,-1.2441112912794325,-0.8880859548089125,-0.9512752824459252,-0.9335716571445016,-0.9306544866631384,-0.9299607060461289,-0.889928500005464,-0.8777723073227229,-0.884587312539978,-0.8769762865887303,-0.8769762865887303,-0.9517884949576468,-0.9166417646651843,-1.0587380914219655,157.5955212686567
2021-08-16 02:00:00,-0.7507188899215229,-0.7470562709080871,-0.7477916158028978,-0.7474622545321247,-0.7549675000189171,-1.1334556892282996,-1.131543092315136,-1.1309753893562218,-1.0588935672610889,-1.0583740940209365,-1.0611701472921515,-1.2976366668548955,-0.9885477967071374,-0.9735232956826249,-0.9880575485276195,-0.9904924964092192,-0.9639918827602203,-1.4155916345697344,-1.410232831554721,-1.4107452394646711,-1.411456402889974,-1.409543062757853,-0.8726820906450996,-0.8713963981520317,-0.9024615134988544,-0.8896974116366754,-1.2813321718496207,-0.8286671225911977,-1.0734847325520152,-1.0582535140407108,-1.059510546326547,-1.062321918061544,-0.7840175335487297,-0.7834908014810718,-0.7770672783383528,-0.8011195174574158,-0.8011195174574158,-0.9517884949576468,-0.9294863332354124,-1.1406577339597925,155.73816776556777
2021-08-16 03:00:00,-0.7577012144649299,-0.7536737709714886,-0.7537199060249696,-0.7533899834414273,-0.8235719064872583,-1.099967134342218,-1.094117703400636,-1.0805437674475795,-0.9461735209071687,-0.9442443557953445,-0.969018943720564,-1.2664079645898412,-0.8624012660461623,-0.8307308792285244,-0.8547167345457375,-0.8620133598645225,-0.8122931250109101,-1.3810074670387908,-1.3824828364256865,-1.381683049419702,-1.386114390797454,-1.366021287398977,-1.0318654097536928,-1.0314525489185138,-1.0517863741789648,-1.050713639667086,-1.2698285535819889,-0.9901752497775053,-0.9355171085103213,-0.8948603425102237,-0.8954198394657494,-0.8990544003732883,-0.97659743948798,-0.9783366212436253,-0.9691560684877923,-0.9781186454304844,-0.9781186454304844,-1.0185523522159858,-0.9238898687367659,-1.0924899510246056,155.38469665427507
2021-08-16 04:00:00,-0.7851752586229452,-0.7810147033348648,-0.7803388611508053,-0.7807831013190719,-0.8235719064872583,-0.9828156619351263,-0.9862465737838815,-0.9840394561108171,-0.8509903988145354,-0.8506492910533092,-0.8764799110839159,-1.1193561325688803,-0.7649945156120467,-0.7280857591880334,-0.7641135491956498,-0.7655705843882828,-0.6976954017839541,-1.1767543215551721,-1.2147965852231966,-1.2169966003700885,-1.180295271790466,-1.2367370252037022,-0.9701541800752599,-0.9785221329030551,-0.9890255287646365,-0.996603843772939,-1.1882922297457414,-0.9183200248366216,-0.828555191965173,-0.7720979614659187,-0.7770239907622386,-0.7796135044323906,-0.9361324686404797,-0.9359388511853753,-0.9297749087505263,-1.0792610042722377,-1.0792610042722377,-1.033342076334588,-0.9360477624255196,-0.898294825494311,153.75785805243447
2021-08-16 05:00:00,-0.6522533870439305,-0.6541533421936588,-0.6520748279327543,-0.6514758345722732,-0.7106568275283159,-0.7902728806511439,-0.7867040041860645,-0.7755289806342381,-0.7742155532369677,-0.773366836766785,-0.7779399209530075,-0.7775498998393157,-0.7149632185713142,-0.6850849735225527,-0.7186821963225645,-0.7141962242568852,-0.6471413745604144,-0.8585913808552319,-0.8205382446298957,-0.8230401171112136,-0.8507347955714036,-0.8994450139674911,-0.9073036341055152,-0.9106288076633801,-0.9230705483112738,-0.9238922115677343,-1.0198380416618107,-0.8564200318955977,-0.7776401914039642,-0.7302250518491044,-0.722066426021152,-0.7230678332478548,-0.8956668602682305,-0.8940298841820008,-0.8898122175316099,-0.8769762865887303,-0.8769762865887303,-0.8677846969508721,-0.810119069800566,-0.5160248638006126,161.3641612099644
2021-08-16 06:00:00,-0.551686317777314,-0.5543032721573432,-0.5508832507740309,-0.5539723242116511,-0.5591999798634878,-0.6440581885978172,-0.6420699402124129,-0.6392170294722423,-0.6666722428410493,-0.6666998222745453,-0.6864496943865039,-0.6940693448143747,-0.6119251025342217,-0.5895019870000895,-0.6076042486763651,-0.6103990475948663,-0.5709900068299344,-0.7326387081143455,-0.7324469831141637,-0.7313325267043811,-0.72259799188835,-0.7463194286539372,-0.8734275290185582,-0.878227326733666,-0.8936940955823323,-0.8890088155400743,-0.896310611678286,-0.8271185309467749,-0.6699212897632641,-0.6435716719713654,-0.6429724508861452,-0.645231738782661,-0.8949860546727354,-0.8919135078667633,-0.88729661648636,-0.8769762865887303,-0.8769762865887303,-0.7658314791166769,-0.6325094166228801,-0.3341159019901126,167.2679201438849
2021-08-16 07:00:00,-0.7102284666071764,-0.7051200925043342,-0.7060817395107327,-0.7049549617498294,-0.6990327801700311,-0.7415903294211255,-0.7422187120275132,-0.7404115348855491,-0.7216989702068445,-0.72157434085242,-0.7342286388938802,-0.8070611612565952,-0.6564376550970716,-0.6249060968608308,-0.6475212403349399,-0.6553546299162761,-0.6018945927692577,-0.8620157454680833,-0.8660899185937138,-0.8751374578179547,-0.8621499383927805,-0.8770441536418013,-0.8975981783919181,-0.8851524381270897,-0.9107301392811717,-0.904288621723677,-0.9947063743489785,-0.8422979764364688,-0.7139029940306243,-0.675262341620422,-0.6774887937331275,-0.6785150716027467,-0.8906087389122938,-0.8879368050474462,-0.8833399757790192,-0.8769762865887303,-0.8769762865887303,-0.9189587768487801,-0.6999657024744176,-0.6747055108056763,158.19272180451128
2021-08-16 08:00:00,-0.7200261753612045,-0.7198730318051454,-0.715346036506404,-0.7181607475258036,-0.7302158703663063,-0.6614000001629188,-0.6535132153737386,-0.6551236887438283,-0.6729779515953513,-0.672597429567214,-0.6849809633963259,-0.6878763256669037,-0.6115573399089956,-0.5914390674257066,-0.6152882107509473,-0.6104142209028949,-0.570372458549751,-0.7353002182816716,-0.7436334637441833,-0.7472628339740554,-0.7390514828166402,-0.7536944120594887,-0.8666948569435519,-0.8653113311569596,-0.8828783939627335,-0.8818548300456093,-0.9084004402678775,-0.8141257650749529,-0.6722558808829244,-0.6381092024533785,-0.6458919555957336,-0.6463530914541421,-0.8846972552622212,-0.8839612351918967,-0.8775783538001413,-0.8011195174574158,-0.8011195174574158,-0.9501587282676769,-0.6614953076856017,-0.44047963208313706,157.2817
2021-08-16 09:00:00,-0.7440942132506917,-0.7367469541799596,-0.7394064004091382,-0.7387691328449775,-0.5764541620241499,-0.6926761873627042,-0.6860543698128792,-0.6828230352187316,-0.6970574711642221,-0.695438432488669,-0.6970723219953013,-0.628052847501178,-0.6511122086146952,-0.6310215574453263,-0.648948629248053,-0.6500377508077879,-0.6160435470610934,-0.698567951618288,-0.7038902697605048,-0.7050379627223269,-0.7054014662196185,-0.6896453974464928,-0.7123815905331394,-0.7085549649894397,-0.7245770263975444,-0.7273013644370159,-0.8882243892797324,-0.6752812368033488,-0.7118480089343497,-0.6876981803575383,-0.6900667299035289,-0.6917592510307,-0.6967438380896258,-0.6956657020917414,-0.6912607545106183,-0.5735492100634698,-0.5735492100634698,-0.9289379810929418,-0.597992503998461,-0.4283404009342612,156.1749620817844
2021-08-16 10:00:00,-0.6904926820014665,-0.6889220082761006,-0.691119818821191,-0.6896630292101302,-0.6642845441661788,-0.6832432798923556,-0.682214108336335,-0.6899039562861184,-0.6809966862345116,-0.6807386439079861,-0.6995248301438389,-0.7383365018956859,-0.6190729979645347,-0.6012266134386534,-0.6189879179324728,-0.6178315667854902,-0.5894363006770146,-0.7819462371092031,-0.7994030247389865,-0.7999516335635449,-0.7862955302718909,-0.7877610482211841,-0.6214913313178934,-0.6207810422814819,-0.6323766731517155,-0.6306039358745648,-0.9068729289317784,-0.5802014863582053,-0.6857274244910738,-0.6561210702791377,-0.660328404309174,-0.6608835865246679,-0.6012228674718445,-0.5991293292764829,-0.5939973629102393,-0.6241203894843464,-0.6241203894843464,-0.9084428525162721,-0.3574100287134603,-1.2760105135439335,159.11836329588016
2021-08-16 11:00:00,-0.6660584948927609,-0.6632531162386202,-0.6650955524135834,-0.6652842546109136,-0.7304439040744448,-0.6017047635811125,-0.6002116421884779,-0.5931774339346326,-0.6146096784792072,-0.6145478225655535,-0.6270236423144283,-0.6740397288640009,-0.5493011205444167,-0.5355975688498072,-0.5468954407149977,-0.5475794001852811,-0.5197308886586983,-0.7383451346565848,-0.7456770975459324,-0.7453791108004925,-0.7434308370224731,-0.7306920898983991,-0.5469572595402046,-0.5420039286169442,-0.5538950740685034,-0.5545425534717295,-0.8321216782478096,-0.5118031204101373,-0.6078209820184779,-0.5901576301164784,-0.5847777258765537,-0.5868419623001642,-0.5110836682740749,-0.5127295124670633,-0.502466137724152,-0.5229780306425932,-0.5229780306425932,-0.888272262542081,-0.18284143221630567,-1.7078210995876153,160.70230848708485
2021-08-16 12:00:00,-0.7918793550469996,-0.7853580940805396,-0.786938141570779,-0.7865674696426278,-0.8509288254104826,-0.7045729777913043,-0.7077058953537996,-0.7055093503169773,-0.6765304226668875,-0.6763923494221911,-0.6872107404347882,-0.7935470736618055,-0.576065530635839,-0.5792850205160297,-0.5780713346237795,-0.5745981159449902,-0.5815584403345426,-0.8534169317294741,-0.8592595713595282,-0.8738454286809587,-0.8576983798391941,-0.8598431235007585,-0.5686874391644153,-0.5653771521977513,-0.5821747949484976,-0.5832578644671866,-0.936111338141535,-0.5284189491626047,-0.6407526650084455,-0.6536280220127911,-0.6516614851893445,-0.6527428081694526,-0.5226275414064686,-0.5208341687684809,-0.5176732901539771,-0.5735492100634698,-0.5735492100634698,-1.0370909351625968,-0.5476865884864437,-1.6883417715733027,153.37701037037039
2021-08-16 13:00:00,-0.6718710461639232,-0.6657927546867365,-0.6670566829960942,-0.6637629036443764,-0.7565208677866394,-0.5662402276156464,-0.563934780206818,-0.5683428205974214,-0.6032767774622207,-0.6031440099446311,-0.6151663538532238,-0.6815368488137473,-0.5254658367180656,-0.5157566167046288,-0.5193003722620503,-0.526147178220072,-0.504407669161456,-0.7301845901160672,-0.7267543959925983,-0.7295793138997458,-0.7275635371186276,-0.7131984322532059,-0.6175789191735249,-0.6185442950625756,-0.6284329377398034,-0.6295080763975118,-0.8462923423364372,-0.5856272472674048,-0.5778208940638917,-0.5746459798183052,-0.5678775947328303,-0.5665325038655428,-0.614840396103408,-0.6119125594503697,-0.6104329519000583,-0.5229780306425932,-0.5229780306425932,-0.8979749818695313,-0.244712279157237,-1.7008965532396427,160.45065814814814
2021-08-16 14:00:00,-0.43920509554150966,-0.4303172322102256,-0.43149397978558557,-0.4305551722531634,-0.47355227941791683,-0.4096553341124081,-0.4135634649337788,-0.4248845622411624,-0.5241709714355377,-0.5235740648862831,-0.5239662752311014,-0.49597944476889266,-0.48230486512078835,-0.4758959507379511,-0.4841706786513298,-0.48348012269080026,-0.4695262198762714,-0.5405571761783783,-0.5423897444959408,-0.5333110378240193,-0.5311627189532658,-0.548305025293486,-0.3224944046806816,-0.32354950656008064,-0.33072263888412423,-0.32109586723912636,-0.6518006623672128,-0.27837181262545474,-0.5362148238523309,-0.5308358648865196,-0.5280575441882329,-0.5323671975539929,-0.25056470494509636,-0.24954174634088433,-0.24798995042448418,-0.185836834503415,-0.185836834503415,-0.6270161287290029,0.3312000869596162,-1.7191785922041565,174.54786847826088
2021-08-16 15:00:00,-0.26930477717493906,-0.2750379173136925,-0.27598470940417297,-0.2751919291718473,-0.3104471988099095,-0.20648486641280311,-0.1726227794681817,-0.14834741905686763,-0.28951246210152837,-0.2895817995312894,-0.21697265814862826,-0.29078942068453495,-0.299839708567419,-0.2870679122571234,-0.3041439425874091,-0.29569834866834616,-0.2712099886377024,-0.3029037653323949,-0.33130424954971055,-0.33507981344460686,-0.32116105874873896,-0.335585138095605,-0.3201351736084191,-0.3434608877047118,-0.33978468614618307,-0.3398016004528852,-0.27299427418554256,-0.2825192823134697,-0.3334505276865984,-0.3294028939226536,-0.3182510581913709,-0.3194386771187093,-0.3071480015049388,-0.28039914747675326,-0.2896348891080744,-0.42183567180084003,-0.42183567180084003,-0.38671506988849447,0.36471083167957113,-0.06813524588748752,183.92323271375466
2021-08-16 16:00:00,0.11607537966309069,0.11162028771615203,0.11256865861205799,0.11389649513230203,0.21445731139244528,0.4352869721956434,0.4413595102633601,0.444826514850001,0.3693417720777653,0.36894134302957315,0.37632042281637923,0.490023718599302,0.35449640091471923,0.375056248702104,0.34718293784329474,0.35956615269920456,0.40626041307263144,0.5115389721957267,0.4984091941084931,0.4251329739413716,0.425956037317344,0.4951640251569521,0.24725139237576746,0.24886654120027185,0.24759318944543227,0.24692014608877585,0.3442838344469615,0.25944611376452054,0.3599418128048721,0.4024308257438034,0.4106452455674425,0.41018320421272525,0.21956410792442138,0.24420005944218942,0.22515676048720784,0.3873031989331891,0.3873031989331891,0.019468430296081845,0.8641903421102147,0.5197369816137392,206.80088827838827
2021-08-16 17:00:00,0.621062969944616,0.6112633960777967,0.6127267729993618,0.6073756970537261,0.6193873375925129,0.7370375923804332,0.7540500451077121,0.7864235289015584,0.7796781836043084,0.7797275928273291,0.8118293384176203,0.7619170332758783,0.7813375199669955,0.8198829579172958,0.7834209543250504,0.7852615187179691,0.8583583785578139,0.7805934452918173,0.7900387688789154,0.7820888505095346,0.7815721216874836,0.7806143369858028,0.8637145501398247,0.8651576329198012,0.8703026124259554,0.8700299439182949,0.6916396712893484,0.8427018505745147,0.8078678006307913,0.8876505307324759,0.889721808890157,0.8828970817172687,0.8669131129701132,0.8664488064239122,0.8631950918017526,0.9098720529489148,0.9098720529489148,0.6232922173112782,0.3492013950417734,0.4006911797597343,236.22038966789668
2021-08-16 18:00:00,0.5686712900225783,0.5598445164425988,0.5618296086007097,0.5634699584778025,0.5859582940418003,0.6245026156275901,0.6403402988448063,0.6709116194560515,0.6102184126217604,0.6081913859304774,0.5957150150485839,0.6483439709435309,0.5923286772132967,0.6429452687116721,0.6073599278526791,0.6094093603288461,0.6739871913166323,0.6879326921373804,0.6920517799208151,0.6836807872158408,0.6740397121462277,0.662850001893877,0.5450681283933875,0.5482879110498198,0.5546960603394864,0.5531944674105734,0.4085711898642808,0.5937083589561413,0.6217499013556536,0.7010277392664541,0.6901306214470426,0.6897577624338095,0.5801538434941801,0.5798891307650632,0.580267025547168,0.5390167371958198,0.5390167371958198,0.6004221294934109,-0.32370771758350986,0.4183122919148741,233.51902904411764
2021-08-16 19:00:00,0.3334667245908923,0.3315632182491586,0.33276045828605855,0.3331680309909773,0.30873299580439323,0.28495113600566074,0.28770296556925956,0.28384880130108114,0.19269066830663917,0.1924371267478737,0.17442471356968559,0.31035648349565953,0.20449438645257845,0.2581123773537044,0.20867797804270208,0.20343311575348316,0.29565134877144567,0.31027237096878624,0.30967819087914794,0.30766442387735327,0.31066101992130757,0.3132150817821577,0.1517501031169517,0.1527043773879405,0.14992893640975113,0.14996292054090374,-0.0057770097857383655,0.1605513870723355,0.20418268191545047,0.2915286274207436,0.29196760819645806,0.2882930400161805,0.12935924367753807,0.12972467217280675,0.13053638120375013,0.08387612240792773,0.08387612240792773,0.31526652908286074,-0.28975945490203425,0.1422834119035559,219.96490877862595
2021-08-16 20:00:00,0.18119138586292965,0.17445604400890222,0.17354958878592128,0.17799066099891522,0.18085639642442133,0.18589711219432983,0.17423820980828775,0.18145460364902696,0.10229214565340179,0.10096074112281428,0.08246973676860643,0.25511989878770797,0.12120581750975258,0.15723073102237964,0.13185420956424762,0.12581294385414946,0.18103465555810808,0.22561930888317872,0.2268427879905027,0.23500510934441246,0.23247678825311782,0.25195568321808043,0.12469703777972795,0.12709383922189085,0.11978482064834638,0.12146540227843167,-0.06544308000066658,0.12842180723833424,0.11666776861906199,0.16185167956277843,0.1653070660594936,0.16535610241143697,0.09460054434712349,0.12799718567031215,0.12778268554121086,0.1344473018288052,0.1344473018288052,0.09368112898436817,-0.2809568747706269,0.03473842488493342,210.48807985347983
2021-08-16 21:00:00,0.03589853261259826,0.03556082728886267,0.03570902991634923,0.036350507141425695,0.18085639642442133,0.029006454579016468,0.033080727310457136,0.024677561321229113,-0.03634768190501953,-0.036694519804148194,-0.051596754835922874,0.09222578775867313,-0.012217919754357102,0.008461161541620278,-0.002903697387324878,-0.010100255001090422,0.01413958318522455,0.05577950169619054,0.05698513886407376,0.0562562097292659,0.05564292663823664,0.05130852846247883,0.049369622091188545,0.049471316051260227,0.049351450059284874,0.04866138808220234,-0.1744591570943906,0.05925884306397744,-0.028469291680526723,-0.01082018144351714,-0.011910815499580599,-0.015283399700068789,0.06801321222864369,0.06602350117800178,0.06972762192986082,0.1344473018288052,0.1344473018288052,-0.049330416725498705,-0.3375002066073998,-0.09713184217343135,202.3723287272727
2021-08-16 22:00:00,-0.017904382222700764,-0.016645688380820242,-0.015666889284603996,-0.01717243321181119,-0.03309654753747784,0.005139999682444291,0.0037488556506304134,0.004113809172622931,-0.019494706620648918,-0.02006674306673992,-0.02813914855928447,0.07555108514931877,0.03113778371672782,0.03994233161402484,0.025466005747958213,0.029946547159821358,0.054469336213005974,0.05098587000291278,0.041174645968035196,0.056795182279862896,0.04913572064232568,0.05162900416822695,0.030888175745077805,0.031231082730338446,0.02880533898462833,0.028369311598881453,-0.20556204132277012,0.04796158390817267,0.013794478263807905,0.026200053136394844,0.027629697434754644,0.02891839423608259,0.04962806101828534,0.05024011214101537,0.0518584764529581,0.1344473018288052,0.1344473018288052,-0.10490245938055721,-0.47473711484373315,0.022184669941177702,199.11558211678835
2021-08-16 23:00:00,-0.09671058913970493,-0.09455460395515974,-0.09501221993829413,-0.09380497921705182,-0.11897043536679766,0.03041084558681112,0.03633885021893656,0.03473310247013268,0.05589233778941197,0.05554392747794114,0.05521043028809763,0.11769568458923511,0.11909470642923381,0.15182135896617294,0.12111645582590651,0.1215027070366062,0.18047881426395873,0.10406052922264637,0.1066777971943048,0.10663208339678679,0.10290186930087074,0.0980308661706446,0.0056196866187251514,0.0006571337981859565,-0.006269061814153025,-0.009614217173173461,-0.21208004657761298,0.010413528011454462,0.11109855655519996,0.16404399202178643,0.16517831652891485,0.16571858280615565,0.0011666172482328661,0.0033711005795092346,0.006284038144473503,-0.017266236433825466,-0.017266236433825466,-0.2139842347832182,-0.5558336355592203,-0.07025231500553192,194.587168164794
2021-08-17 00:00:00,-0.19074980625831808,-0.19026773014857185,-0.190193908719539,-0.19029513756882224,-0.2519740042317146,-0.09064065306542728,-0.0843775089627403,-0.07536204154570657,-0.12608805206380286,-0.12560709929558536,-0.12758009233006926,0.11769568458923511,-0.10867126489224495,-0.06628475114798266,-0.1101189776502092,-0.1075475761192646,-0.037580857111186534,0.10406052922264637,-0.035301105758744906,0.10663208339678679,0.10290186930087074,0.0980308661706446,-0.1354469246911321,-0.13361976746901913,-0.14096172321571238,-0.148658882731196,-0.30498837229013004,-0.10557253582055037,-0.12828619557164453,-0.059293398859429636,-0.06495973674621086,-0.06465515487453463,-0.12091864352211068,-0.12763549250703055,-0.1108917016551101,-0.06783741585470206,-0.06783741585470206,-0.32134733602254006,-0.6483573102729784,-0.24987081368572275,188.88310827067667
2021-08-17 01:00:00,-0.3069208391771703,-0.3036108852053705,-0.3044224658184421,-0.3061161421486579,-0.2519740042317146,-0.2913184299389629,-0.2954195853357046,-0.2966664607769115,-0.3277169589526509,-0.3281608785298052,-0.3456254538781787,-0.25554247119067225,-0.3268275767117235,-0.29144446238915545,-0.32192681770274595,-0.3293235078460115,-0.2655114438563177,-0.2938297526800391,-0.3024784152809807,-0.29281401870988705,-0.29206793790183505,-0.28726230947738474,-0.2965422118479123,-0.2772140595723167,-0.2852331279406602,-0.28427096625307335,-0.41535361619089184,-0.237934934546514,-0.35864626588615145,-0.3077815585957679,-0.31131185515575954,-0.31320704964320945,-0.2396706820398448,-0.2389105808408686,-0.2345726599107146,-0.37126449237996256,-0.37126449237996256,-0.4640739456585096,-0.6431533054127924,-0.49440632630158926,182.03096470588235
2021-08-17 02:00:00,-0.4301308479593747,-0.4286040238651902,-0.427952488348645,-0.42884729237995506,-0.49114064376383415,-0.45446018467262395,-0.4547288194935517,-0.45697563658392737,-0.47801382983700935,-0.4768218152957996,-0.49139218377412447,-0.4007748545381276,-0.5140644508707858,-0.4857424652521709,-0.5069806440437535,-0.5142490926267311,-0.4668584678042143,-0.42600292557421526,-0.44219839441398157,-0.4351546940302449,-0.43013732836764607,-0.4442291289045123,-0.534324032223717,-0.532822158147964,-0.5458765668596731,-0.5449288062518102,-0.4639401569867604,-0.49525248766827046,-0.5582945567280866,-0.5269805169749784,-0.5251640016596669,-0.5300461488191875,-0.5199023963308029,-0.5196393370880625,-0.5168428932758322,-0.5229780306425932,-0.5229780306425932,-0.6122584259280123,-0.4203644262642759,-0.548117390978811,174.7195210909091
2021-08-17 03:00:00,-0.5514549614133233,-0.5450633692604524,-0.5452522990998588,-0.5470942150565592,-0.49114064376383415,-0.5746682042990792,-0.5764343017568488,-0.5779073010864269,-0.5654257706007214,-0.5649117554168284,-0.5776021242456936,-0.45595764383890897,-0.5873639970990605,-0.5660534539241731,-0.5862773655596116,-0.588235911555722,-0.5450664038558705,-0.5129777172405723,-0.520931942049778,-0.5091671947949277,-0.5166087410468932,-0.4706289443717346,-0.5703538791265096,-0.5685382904758074,-0.5878013134099692,-0.579574811210591,-0.5638999457434285,-0.5318090588726485,-0.6421068399687027,-0.6162771711633456,-0.6135465218125514,-0.6143781343513095,-0.5415800592848203,-0.5425876800241461,-0.5346470516961567,-0.5229780306425932,-0.5229780306425932,-0.7538464228398349,-0.5086962605485537,-0.6424073110567843,167.62426666666667
2021-08-17 04:00:00,-0.6116952263607177,-0.6073955759001843,-0.6060254873083205,-0.6082822930691644,-0.6718340887177597,-0.6231767559214307,-0.6211458462318309,-0.6241387906059678,-0.6187569199950596,-0.6191720868025736,-0.6319119712134188,-0.5238741892557097,-0.645078328920253,-0.6319808555746297,-0.645216230898055,-0.6442255885629705,-0.6122923173174918,-0.5790643036876596,-0.599988636196345,-0.5824677438605774,-0.5809912957349163,-0.5778339405359184,-0.5691226579876966,-0.5697055899756418,-0.5809690303180417,-0.5816132132750912,-0.5750627654260618,-0.5239227854048695,-0.7038048704807528,-0.6934527919451411,-0.6883395457874744,-0.6909609206379014,-0.5152343794044081,-0.5266679408210491,-0.5125549957441626,-0.42183567180084003,-0.42183567180084003,-0.8283749247321972,-0.6635688942876126,-0.7763792563101319,164.0185138576779
2021-08-17 05:00:00,-0.49735417500755796,-0.4908831417640331,-0.4912370239718981,-0.4955348194627829,-0.6349275311179373,-0.536220738227775,-0.5368193485280742,-0.528889227084891,-0.5840194464667088,-0.5839416908171097,-0.599976305644785,-0.46303142288147037,-0.6313271083121951,-0.6098034545781621,-0.627287355352845,-0.6311113554380104,-0.5986128194943984,-0.5004788163264594,-0.5127031261243513,-0.5077140852926795,-0.4922938045144347,-0.5162847076106838,-0.473923920499574,-0.47556243079057253,-0.48612882849607153,-0.4858360016522568,-0.5264552192383091,-0.43194235658659313,-0.6909905899722261,-0.6661337279519932,-0.6735317432763351,-0.674794679947016,-0.4202958938986601,-0.4229364125297253,-0.41725683246434037,-0.4724068512217166,-0.4724068512217166,-0.675271279212106,-0.515620500622169,-0.8481372602804129,170.83943962264152
2021-08-17 06:00:00,-0.45134126403064406,-0.4510909149881492,-0.4510946202524525,-0.4511065263041352,-0.4441697719178337,-0.477005369043253,-0.4796208104308136,-0.4728870840749833,-0.5696634244686779,-0.5694592208613714,-0.5792113737278285,-0.41714750800115885,-0.6032546667430208,-0.5907405027799645,-0.6097131332306057,-0.6030780597661851,-0.565031131077024,-0.46161494109931683,-0.4827479239381833,-0.4902224507337659,-0.49001101536171154,-0.4443893667573856,-0.43476156866478066,-0.435164686848193,-0.4457433124643928,-0.44428617958749983,-0.5227689570291172,-0.4046600628622076,-0.6668411553562859,-0.6436387118271271,-0.6414311252431543,-0.6416605250007189,-0.3972603396599643,-0.3956317591718655,-0.39219262126234283,-0.4724068512217166,-0.4724068512217166,-0.6585976989564352,-0.6556318811247415,-0.7188791309165236,173.18444346153848
2021-08-17 07:00:00,-0.6272566707114582,-0.6238559271806021,-0.6226881927208812,-0.6234570568293576,-0.677904322759657,-0.6903449701322864,-0.6869730740065759,-0.687338602626924,-0.6748108209022613,-0.6748987431606135,-0.6871098085601396,-0.5790557067706118,-0.692124060867851,-0.6830109238077545,-0.6923254932129628,-0.69023277383271,-0.6649034010190509,-0.6198117889114333,-0.6572955399282475,-0.6568468023965827,-0.6431464251917225,-0.6597565914948068,-0.5086217077295792,-0.5189911717816549,-0.530364464276689,-0.5300639528264662,-0.6576225682745334,-0.4617928305188952,-0.7645151348759314,-0.7504890675888873,-0.7508393445284551,-0.7512638793145859,-0.4379352119891585,-0.45977011255994715,-0.434114410517205,-0.35440743257300367,-0.35440743257300367,-0.8526528090834024,-0.7646862440015322,-1.031334586226486,163.03115367647058
2021-08-17 08:00:00,-0.7420957858249075,-0.7402704467189027,-0.7410023409105162,-0.7395184474732742,-0.7988465372762558,-0.5591688999758097,-0.5642300358333646,-0.5763685743785506,-0.6194921467337423,-0.6196338002107539,-0.623700826003426,-0.540246445285654,-0.6480504787734181,-0.6278675190393987,-0.6461356589395096,-0.6453437438488508,-0.5991799031460022,-0.5809126347094685,-0.6010203364176401,-0.6016501437762484,-0.5924286439777848,-0.5999144649794662,-0.7367429723042963,-0.7371709128830158,-0.751460240961839,-0.7507242709744282,-0.5876967922087628,-0.6955834219239965,-0.7140225807072408,-0.6813522938268477,-0.6758068284052068,-0.6768459109346365,-0.7370926519279194,-0.7361960787844207,-0.7301581713752514,-0.7379055431813198,-0.7379055431813198,-0.956394323289955,-0.881058269833679,-0.375324244290168,156.0950905109489
2021-08-17 09:00:00,-0.3098406846864628,-0.2986097893596934,-0.2840165028315849,-0.2914115415183787,-0.311512154551908,-0.1276086549176122,-0.10686172000181637,-0.09278880148490402,-0.16511078086844302,-0.16220637452051492,-0.02409886242796488,-0.09133867619870527,-0.14376698394903287,-0.10579052402060114,-0.1355648076600947,-0.14195204697150818,-0.05381472996490042,-0.1406215391388577,-0.1416922001014609,-0.11485205493301227,-0.14327793325313137,-0.12154341118415539,-0.09245171030724503,-0.16898957938532397,-0.09965936117946478,-0.0970751432219398,-0.21480447944417064,-0.12383370091169608,-0.1695418995396248,-0.10778545757985743,-0.11803743877510557,-0.11135934637652707,-0.07429718725168129,-0.07509931526107425,-0.07286448926062106,-0.13526565508253843,-0.13526565508253843,-0.5603413144303712,-0.37269576711964775,0.211129196185884,182.99008407407408
2021-08-17 10:00:00,0.3010625808826921,0.2914871713400019,0.2977921341219187,0.2810658936631639,0.3613622106741545,0.44821782857690046,0.4631778026325495,0.4734536227271072,0.5867826227229188,0.5850714875525131,0.6216599712892167,0.5385353096495384,0.6659093075906939,0.7035632917780295,0.6705471345249323,0.678232896504135,0.7273066998536488,0.5496613107016107,0.5493921826597393,0.5469802762174938,0.5491658011281404,0.5514865817651211,0.36951522131752385,0.3696293311004449,0.3690439946857492,0.41400873871163724,0.23468116800785851,0.3379668179102028,0.6733191797723105,0.7629591695304174,0.7351083646296763,0.7453316548993988,0.3421269658064827,0.34088100652661185,0.34097982127876214,0.23558966067055842,0.23558966067055842,0.23924632502070503,0.3566556536901132,0.7362827630241882,217.20135563636362
2021-08-17 11:00:00,0.568769187621849,0.5684388509123112,0.5684160162004919,0.5675670608677766,0.3613622106741545,0.5062759294992538,0.5127430701126459,0.5123931345439621,0.6301483042563167,0.630333004649569,0.6363566288027708,0.49184237240663364,0.7344731043389897,0.7737452468275229,0.7389456868544529,0.7437656461138951,0.8030459969659078,0.5197563700459649,0.5109932974964801,0.5196405408577798,0.4823488299708357,0.49324452668901625,0.7392055085599888,0.757596322927342,0.7605803299383868,0.7619633734848018,0.2137025379351043,0.7277261937416126,0.7579718822202645,0.8302948775260527,0.825988905089584,0.8268200416694,0.7879597105042367,0.7855781360344275,0.7793034152198897,0.7413014548793262,0.7413014548793262,0.5882072718909049,0.20450708759162586,0.6096123093534999,233.9668324723247
2021-08-17 12:00:00,0.5692596508422011,0.5683952531627776,0.5681037447554158,0.5674513223938891,0.3613622106741545,0.5370365571765277,0.538964854664168,0.5399558048610756,0.5778654444281863,0.5767984090120276,0.5727061120848368,0.49184237240663364,0.6756143786779005,0.7022118138551189,0.6767952652829852,0.6832494035644582,0.7258815940223473,0.5197563700459649,0.5109932974964801,0.5196405408577798,0.4823488299708357,0.49324452668901625,0.7148685732612541,0.722969955436891,0.724190146491664,0.7266740549290478,0.20613195422452527,0.7139009323513889,0.6931039943283892,0.7497598665982014,0.7465399730362141,0.7477346735905505,0.750089890400317,0.7566663169260436,0.7471773416264824,0.7413014548793262,0.7413014548793262,0.595897157258229,0.20013274206858078,0.6058229654771237,233.96167854545456
2021-08-17 13:00:00,0.5697418774786498,0.5687259266174003,0.5690059580143904,0.5683764042739452,0.3613622106741545,0.5375049785308706,0.5382676966694437,0.5368612528485002,0.5848901277780305,0.5848100111458184,0.5753705032921403,0.49184237240663364,0.6867106912423974,0.7182615629554923,0.6887270834076975,0.6954181177200629,0.7407446489934832,0.5485190578894716,0.5403564873795418,0.5383685671603778,0.5234426258931386,0.548285809680422,0.7041772291835741,0.7071281795476341,0.7115609976377557,0.7212364772071459,0.20104565686018866,0.699029904584015,0.7015814767353612,0.7686485949168603,0.7666568972288893,0.765972961849815,0.7474192081531795,0.7387190783688662,0.7498873502032821,0.7413014548793262,0.7413014548793262,0.5937621401962353,0.19823867636911355,0.5921047743117971,233.96727592592592
2021-08-17 14:00:00,0.5571995768889472,0.5545212296416263,0.5567754658486149,0.5543667534009452,0.506791871476683,0.5425364642043967,0.5520426518447203,0.5563248905306611,0.5633751734180479,0.5633036510835249,0.5646289580536283,0.47698632360461096,0.6335243390554834,0.6631130336001918,0.6350035739741096,0.6417233341500653,0.694151529653452,0.5049179554368534,0.49840891213073574,0.509306941484571,0.49147998658172853,0.46476329701770686,0.7231263377406897,0.7277312937292044,0.7276982433955266,0.7266740549290478,0.24249442273610586,0.697311053599329,0.6473592394431021,0.7113302726716733,0.7146522666480828,0.7125089082343266,0.7550175316910259,0.7466846229049955,0.7436957627450584,0.7413014548793262,0.7413014548793262,0.5730366474056292,0.3438545270853429,0.6323119765034794,233.18272029520296
2021-08-17 15:00:00,0.46873675752653426,0.46785950321197267,0.46677727958829335,0.46769500655856494,0.506791871476683,0.36667501126906166,0.3693713437896451,0.3716142467606641,0.2834949988499919,0.28357691499141413,0.27747466514702745,0.47698632360461096,0.33550610672275827,0.3688299893094,0.3412931740692699,0.3403904393680164,0.4007376087708907,0.5049179554368534,0.49840891213073574,0.509306941484571,0.49147998658172853,0.46476329701770686,0.7181999340970531,0.7164777715753351,0.7203877924425213,0.7205352497340491,0.027788653880307924,0.6968957086207427,0.34203090180042095,0.3963631917260048,0.40308049874727003,0.4025085028404742,0.7851069997621937,0.7866164973261373,0.784463846528531,0.7413014548793262,0.7413014548793262,0.46602378331813527,-0.1744927950249325,0.3664705700742663,228.02179999999998
2021-08-17 16:00:00,0.46851715189137855,0.46716264784263734,0.4659912295477551,0.4664082975981551,0.506791871476683,0.46840948667072757,0.48108116209051216,0.5025982926192164,0.35846043084762663,0.3590654025365227,0.3886826092493244,0.49063020149047076,0.4293665117744433,0.44787184126566476,0.4328547808943982,0.43290765004736304,0.4470823760320905,0.46976345944102843,0.4695294550916758,0.4582862760484051,0.4704758125553746,0.49324368774737803,0.7471719878409457,0.7500953617202514,0.7550266094685864,0.7525387138116749,0.1370724753361756,0.7291431145040795,0.43647576930946425,0.4597514306568501,0.45649946479273756,0.45275904014194013,0.7999889524786162,0.7969234227583175,0.7960437427716669,0.7413014548793262,0.7413014548793262,0.4722531446960652,0.08214816565213502,0.5411973438933175,227.9658413919414
2021-08-17 17:00:00,0.4690430900644585,0.4671730649779646,0.46579280334716877,0.46654867800920824,0.506791871476683,0.4852141461756173,0.48702191728224264,0.48225710981365233,0.4266357639188042,0.4266684373132913,0.4270662180524336,0.5345934547377188,0.4979727096023193,0.5245989799603441,0.5028450590648333,0.5036127948456318,0.5421191842323666,0.5389317945029153,0.5461652291961708,0.5411678382085002,0.5389678665414044,0.5386858005158285,1.0313934253137973,1.0298531111988964,1.038412332559089,1.0376445337661147,0.138675515519249,1.0160833231287822,0.5137381961607431,0.5577650778477449,0.5541185611168729,0.5551443966034427,1.1555204391874887,1.1559604191755628,1.1473813461256892,1.1964420696672164,1.1964420696672164,0.4722531446960652,0.1626264259652614,0.43815271679139633,228.03180516605167
2021-08-17 18:00:00,0.3324592411359889,0.3597785864197113,0.354742541508409,0.35187156564525063,0.03559977047649122,0.37693120280099,0.3643540914727248,0.34122694976723494,0.38541817605598905,0.3848035749039773,0.34015672090334653,0.1748984937948964,0.48466903191323274,0.5166801153876346,0.49360774534946394,0.492127664157957,0.5372392916140465,0.17254393151637376,0.20057681360451277,0.2543650238843391,0.17253591639214252,0.14848593487385905,0.870450567826165,0.8829763400704673,0.8864162563085312,0.884936008030393,0.028784190987836255,0.884124029596697,0.5041070844212711,0.5443890806373258,0.5499302893361856,0.5480100697571889,1.0142258655700285,1.0180962897689816,1.0268159817138645,0.99415735198371,0.99415735198371,0.11663505934224404,-0.06126697356959174,0.3759243008423684,221.63214565217393
2021-08-17 19:00:00,-0.15399287677206505,-0.1512391455108934,-0.15241323797781986,-0.15177210277376993,-0.18034058878817838,0.04061257102287947,0.044535656919640516,0.06543305713624031,0.006018199828569066,0.006868077510821078,0.018492914045461325,0.1569897349540411,0.014907393404117692,0.08099925933922432,0.02776255391683002,0.018437194531892208,0.13267479957458517,0.12437750829319674,0.13673271880049462,0.14072243987469568,0.1401810696553241,0.13969539253113103,0.5723230154736441,0.5735319035453214,0.5765403019174903,0.5744398078273378,-0.20778169635091412,0.5565289187076672,0.008811851241021034,0.12080533476159445,0.11697095162579564,0.1146797393854941,0.6824740155565124,0.682723719966791,0.6788661004699627,0.6907302754584496,0.6907302754584496,-0.26637443391238064,-0.3809975709747063,0.20828193047405405,191.11763736263737
2021-08-17 20:00:00,-0.23207557576730703,-0.2323454007251992,-0.23426934181451728,-0.23280615359377857,-0.2985286563884985,0.09000320440697326,0.09186039361927438,0.10558417527305411,0.03845324993505041,0.03754919326589677,0.032681210922168025,0.15013695520353892,0.029304107593546014,0.08180754471149401,0.03252182422556925,0.032291529921560466,0.12962543373340582,0.16044614566373716,0.15030376045480734,0.14802940805128847,0.13389504145703127,0.1306715684835732,0.6076484936426207,0.6064134574476863,0.6134483089733853,0.6135676309473328,-0.08917296630448021,0.5951465785317925,0.024537339886319624,0.11552810881157541,0.10817263065909846,0.11357258341426434,0.7045210380871421,0.7087475577869755,0.7059194269635908,0.6907302754584496,0.6907302754584496,-0.37983024933416765,-0.0555649943981771,0.3220609372493267,186.31345
2021-08-17 21:00:00,-0.23571770975484096,-0.2326855804710786,-0.23352407650624632,-0.2340596131687667,-0.2567662024144794,-0.2528449953401987,-0.24615018016480814,-0.24596559396671616,-0.318095566448489,-0.3179667422181698,-0.33883054848616206,-0.18247153657849507,-0.3664992216570733,-0.33345250178514624,-0.369413957208943,-0.36478385865152657,-0.29981575405025407,-0.20959433301278554,-0.2210559277440493,-0.22381791324988737,-0.21627083892131638,-0.2196132437605267,0.2145135185169901,0.21423828248870053,0.2132478632699977,0.21228784518837673,-0.299345431326666,0.21638661328806238,-0.4019205885273486,-0.3481260469583515,-0.34874730018623057,-0.35078944127261696,0.3197536722767034,0.26386871505311194,0.26000452945615427,0.41258878864362697,0.41258878864362697,-0.37781244295610894,0.15815532244044145,-0.6896495455711323,186.2636235074627
2021-08-17 22:00:00,-0.24282314675648706,-0.23806016935574473,-0.23914515345305282,-0.239404552855709,-0.2530117902912017,-0.3379441630871739,-0.3374664555074235,-0.3373349806342943,-0.3264463722249721,-0.3259480104957561,-0.32527161219374484,-0.2062223498378556,-0.3509692392170734,-0.3236074492760645,-0.3515608870124973,-0.3515929212979682,-0.30013766402561515,-0.23584655823580136,-0.2532163369873513,-0.248251832725935,-0.24104185446121454,-0.2405416496524946,0.1252769497720065,0.1260846836321315,0.12263505359590403,0.12285452532118456,-0.3369749239204453,0.14114113884263974,-0.3900557696189678,-0.34672563439886106,-0.3544205534988528,-0.35648184580509396,0.24339542055440583,0.2400454610800853,0.24150876621717707,0.18501848124968182,0.18501848124968182,-0.3840161072937118,-0.14858447849588974,-0.6537032974810125,185.9230796226415
2021-08-17 23:00:00,-0.20165753018421215,-0.207961113336082,-0.20646164565027456,-0.20858260475864912,-0.07141726315894342,-0.1460913117203774,-0.14218710778004526,-0.13134724245983828,-0.24163514797397254,-0.2426324412058722,-0.24006666872061033,0.033847130612339175,-0.28079864702983737,-0.25413058734096194,-0.28047707091913926,-0.2785701320415349,-0.229625354852238,0.03324829567158772,0.04037800240588241,0.030316448515111085,0.03253785638614364,0.009445645791781015,0.14996560828581457,0.1607112132272509,0.14643660328152752,0.14623581617970197,-0.23048166557663516,0.16478170829796412,-0.3216033485056164,-0.2728890151055115,-0.285059604335391,-0.2855802926603937,0.24393713444084664,0.23930929764150985,0.2403206989402838,0.18501848124968182,0.18501848124968182,-0.3258914073868257,-0.14260889456062445,-0.2805626610960423,187.9307654275093
2021-08-18 00:00:00,-0.4610924113806821,-0.4584201704212767,-0.4563703117967192,-0.45832614887534134,-0.46142412859408877,-0.35858626016161305,-0.35108815165713275,-0.35915029094883455,-0.4643737927409645,-0.46471175897619305,-0.4621793215680472,0.033847130612339175,-0.48733696868998966,-0.4586293097723598,-0.48308821770430616,-0.4860984369944892,-0.43067812422418655,-0.4034028372764674,-0.40831707491306346,-0.367084153997447,-0.40599252366965516,0.009445645791781015,-0.21402055631130018,-0.17084308415293634,-0.2198833286864732,-0.2188613149811518,-0.4633629581094456,-0.1742292782391547,-0.5391238547259383,-0.4931085217938849,-0.49882853761930146,-0.501733024810225,-0.09034708530766603,-0.1482594307952089,-0.08805575730765827,0.03330494298705203,0.03330494298705203,-0.6441212439508581,-0.38171901800103225,-0.5189118079476748,172.96365333333333
2021-08-18 01:00:00,-0.6340780456893047,-0.6301415624678282,-0.6318352561213567,-0.6327561399450973,-0.7341413908733518,-0.5523766080982582,-0.5513242156712957,-0.5484509756177562,-0.5885762059846008,-0.588659970207265,-0.605691497010514,-0.5184158432351915,-0.6276411003134105,-0.5926479052262629,-0.6152570463322866,-0.62780967438852,-0.5692824372175648,-0.5722158736899033,-0.5915978240488965,-0.583114510921293,-0.5768811979080289,-0.5739932657167702,-0.45344863447489453,-0.4412249158058853,-0.4686884731442465,-0.46781239195800256,-0.5759032478605856,-0.38724166873401233,-0.6884057860689935,-0.6428156620595764,-0.6526309835599178,-0.6514547231881325,-0.3747715266457244,-0.3765346635494882,-0.3731123006573886,0.03330494298705203,0.03330494298705203,-0.8601039430862957,-0.7304414226039943,-0.6583026312355981,162.57016125461257
2021-08-18 02:00:00,-0.7612271046539137,-0.7583559878810774,-0.7573761190992508,-0.7587052893224591,-0.8415033836642102,-0.700922793832426,-0.6978249566408572,-0.6931380857687826,-0.6635594887801602,-0.6624287648119588,-0.683642346571146,-0.7203460308120881,-0.6947473724777453,-0.683555196857433,-0.6952672326079926,-0.6943697525990677,-0.6623724276888687,-0.7807478291858843,-0.771974484254172,-0.7700818312464259,-0.7850965272907185,-0.7836003171671072,-0.6612988146731071,-0.6612509426136687,-0.6861608511239894,-0.6858426473610361,-0.6237043834187128,-0.614355782355277,-0.7669766848378746,-0.7492177308712114,-0.7548057817059949,-0.748945522003137,-0.6167861216363456,-0.6169429185722394,-0.6121107051038271,-0.548263620353032,-0.548263620353032,-0.9923271841488415,-0.8929417924248995,-0.8506676082927505,155.03809256505576
2021-08-18 03:00:00,-0.8255894950716038,-0.8244878255077707,-0.8244031859022894,-0.8227887783809101,-0.8879934650515976,-0.8122372467196145,-0.8125783219561156,-0.8095753288744978,-0.7222511959090555,-0.7227173797564019,-0.7515804833514274,-0.784827164622557,-0.6628015713789913,-0.6465170578648483,-0.6572175158204596,-0.6625812170310611,-0.6291293073244877,-0.8590933656572692,-0.8805032116984224,-0.8777205754766764,-0.8757344491439029,-0.861843789572179,-0.7966775413074231,-0.7957562529596349,-0.8119223830552779,-0.8078137290454094,-0.9497768907814033,-0.7713766253230957,-0.728930100822792,-0.7106755810559643,-0.7187665342068332,-0.7164529190561021,-0.779971546483777,-0.7823248118210991,-0.7759831057963351,-0.7126199534708811,-0.7126199534708811,-1.0827196822539105,-1.0752994014514212,-0.8671670705864489,151.19540656934308
2021-08-18 04:00:00,-0.8524789172209725,-0.84872303429629,-0.850147035597889,-0.8492170039963152,-0.8879934650515976,-1.0128380364038962,-1.0108075552725315,-1.0184148807181117,-0.8551583236481345,-0.8548530972440727,-0.8823779646108264,-0.9942357181248518,-0.68588717957898,-0.6702453808193954,-0.6886753085235722,-0.6876427143527613,-0.6390075211403249,-1.0629012300345984,-1.0706670379092027,-1.079003966173218,-1.061005772396418,-1.0696908812894228,-0.955350374379966,-0.9568812318451273,-0.9729072871141659,-0.975866202963242,-1.375274592675182,-0.8907398135097927,-0.7510865279297639,-0.727084835813749,-0.73211772254524,-0.7276923034049483,-0.893506543904892,-0.8929403695762475,-0.8872196144745891,-0.9275474660096078,-0.9275474660096078,-1.1204297641028311,-1.3015573893525503,-1.1742199913163598,149.67555474452556
2021-08-18 05:00:00,-0.8118931695031628,-0.8055837015576875,-0.8058738454900143,-0.8060974309121947,-0.8661859965549371,-0.887360389545329,-0.8942559397157132,-0.9065026922943896,-0.8303500305471689,-0.8260103647742343,-0.8892801959546038,-1.0135395730841696,-0.6647720053342556,-0.6550567552025306,-0.6693751665479684,-0.6688127407076879,-0.6305296461421253,-1.0849524145883915,-1.0918785327836755,-1.0919632366400316,-1.1039277149333189,-1.093531784936884,-0.822021577954522,-0.8202269251390714,-0.8374469736272085,-0.8366505559259791,-1.3216956779505875,-0.7595777835177572,-0.7343605874470489,-0.7168593453559572,-0.7184210094799903,-0.7154082800558703,-0.7761469080115649,-0.779067484345124,-0.7683091007648097,-0.7252627483261005,-0.7252627483261005,-1.071490217141556,-1.33381941925518,-1.2518166941849074,152.28419301470586
2021-08-18 06:00:00,-0.8114798020550769,-0.8112008590296149,-0.8094631028614944,-0.8102749922530794,-0.8843993164145244,-0.9039949157366314,-0.9045838088855339,-0.8947118490862708,-0.7279803115843136,-0.7276548043584344,-0.7528548471102655,-0.9768525247985974,-0.5658144680349132,-0.5437598717106253,-0.5661488999488904,-0.566335561467551,-0.5025205823727176,-0.9973846728244445,-1.0061319163264513,-1.0060253897150186,-1.000504677502682,-1.0482503294921264,-0.9351547905048044,-0.9359961618108106,-0.9513502691912689,-0.9524975726698452,-1.257201753672124,-0.883170640555771,-0.619768912861848,-0.5883968809360324,-0.5788922619017386,-0.5807883870382549,-0.9200815080432472,-0.9195062739103635,-0.9133252412450122,-0.8516906968782925,-0.8516906968782925,-1.0716737885643082,-1.191205679785054,-1.234867753779855,152.03687677902622
2021-08-18 07:00:00,-0.8539731975095464,-0.8489686972433826,-0.8503763987990647,-0.8490507714122735,-0.8843993164145244,-0.962428778742542,-0.9626849294805696,-0.9621549420931134,-0.7962818918004427,-0.7959975686058934,-0.8182042511699696,-0.9768525247985974,-0.6276718733625329,-0.6154804387543864,-0.6318070498371194,-0.6252963772015633,-0.5912800706444741,-1.0341388414190371,-1.0414118455074899,-1.0060253897150186,-1.000504677502682,-1.0482503294921264,-0.9543836012114371,-0.9536350138329414,-0.9746605692714483,-0.9703611739827287,-1.3025848554305488,-0.8940571368858926,-0.6884575329340233,-0.6703864774834644,-0.6781573796093613,-0.6724912691125313,-0.9089930400896533,-0.9142562614383247,-0.9078105217636151,-0.8769762865887303,-0.8769762865887303,-1.120337235460752,-1.3209673200238417,-1.1591192478087708,149.64873811320754
2021-08-18 08:00:00,-0.8504273542786673,-0.8455922350591307,-0.8470553629927646,-0.8464842458017355,-0.8843993164145244,-0.8723889107190766,-0.8673568981544681,-0.8697082196618727,-0.7614211622793409,-0.7616679216978851,-0.7742208346659716,-0.85678586949225,-0.6079719354263033,-0.5896267952466383,-0.6089290532514436,-0.6070082985395746,-0.5610331439005982,-0.9187427809954423,-0.9260003229660505,-0.9403968347381265,-0.9398401842243914,-0.9289922588135924,-0.9129245649603369,-0.9124725861509444,-0.9314886015501777,-0.9272239615065675,-1.2264668557047271,-0.8508496942954533,-0.6682077853940476,-0.6419171423970051,-0.6437871260413653,-0.640223992256373,-0.8988770523876768,-0.8971419090549635,-0.8901601217528022,-0.8938333463956901,-0.8938333463956901,-1.1200589741429665,-1.3219498780697991,-1.0804383672254387,149.79992313432834
2021-08-18 09:00:00,-0.805905694184915,-0.8025714579801162,-0.8034080546817913,-0.8051399375555288,-0.7370422992799577,-0.7998213644991549,-0.8014561197107571,-0.80162946791833,-0.8101056964506562,-0.8052658756266928,-0.8241637806055663,-0.8008459039213779,-0.6951237934258035,-0.6754269939333571,-0.7002599975794422,-0.6960906751605002,-0.6385059579055091,-0.8663525558306244,-0.871396176045429,-0.8747783309072787,-0.8660313981870675,-0.8748840886591449,-0.7654259435278729,-0.7814728054490317,-0.7863222029897393,-0.7984614753996083,-1.1515077206553352,-0.7257409401094669,-0.764002582840363,-0.7255438127019692,-0.7277725166138682,-0.7252539323086079,-0.7733298986554479,-0.7759842650759172,-0.7714421291782892,-0.6114775946291271,-0.6114775946291271,-0.968832214719168,-1.1072916779679345,-1.1687009949988778,152.4002786764706
2021-08-18 10:00:00,-0.8622562760117628,-0.8536613852043752,-0.8562807001726087,-0.8545224197946829,-0.9606088797367375,-0.835647056067395,-0.8393326883599413,-0.8428705758449628,-0.7553208386402762,-0.7549845751907956,-0.7694639802550015,-0.8422323997473328,-0.6450460419855931,-0.6087660667173991,-0.6414503412936353,-0.6413138939399446,-0.5623430723478954,-0.8956049373320673,-0.8986035654028268,-0.9042301237977225,-0.898646861499565,-0.9161769458966393,-0.9892771157465372,-0.9985576213810854,-0.9959629857971614,-0.9961187562270624,-1.1372053827162807,-0.9400936698711775,-0.7060495556511303,-0.6478186812551396,-0.6431586006872427,-0.637839495657584,-0.9548193107291243,-0.9773078193336923,-0.9664249209985392,-0.9907614402857038,-0.9907614402857038,-1.1198501937306842,-1.095599196560861,-1.053956548914193,149.3343802197802
2021-08-18 11:00:00,-0.8545679785165052,-0.8489945019014696,-0.8516002081321125,-0.8506568444600855,-0.9110007282498793,-0.8388679402313516,-0.8434703930158343,-0.8474302298145883,-0.8007132770879308,-0.8004521536076252,-0.8202482957159763,-0.8567863994030331,-0.7426702150268907,-0.7093385425244728,-0.7390737423966995,-0.7369187395213708,-0.6734097614898266,-0.9129210020800604,-0.9175029232260447,-0.9318624845684149,-0.9217388752716373,-0.9314461631049872,-0.9052767904232698,-0.9051569646136376,-0.9219739806683229,-0.9221387597843141,-1.062758334334634,-0.845782525094524,-0.8103350977091984,-0.7568330705871693,-0.7621312415280059,-0.7586396189819181,-0.873819779666002,-0.875594297778605,-0.8690276355266661,-0.9907614402857038,-0.9907614402857038,-1.1200591429908537,-0.44517131023458195,-1.1817033520136444,149.63757527272728
2021-08-18 12:00:00,-0.8531376839106042,-0.8480286365909615,-0.8501654962784099,-0.8490810322165538,-0.9110007282498793,-0.8536582386089412,-0.8557920248188925,-0.8571789016881443,-0.808360669647392,-0.8077581737685855,-0.8281286639759778,-0.8852863260909156,-0.7544573896747719,-0.7228198264410255,-0.7474936710247806,-0.7479635414664384,-0.6910912057878661,-0.9483053051383341,-0.9618174197762484,-0.9741639286219262,-0.9518748044377637,-0.9586471678365804,-0.9142782029219935,-0.9152046982161306,-0.9298975768113217,-0.92796292986889,-1.0451416793032011,-0.8590121324949488,-0.8316432722359126,-0.7783037189459838,-0.7802080105091762,-0.77784046481836,-0.8909013627719322,-0.8932523877974545,-0.8864257637562344,-0.9907614402857038,-0.9907614402857038,-1.1189464691850637,-0.3860258259255749,-1.1391736362903824,149.70111102941178
2021-08-18 13:00:00,-0.8524757382260969,-0.84662718776104,-0.8493300766420602,-0.8482672689016727,-0.9110007282498793,-0.8234501480598044,-0.8230792414600153,-0.8208698475175883,-0.7848451234125976,-0.784527947556153,-0.8027923336787604,-0.87073312130139,-0.7271211020289721,-0.6921315054325465,-0.7188808707630244,-0.7192241630367373,-0.6570936093526626,-0.9266178620755737,-0.9323473603228711,-0.9283094985032022,-0.926533091609684,-0.9436057832073745,-0.917010608907501,-0.9165399219409759,-0.9342072617064732,-0.9259091599945082,-1.0399100575236666,-0.8540772470124497,-0.8055163466203726,-0.7436723668220157,-0.7429525461923425,-0.7407389965447887,-0.889849701946529,-0.8911136354478354,-0.8867155782459997,-0.9907614402857038,-0.9907614402857038,-1.1180557628115313,-0.6181110945987324,-0.9983425209644707,149.73854368231048
2021-08-18 14:00:00,-0.7343595496880398,-0.7320112658835785,-0.7339123433132104,-0.7345691402521657,-0.716151858175808,-0.6992224445756434,-0.6935461239909453,-0.6739854518817311,-0.7260847453289616,-0.726590886038329,-0.7173759244064816,-0.6481852974563684,-0.7157437813425904,-0.6735639786663381,-0.698444797796441,-0.7046612843326425,-0.6444527900732071,-0.7010503359707418,-0.7111501899678695,-0.7118768169123334,-0.7089852006475937,-0.703140900273843,-0.8278581325554479,-0.8302449935874222,-0.8457150739503373,-0.8456689646990057,-0.8482795422342619,-0.7921345235539958,-0.7897168892011057,-0.7259895662913755,-0.7279367242925865,-0.7277405640802208,-0.8326206717479213,-0.8285206244053361,-0.8257016104629107,-0.7758339277469771,-0.7758339277469771,-0.9609677813794565,-0.3707033631918689,-0.734028397480838,156.49721380597015
2021-08-18 15:00:00,-0.5968446644014644,-0.5915961286187155,-0.589915600110944,-0.5909498785949562,-0.6919627172101162,-0.5353973134657252,-0.5354256277057717,-0.5419797020737798,-0.6096640472545234,-0.6094469916309306,-0.6188191970861919,-0.5399432038400692,-0.6245162047791051,-0.5889703667145348,-0.6206911776590315,-0.6141289976103294,-0.5584626289549702,-0.5160585681715332,-0.5582548000881701,-0.5588954548479893,-0.5193479084714975,-0.5522327975081511,-0.7195833715699983,-0.719684423037821,-0.7333462834212248,-0.7339410463985143,-0.6863124864132202,-0.6849238727787479,-0.6912612166790468,-0.6282832056312264,-0.6280590001854744,-0.6271998404085714,-0.7402255760478265,-0.743021604831766,-0.7349967416028464,-0.674691568905224,-0.674691568905224,-0.820213541508144,-0.024120583903999022,-0.6839807222453249,164.97791734317343
2021-08-18 16:00:00,-0.3992871010486806,-0.4014421992574031,-0.4053600875547365,-0.40305237811817235,-0.5052798971056993,-0.36721515692574946,-0.35610622330593683,-0.3483730914471501,-0.4055974191375592,-0.40475769202070944,-0.3641531777051104,-0.44655835132505584,-0.4003823188430281,-0.34514770319204274,-0.3854432406146478,-0.39111022917988647,-0.30614054998813356,-0.4109362000423831,-0.4257416084964026,-0.4268229120779405,-0.4111305948499253,-0.5231114553669844,-0.5297296578992635,-0.5281220954199456,-0.5371713501745295,-0.5381649996720395,-0.5775386947800698,-0.49599729893295597,-0.440681866081219,-0.35627141198995893,-0.3585552048092165,-0.35684908000000287,-0.555094126757172,-0.5555156058561725,-0.5361541957573428,-0.5735492100634698,-0.5735492100634698,-0.5584804772712701,0.14891711518561682,-0.5866540000609802,176.0971799270073
2021-08-18 17:00:00,-0.20072207816269882,-0.19862296746355504,-0.19946320659529607,-0.2000491669686097,-0.21384774128761921,-0.1301356877067082,-0.12757517022059736,-0.12542969397517878,-0.1661291336124936,-0.1665437660057465,-0.1704095865687672,-0.07174349900134473,-0.1561968360799104,-0.10743526286552744,-0.14090450973911492,-0.14802598306796222,-0.0697712219880205,-0.10801039518946325,-0.11255995000227477,-0.1124426017281412,-0.10953727839612609,-0.09877678828410237,-0.23157787608694697,-0.230920824639958,-0.24829477561665741,-0.2495504372675279,-0.35396010079239837,-0.20765824273042657,-0.176966310235126,-0.10756687757905674,-0.1053803541017579,-0.10250606103892923,-0.25052220329518465,-0.2516181856833632,-0.2472596714621861,-0.2954077232486481,-0.2954077232486481,-0.31850373235650375,0.8040362467741555,-0.42583678512915296,188.30433333333332
2021-08-18 18:00:00,-0.10158498817286689,-0.10222907497489314,-0.10216813928879437,-0.10356189642117905,-0.0714171800562806,0.1397482971282751,0.142323076924859,0.14526653586653857,0.12110810204228949,0.12154561630662244,0.1291527043421202,0.15880902465431201,0.0353880268422466,0.07283473946419403,0.04122357350255909,0.04767474876016262,0.09788484905758951,0.12885186376820187,0.14088181535896563,0.13932704719737757,0.1482895114165754,0.13668778675860027,-0.15900251687728348,-0.15759893829675037,-0.1625335306253385,-0.16528867001443512,0.23270737989171414,-0.10287961373662852,0.029423004196611507,0.07853347454998508,0.0726860496257414,0.07293092551600673,-0.24555893789427652,-0.25010807372891886,-0.21036127699282342,-0.24989366176985817,-0.24989366176985817,-0.2054475005135217,0.9612525181664648,0.3193510917897486,193.9494143911439
2021-08-18 19:00:00,-0.09715088763341036,-0.09739661219005946,-0.09908085476880457,-0.09886579663634393,-0.12951466749362403,0.27871139540102,0.28082972898153447,0.27964023680259625,0.2760884074631402,0.27626369661458977,0.2726610458625113,0.3329661111733192,0.20853161835340442,0.2585793506283676,0.22101313511203957,0.21754803960168703,0.3007968189892794,0.34443781886077063,0.3415875459251649,0.3536606987790265,0.3549537532037532,0.32747804842002726,0.1709498612581564,0.17221286359209487,0.17061363734524218,0.170409249774047,0.30518931019067347,0.19553238111710236,0.2154537801728731,0.2880407745601857,0.29511824129805153,0.2967788035809513,0.1646050119159379,0.14607309654093475,0.16439211107730795,0.18501848124968182,0.18501848124968182,-0.21117616309617923,0.7476052934679608,0.33763084984892106,194.32074734848487
2021-08-18 20:00:00,-0.20793048583989146,-0.2043834324535404,-0.20117894921407412,-0.20451777134830335,-0.2644352901472403,0.03496513367080402,0.026844434476874922,0.0008557869018968195,0.010054908386460665,0.009425183883685876,-0.010028105348484586,0.007937383745015082,-0.08700567768617866,-0.02463351420417845,-0.07980790344072802,-0.08033196383811572,0.03527853475211811,-0.017429667392686088,-0.023131026284706258,-0.023041930742900875,-0.021525402009007183,-0.021973862565783993,0.13941098216309336,0.11915884276770553,0.11934630853536314,0.13746762687525407,0.11430294836994222,0.10578423739971328,-0.09571132905218135,0.004962599415031129,0.009055441189235144,0.007305422853392737,0.1260992456960615,0.14669873531782,0.12829992453055084,0.18501848124968093,0.18501848124968093,-0.33545398360214773,0.30705071688687163,0.13053008447657025,188.1546821167883
2021-08-18 21:00:00,-0.23615269114323337,-0.23459611092920185,-0.23418180287453047,-0.2355191186455206,-0.2960681111817146,-0.11300569722055548,-0.1085689294263065,-0.10509544746705705,-0.13533599991773101,-0.13502283746846852,-0.14032895703711504,-0.08620616853359064,-0.2481904978582192,-0.189842359349848,-0.24209722057093447,-0.2413510241567037,-0.1413448784674928,-0.09865102380650292,-0.10228920825466285,-0.08744008032044472,-0.09695805675379117,-0.1181375478311461,-0.1218374986243531,-0.14097767671057407,-0.14642785620711266,-0.12895305973593593,0.012169333367269932,-0.09867283180161938,-0.27282894526871504,-0.17591227266510862,-0.1822143676429875,-0.18352832798115326,-0.11480423473259442,-0.11696685827674799,-0.1343083319277162,-0.06783741585470206,-0.06783741585470206,-0.3788640122465724,0.022484154809595376,0.14643629422963592,186.22874222222222
2021-08-18 22:00:00,-0.2238403181314552,-0.2241599559470039,-0.2258890678837869,-0.2265644896135021,-0.2306447084597728,-0.06297116048931882,-0.04187751430958046,-0.01108999596955138,-0.06725393035763409,-0.06544900686721078,-0.02921248432515831,0.004541397500940433,-0.1716344741991655,-0.09805212930569857,-0.16647253811464305,-0.1606295224531309,-0.03232948528661441,-0.03167375545565646,-0.029621509755320567,-0.02996122567906221,-0.03449282948365909,-0.022101885059755452,-0.2662878304915695,-0.2682326504723031,-0.27533164320517767,-0.2769638955536959,0.05727149241685505,-0.24457103101940736,-0.1979490461787327,-0.06867339853858613,-0.06281319062130108,-0.07206489142640819,-0.291376489255872,-0.29504836897355097,-0.29335397602484575,-0.2954077232486481,-0.2954077232486481,-0.349374074462947,0.05394821573804234,0.1468226205428317,186.76497647058824
2021-08-18 23:00:00,-0.2956722084200215,-0.29030165907684696,-0.2909558966550695,-0.2909025506760388,-0.3340923165004703,-0.22055145421043726,-0.21912979401970456,-0.21740301562437458,-0.24093264753255864,-0.2404367565965389,-0.25387820490249136,-0.12243868584502599,-0.3934034974966983,-0.3417974934401127,-0.39189863425327615,-0.38916162272136445,-0.29265068114426673,-0.16014918908560963,-0.15232582305421044,-0.15514434476650169,-0.16339476256193547,-0.15424503663984937,-0.4982131311047719,-0.49893666302264417,-0.5097580348660776,-0.5093144541387753,0.020107416869795062,-0.4551226656097123,-0.4308949821315586,-0.3434112927051017,-0.34437283431968896,-0.34668698266077624,-0.5292412231491579,-0.5333454876384838,-0.5328954210131999,-0.6241203894843464,-0.6241203894843464,-0.45501795297454767,0.10010657469274684,0.27323074110366535,182.96441956521738
2021-08-19 00:00:00,-0.5793395414533232,-0.5774323067277964,-0.5811363881010165,-0.5797776316802792,-0.6147980300476162,-0.4146838452600947,-0.4132707948570383,-0.4115485232481987,-0.4038431158979851,-0.40332276362453323,-0.41564096817977675,-0.3138583579960723,-0.5811430805415945,-0.5321408355737145,-0.573826963820914,-0.575980997047528,-0.4958417505551688,-0.3987811120381075,-0.39702301976833265,-0.412033956784914,-0.4006861162415595,-0.3532923296916257,-0.7257915602945193,-0.7206944431858071,-0.7399437519385159,-0.7273431771391147,-0.05198434007911048,-0.6738297039593315,-0.6308428058891691,-0.5550389484867189,-0.5621454231276026,-0.5618609415924671,-0.7441482658263853,-0.7466191188405875,-0.7419915171390391,-0.8011195174574158,-0.8011195174574158,-0.7697341168930811,-0.023940344340623487,0.1340123360308843,165.62856726618705
2021-08-19 01:00:00,-0.7382438358539055,-0.7349350549970105,-0.7357167915196382,-0.736194284126269,-0.8338334233534846,-0.5361368176504168,-0.532325978044964,-0.5276472362002641,-0.429799348856832,-0.4295007639158953,-0.43580301738093047,-0.40805105949980275,-0.5709258119898155,-0.5263136070243933,-0.5634549756335381,-0.5637790697548549,-0.49090121845441076,-0.4218933289652592,-0.44736027925355465,-0.42650122165507176,-0.42791124982641254,-0.45590887438991573,-0.9326547887667773,-0.9317762044763773,-0.9498148446027428,-0.9458116997128354,-0.17148090932875254,-0.8718986220727496,-0.6136643289411964,-0.5573348112834379,-0.5570182393436834,-0.5582361440014325,-0.9798080141222755,-0.9779878403713539,-0.9726675438311186,-0.8011195174574158,-0.8011195174574158,-0.9750172448483402,0.003295307341937324,0.12247341683307146,156.42727205882352
2021-08-19 02:00:00,-0.7852487966705086,-0.7803529814644115,-0.7797586401110608,-0.7805647000299272,-0.8338334233534846,-0.6051004464973375,-0.60459706712075,-0.6066134479176074,-0.4898750383589999,-0.48958862913765827,-0.4996194146585882,-0.5408525307437357,-0.6329336435797405,-0.597052610461929,-0.631669795415329,-0.6275135628825652,-0.5614103710976586,-0.6352198138383557,-0.6454854654862142,-0.6383326720067348,-0.6419478711072106,-0.5973544345708535,-0.9257028326660247,-0.9236981182322339,-0.9518617708695842,-0.9442042092860867,-0.18903419123012546,-0.8762244850696305,-0.6893543546713065,-0.6322419949478213,-0.6347044584891216,-0.6361569428788016,-0.9603541589248991,-0.9706553393395836,-0.9515465088558432,-0.8011195174574158,-0.8011195174574158,-1.0408316620584985,0.040287827474871,0.039968068153902456,153.72635018726592
2021-08-19 03:00:00,-0.8456754991831884,-0.8438384313749622,-0.8435476129580525,-0.8431131949134436,-0.8875152923268789,-0.6975344447043559,-0.6947802905939606,-0.6904202683832323,-0.5635349671149624,-0.5624326343607794,-0.5764329252569377,-0.6823450687400129,-0.6301344096933453,-0.6010976080283489,-0.6315957855087313,-0.6246220545772242,-0.5672106451792529,-0.7523271588845376,-0.7606812750427164,-0.7639468562608192,-0.7573574070291752,-0.7451994415670952,-0.9204862831402004,-0.9183588227655753,-0.9391466437560406,-0.9402582723472136,-0.4743014805551062,-0.8651297726049547,-0.6845449576299322,-0.6396839544351486,-0.6396933408211053,-0.6416251518966829,-0.9341182547345435,-0.9348697481357593,-0.9209151375637208,-0.8264051071678538,-0.8264051071678538,-1.1025138114240904,-0.11578358900530351,-0.4735353993688592,150.07481992753623
2021-08-19 04:00:00,-0.8422925376335187,-0.8371848959987321,-0.8388692948094008,-0.8356043219486787,-0.8918284452069604,-0.7431972664197967,-0.7439405360132377,-0.7449446651359294,-0.6812569937290743,-0.6812973710035982,-0.6858215812143242,-0.7370223231537911,-0.6547059535477022,-0.6117752563822643,-0.646920536587427,-0.6471701429046631,-0.5773625451876027,-0.7681928230319154,-0.7929493997896077,-0.8002208376542616,-0.7844115109862372,-0.8037617626135385,-0.9611446838561853,-0.9645636241983533,-0.9800690769052326,-0.9800078404962512,-0.8666202061511267,-0.89347674120639,-0.7061231385607255,-0.647456443905527,-0.652109529066207,-0.6541467194981133,-0.9684804743879302,-0.9784322150613969,-0.9704136223897714,-0.9275474660096078,-0.9275474660096078,-1.0830973185512562,-0.21182584420293102,-1.0255664232469064,150.41325092936802
2021-08-19 05:00:00,-0.764391010410166,-0.7597516564138628,-0.7591970726575614,-0.7604310727985296,-0.8252071175933217,-0.60355374808445,-0.6036341973672177,-0.6057241596730361,-0.5773939757617769,-0.577465829381165,-0.6041516307464432,-0.6412548025044594,-0.710813932572614,-0.6788845496882284,-0.7057409416894886,-0.7054755829697145,-0.6390205643694976,-0.6929910266563495,-0.7062869195741122,-0.6993641176549148,-0.6997100978407838,-0.7029575316015183,-0.783244394597489,-0.7827063733369181,-0.7979363179513668,-0.7967561155207568,-0.3188907642468825,-0.7399400119804188,-0.7697297145359712,-0.7236836947991581,-0.7205965706993906,-0.7222314158150366,-0.7904769343022402,-0.7905703521668441,-0.7831831884899857,-0.8264051071678538,-0.8264051071678538,-0.988715261967669,-0.30104758559949585,-0.1792266739219527,155.00589084249086
2021-08-19 06:00:00,-0.7114185225839206,-0.7050229489465886,-0.7058752970863685,-0.7046099669122644,-0.7581058720990357,-0.6861266113273692,-0.6824935936831944,-0.6862802869621906,-0.6044701565631053,-0.604684929052373,-0.622526863163903,-0.750666598472738,-0.7441162350328676,-0.7097906779889087,-0.7342258758653658,-0.7374748135051672,-0.677458609645307,-0.7974580342877636,-0.7987575776507211,-0.8043109016021656,-0.8062153195978128,-0.8189621266831607,-0.8267895189779838,-0.8258175909100536,-0.8428339812225519,-0.8433148001135269,-0.33311181352681996,-0.7719859429304271,-0.8026084725507158,-0.7624494106851274,-0.7621059832610618,-0.7626341649097518,-0.8249498525386537,-0.8273903716595894,-0.8196946563057642,-0.6578345090982641,-0.6578345090982641,-0.9337670360052421,-0.376273712188107,-0.2745674660939324,158.162188
2021-08-19 07:00:00,-0.7539247838946014,-0.7509424404391025,-0.7499470734492902,-0.7524549641490654,-0.7693691084688697,-0.6248574349931462,-0.6210129024364721,-0.6203476077778353,-0.6205510628008217,-0.6208881235393163,-0.626559679082034,-0.6151367490847205,-0.7175152149053613,-0.6842861428776752,-0.7109752085184922,-0.7109094415072006,-0.6435939343524887,-0.6860691148244501,-0.6512936433473278,-0.6512493890386646,-0.6482267383349619,-0.7236526238289749,-0.8195546326648888,-0.819128909174105,-0.8359284786768965,-0.834787783628893,-0.4559422268824421,-0.7816169207352517,-0.7776756499540162,-0.7310620792107634,-0.7246571569131037,-0.7241038435800974,-0.8392497451595419,-0.838022103641488,-0.8335958165256411,-0.9022618762991691,-0.9022618762991691,-0.9704946670689257,-0.5749630860811705,-0.3758329534615334,155.46173809523808
2021-08-19 08:00:00,-0.8381506537709558,-0.8340213919474454,-0.8360657420681927,-0.8357483184713164,-0.9110007282498793,-0.8453196298389456,-0.8355172040253492,-0.8374057299666813,-0.6964263379941027,-0.6948932495443075,-0.7086204287619184,-0.7880612101313407,-0.7807161216282383,-0.7483558187810249,-0.776687350330949,-0.7724200149031799,-0.7076357897892754,-0.876853860849249,-0.8891077629865027,-0.8848242901304488,-0.8790458101788894,-0.851229360143536,-0.9325463258558437,-0.9337232922685078,-0.9499249611438279,-0.9500863370297222,-0.5598467197309548,-0.8699199397192601,-0.8478800922811257,-0.8047776884547344,-0.7946167905937579,-0.7945696907039836,-0.9085271370033257,-0.9085779886626654,-0.9027009084005165,-0.9022618762991691,-0.9022618762991691,-1.0657703261213516,-0.6553735960508893,-0.5071467342526126,150.514961732852
2021-08-19 09:00:00,-0.7929157201499536,-0.787193539765879,-0.7894882365573345,-0.7881581996498973,-0.8702600630726592,-0.7222235067137093,-0.7162971002104745,-0.715626401078346,-0.6162674739473912,-0.6160577788893312,-0.6425081512113721,-0.6954836766942605,-0.7532871672431941,-0.7120973333199011,-0.7419924912027426,-0.7453102480734687,-0.6794825537333559,-0.6958281350519517,-0.7071170620939259,-0.7154017961578357,-0.6975413284399204,-0.751599447676824,-0.8552988583987655,-0.8753630453296205,-0.8714201433327458,-0.8736508568190411,-0.36641900290789864,-0.8390742532414068,-0.8163819549323494,-0.7611994301490581,-0.7624034315510494,-0.7634415168718046,-0.8903170258022953,-0.8802873169390947,-0.875814241092686,-0.9022618762991691,-0.9022618762991691,-1.0683070967757244,-0.4009399461450046,-0.728135871385401,153.28046629213483
2021-08-19 10:00:00,-0.7840808139748842,-0.779166720325385,-0.7808952293793558,-0.7803781398304018,-0.8574397113246119,-0.7622523003143539,-0.7653760776356273,-0.7686758529506391,-0.6606157669174311,-0.6606306724165003,-0.689906045458339,-0.77643894188271,-0.8018977322637224,-0.7575343382447678,-0.8006129486312689,-0.7937251380405324,-0.711927400727078,-0.8855278805449259,-0.8822229940450059,-0.8908523171596816,-0.8724239859022381,-0.8472826990307766,-0.8501710236348233,-0.8639652860449811,-0.8669483542780965,-0.8689166519340105,-0.4060520564083683,-0.8011549031648774,-0.8692123402039038,-0.7958250922920739,-0.796900014682086,-0.7945945564589362,-0.8458824251397415,-0.845022630104569,-0.839303449722106,-0.8264051071678538,-0.8264051071678538,-1.0539504337177148,-0.6449925203612076,-0.5383321030464723,153.77806727941174
2021-08-19 11:00:00,-0.7953899856226858,-0.7866148344659895,-0.7882982265924533,-0.7885730692230419,-0.8410234657835617,-0.7734172472880884,-0.777909778458453,-0.7851271586786923,-0.6591037638195036,-0.6595230899059451,-0.6724522600982374,-0.8992338428554465,-0.7831925695799039,-0.7386524394715432,-0.7752276383435213,-0.7765504904848778,-0.6923751066852496,-0.9468211345266815,-0.9433174230235577,-0.9416573935756083,-0.9542722118712281,-0.967927540237064,-0.9454023708870173,-0.8882755466501626,-0.9629699781038341,-0.9495381199656905,-0.44988806054457486,-0.8861775424884506,-0.8536312226375152,-0.7824974434207197,-0.7730020974312571,-0.7719499607083514,-0.9424554390977762,-0.9362313682677582,-0.934515309868677,-0.8264051071678538,-0.8264051071678538,-1.0394819258193528,-0.653436589128475,-0.4133804240295666,153.33851753731344
2021-08-19 12:00:00,-0.488476757676544,-0.47884897656372866,-0.47355629736696153,-0.4791759116618872,-0.446340745894294,-0.4199170811469523,-0.42043723086116497,-0.42079077337990795,-0.35695276944155757,-0.35953642732636565,-0.24768083013545536,-0.0786764012622393,-0.47908233350002727,-0.4127806948365798,-0.4646974581762855,-0.47148102111208806,-0.33851916313725744,-0.14576769554988286,-0.14751214549865646,-0.14362687525483384,-0.15202522764130202,-0.1102436663112018,-0.5905157035638866,-0.6211413199048872,-0.6296728024821474,-0.6352078482204778,-0.13564222009748936,-0.5472048536689499,-0.5164064998705397,-0.4320357776220648,-0.40170590425704156,-0.38531435030093725,-0.6259953791391135,-0.6276006520725733,-0.6195668223051396,-0.611477594629128,-0.611477594629128,-0.5744385511523907,-0.2765943684669272,0.1423899948488101,171.58215255474454
2021-08-19 13:00:00,0.14042949909797095,0.1419589045315541,0.13966777120771082,0.14199143989628724,0.1403091262543116,0.26261301865723413,0.2702640541189156,0.27081272841540077,0.2984121908761018,0.29883237972744936,0.2930299595013252,0.3130415414332319,0.16458746889700246,0.2535537193156543,0.18293377197777086,0.1716390090528245,0.3193282312981996,0.3178152092863223,0.2842941771256502,0.30401349624699103,0.3165115898571859,0.31115748752815325,0.12634881853887373,0.1274695113852156,0.1229860165452194,0.12326291063932372,0.40413363609516906,0.15842160240203,0.16010181964290146,0.31859864316652964,0.31520742180815836,0.3143301682470329,0.1318243393723907,0.11206864576653192,0.13049353967450664,-0.611477594629128,-0.611477594629128,0.13001455848668958,0.4361133698461849,1.1048383325605244,208.64380703703702
2021-08-19 14:00:00,0.33384763972278453,0.3343525060434777,0.333956445440748,0.33317738034834127,0.1403091262543116,0.36187965253278664,0.36573892455226376,0.36331306993848667,0.3649974229541747,0.36580265754754476,0.35775274918516253,0.3130415414332319,0.22132571045917868,0.2813806266849667,0.2330045477211362,0.2252227460525136,0.3271485148538143,0.36909180777915906,0.3680466468776697,0.36011990384873627,0.36796636960893225,0.31115748752815325,0.22734692913117668,0.22979244146999211,0.22628406784153962,0.22216540647792524,0.5784179653816378,0.23475374605844643,0.21547146443624932,0.32505876333128964,0.326330165132027,0.32639441742331154,0.20847500244607778,0.21087468894089217,0.20783638117765016,0.23558966067055842,0.23558966067055842,0.30993404265460195,0.6459479621435203,1.3566209920153407,220.0212213483146
2021-08-19 15:00:00,0.33392822290842306,0.33503731963687666,0.3345216952829165,0.33421252730867274,0.1403091262543116,0.34850485402768844,0.355137367944242,0.3577833401445684,0.3540440939728283,0.35337606553062617,0.3476369154746629,0.3823877104410853,0.2734329722544741,0.334253517416891,0.2873110943465863,0.282349352191651,0.3749142373231094,0.3910072625366942,0.3824602219601372,0.3919808005726648,0.3848604458083974,0.3533988282119045,0.36038929782410756,0.35779785177223195,0.36027528501538886,0.35959005421717133,0.39605757784753215,0.36427266261686564,0.27760758411464453,0.3737885351450226,0.37447392967842763,0.3746398782855428,0.3637993646275767,0.36141825487833074,0.36284806849182505,0.33673201951231163,0.33673201951231163,0.31183560755806,0.5401390098321107,0.8219622456213835,220.05562490566038
2021-08-19 16:00:00,0.721192589458655,0.7199174690626461,0.7213647330202686,0.71924093708035,0.7576580363610443,0.769085118757688,0.7873800166744214,0.7663213151467242,0.9313857674133936,0.9322503708970016,0.9126312341912501,0.8191456093933647,0.8131454782796457,0.8738540586360175,0.8161595752207308,0.8149087200195174,0.943619787669582,0.8734433940587236,0.8677516654834144,0.8710210795848969,0.8624785624619777,0.7935569226758662,0.9165645213077527,0.9184692650782121,0.9249016170418395,0.9249260995523862,0.9379188948103293,0.9325455668148093,0.8414628879554648,0.9769986167446028,0.9829708309130964,0.9788548369814509,0.9650078289550655,0.9658160887651083,0.9574831545699464,0.9604432323697923,0.9604432323697923,0.7604748408073063,0.9118129230410197,1.224749329498885,243.10905474452554
2021-08-19 17:00:00,1.0050675438401162,1.0022097731085358,1.0036013461557045,1.00230896864657,0.8383714981064476,1.1412286613927816,1.1451892268940795,1.140963703454331,1.1768516283436163,1.176431073110343,1.169385393339951,1.1151436382457425,1.1406900972869018,1.1863123841172158,1.1526340965678208,1.1533859131321895,1.2097368658274963,1.160170303642697,1.1621581696101224,1.166842130555472,1.1559176283190855,1.1507073582996197,1.1731414616974896,1.172473878318341,1.1849991348812114,1.184141082078164,1.150970225043976,1.1343674842035696,1.1923714847140159,1.2759120662815182,1.2680466638680314,1.2676507396210324,1.1518525225134912,1.148208397846369,1.1435082745855887,0.9604432323697923,0.9604432323697923,1.1035910407811753,0.566718971330964,1.1947297717590537,259.8317273722628
2021-08-19 18:00:00,0.3879137283540851,0.39784622135278175,0.3870480833982937,0.3891281855717869,0.39709635589991893,0.3955901028283815,0.41234121424438125,0.4177162081243842,0.3787084969783277,0.3785051267426793,0.3754321807092222,0.47051770267626125,0.2617905728804931,0.3362264934765431,0.2707983062206922,0.2709124744878804,0.3966059124266273,0.46839389313265545,0.48623923548206516,0.4666821139007011,0.46739368808186954,0.47511024388740847,0.7606081347504468,0.7735159919104724,0.7659510975606996,0.7736920006094228,0.4735627061170836,0.7434308730384344,0.26955761839628933,0.3994036801077543,0.40434232727459135,0.3993034360674539,0.7741417286365454,0.7749482579932365,0.7349490726605119,0.6907302754584496,0.6907302754584496,0.47313714928960543,-0.2404153163419867,0.9164605829751955,223.10423
2021-08-19 19:00:00,-0.0292087962379432,-0.037325411658596166,-0.04018604449483238,-0.03765313275330115,-0.13878593302378045,0.008788229501361614,0.017299254167025244,0.027377872841155778,0.02835487409071129,0.02409634371060438,0.018366283003615296,0.05023340519117961,-0.10043793814617799,-0.02755263357142008,-0.09928772484722123,-0.08809810767515047,0.03283749223947671,-0.02400358567287549,-0.03220295973507196,0.02741045525827975,-0.027780208375735593,-0.03848675082818825,0.16389703768841335,0.16226949297450477,0.16034012203112474,0.15921215841555347,0.08214098767846152,0.1723845872581014,-0.10677571192520326,0.008781123301750342,0.011722072216804415,0.01202860544506158,0.21905880580862672,0.1640398787230775,0.220259846861236,0.10916171211836648,0.10916171211836648,-0.3628659529548609,-0.14623459159463728,0.6229317820137467,197.75183393501806
2021-08-19 20:00:00,-0.44900794188183124,-0.4463861018587847,-0.4470057308966366,-0.4463879506135198,-0.5038418886196838,-0.40395674379854246,-0.4040932445656861,-0.4061620612913824,-0.47253718001510936,-0.4723970628591747,-0.46838494969373656,-0.28758114208757635,-0.5852688412823706,-0.5494300960169126,-0.5778104028180872,-0.5804249100697799,-0.522839987560671,-0.31204627126156653,-0.3206773725791352,-0.3242012968322862,-0.3125021628011094,-0.3279042778399317,-0.11240135558076016,-0.11148392123578367,-0.12026743265004035,-0.11905789770686524,-0.25853572567102767,-0.07535504093276646,-0.6338721565358622,-0.5856826196545356,-0.5839799070899058,-0.5849357686985069,-0.015987898688943975,-0.011678836039342227,-0.013788275251584822,0.008019353276613283,0.008019353276613283,-0.6349270487554184,-0.5084083985019807,-0.10955505125468964,173.59779925093633
2021-08-19 21:00:00,-0.40256448682544754,-0.39793274400402395,-0.3995333278962469,-0.39881796971941236,-0.4125353303814244,-0.3913290838364628,-0.38819359070244414,-0.38279482606406956,-0.41696584700414135,-0.41648202118517513,-0.41328716561766754,-0.24452642087781956,-0.5115680257665248,-0.4708814157224698,-0.5039280257128387,-0.5025184104004584,-0.43914076949140046,-0.24417885961726427,-0.23665217393949226,-0.24679902556430938,-0.27010575854830593,-0.2784100769595361,-0.18203493502246532,-0.1822707499475571,-0.18919046932680225,-0.18992740674129527,-0.27022833559446074,-0.15463046276787074,-0.5500697879121176,-0.49576453597815506,-0.49589250145822683,-0.4947925829063202,-0.10835612727462977,-0.1157449568549157,-0.10525196060576207,0.008019353276613283,0.008019353276613283,-0.5813193067625461,-0.47471982971795595,-0.1501759120714712,176.44689889298894
2021-08-19 22:00:00,-0.5431702879367165,-0.5395800012593464,-0.5395341109041536,-0.5411803763386506,-0.5742973238107196,-0.5722340752089607,-0.5710468441704808,-0.570489222473916,-0.5346340561692298,-0.5342098788616367,-0.5459335158216916,-0.44140364418320865,-0.6002603534684797,-0.5707862560409082,-0.5955902757041118,-0.5939418958993519,-0.5411563098014179,-0.4900347137168257,-0.5158763628250035,-0.4865633632659238,-0.5123846234681462,-0.49335083969759796,-0.4102801933784474,-0.4093868386537059,-0.4207511233450775,-0.41217276561652794,-0.44931006901410697,-0.3814351024417401,-0.6500725087403671,-0.6161110969620099,-0.6072322822956735,-0.6073861657422696,-0.3439476300640918,-0.3523030327869399,-0.3413112026114663,-0.2954077232486481,-0.2954077232486481,-0.7425718062018203,-0.6116985784667378,-0.377733666910053,168.06387675276753
2021-08-19 23:00:00,-0.6670526620048493,-0.6621483658834709,-0.6628304915979316,-0.6626765350975504,-0.644993590520045,-0.7032729581066255,-0.697432590106496,-0.6958094437421115,-0.601443046436667,-0.6003299727463782,-0.6150730739885075,-0.5555579524056835,-0.6663786385063231,-0.6335803676923337,-0.6597653482130376,-0.662126500423321,-0.6096800256176104,-0.6228931186071074,-0.6336384116753354,-0.6401626390175286,-0.6265378472685673,-0.6325554189748869,-0.5716988148818262,-0.5814650137791749,-0.5927699679151344,-0.5721094706771837,-0.5203385181674063,-0.5383119881447278,-0.7225097768113543,-0.6814573561458505,-0.6805241955171701,-0.6806040310604523,-0.5196805377182665,-0.5180275342786945,-0.5130839114660978,-0.5735492100634698,-0.5735492100634698,-0.8807679704488718,-0.6589584858813449,-0.3807633163093641,160.84565897435897
2021-08-20 00:00:00,-0.7851406681706882,-0.7798742671029073,-0.7796117362671348,-0.7803733579754767,-0.8362312676007969,-0.9164001258874945,-0.9120016910768084,-0.9078450356658947,-0.87538409573931,-0.8763959427188691,-0.8893124576466837,-0.7768626055537361,-0.8309457330465793,-0.8216492746883166,-0.8244950052338785,-0.8263894399034502,-0.8144849973731051,-0.828275879509284,-0.8396302536856927,-0.8392935257266633,-0.8424020764879708,-0.8389633342767187,-0.8005412341170494,-0.8073108575158457,-0.8135678092406903,-0.8120999870827323,-1.0225116858371008,-0.75452067449982,-0.896025677561638,-0.9084035490479143,-0.9023538143597519,-0.9019013144487424,-0.7486013053597528,-0.7559538905511426,-0.7496811689922424,-0.8264051071678538,-0.8264051071678538,-1.0368024189542842,-0.12956109889793999,-1.2551412609232044,153.76232072727274
2021-08-20 01:00:00,-0.7846373622093977,-0.7806590646864138,-0.7802255967795692,-0.7811171574019276,-0.8362312676007969,-1.0156691114228835,-1.0145802240631834,-1.0213410240162695,-1.038770553598393,-1.038958332825876,-1.0712991299953745,-0.9384982447119419,-1.0260058559117358,-1.0271463610549427,-1.018286343007574,-1.0198644959783263,-1.0372675676868846,-0.988767207210542,-1.006401205085426,-1.0090389799527617,-1.0014632813587392,-1.0178491818820623,-0.8514497922401936,-0.8496599453984582,-0.8675124347164109,-0.8653338506508501,-1.079599938134748,-0.8071690332173925,-1.1021698334977104,-1.1409000424287121,-1.1408048042629113,-1.1416845016323078,-0.7767021009926913,-0.7780674819694973,-0.7700782465466579,-0.8264051071678538,-0.8264051071678538,-1.0392851063316195,-0.23880234777955095,-1.6004458314337624,153.70333919413918
2021-08-20 02:00:00,-0.7877717211049339,-0.782880843739528,-0.782270055621774,-0.7832511425359818,-0.8362312676007969,-0.9857552125241068,-0.9861659340426889,-0.9931940822097413,-1.045278071058086,-1.0449560361712147,-1.0707910986504505,-0.9991377903008928,-1.035018340676206,-1.0535859479754335,-1.0353567492302556,-1.0325559156907387,-1.0658750706498485,-1.0598192420374433,-1.0683874733172618,-1.0728473758486707,-1.0666676760534743,-1.080171219879579,-0.8452154534941283,-0.8459014514208512,-0.8610733264619018,-0.8606756967224108,-1.0188092451486033,-0.8063685544039477,-1.1163273858812732,-1.1745068086994788,-1.1717709124037756,-1.1706120798131843,-0.7834469914003201,-0.7769576225715421,-0.7804735181357871,-0.8264051071678538,-0.8264051071678538,-1.0392594518434344,-0.018142894529061707,-1.5990093478133849,153.61277904411764
2021-08-20 03:00:00,-0.8234287284332882,-0.8163156334032509,-0.8169787634232311,-0.8155593256946738,-0.8870353744462309,-1.013328052063988,-1.0184049933011674,-1.0282860796565745,-1.0679057369648706,-1.067013309824657,-1.1096713427806377,-1.0061621551629372,-1.0752255308649221,-1.077428882985247,-1.0643650580480626,-1.0728024116199852,-1.093744979883698,-1.075227925265846,-1.0670107263126514,-1.075487758165123,-1.0659627030860128,-1.0860113722694937,-0.83987092077158,-0.8409878320039368,-0.8575213208746428,-0.8551735282269284,-1.051014994982857,-0.7887887329351938,-1.1550671778983563,-1.1965091667798833,-1.1987781297302325,-1.2018139673810224,-0.760127186127018,-0.762644211535042,-0.7561666437040291,-0.8264051071678538,-0.8264051071678538,-1.0693645573224637,-0.26653437001723335,-1.6154432571928599,151.6398589090909
2021-08-20 04:00:00,-0.8267050126570962,-0.8229431463211672,-0.8208641927604718,-0.8213044068437547,-0.8659469101925772,-0.9564229931667135,-0.9542675195125548,-0.9596779635061183,-1.0170580190212128,-1.0164041229614469,-1.0460750209863967,-0.9717995605270913,-1.0179868106709762,-1.034839677130493,-1.022471605634427,-1.0145313587378049,-1.0431450053151508,-1.0627051929831859,-1.0618481835249758,-1.0602750933168756,-1.0633208821087232,-1.0643574496489112,-0.8854302804006974,-0.8912341729706637,-0.9068465579992188,-0.900803500166571,-0.9880872786007923,-0.8327940631986824,-1.0965465538772818,-1.1512239790534604,-1.146594601474767,-1.1475345579164047,-0.829620298130757,-0.8345213669929457,-0.8315634912837202,-0.7252627483261005,-0.7252627483261005,-1.0682763664602895,-0.04023610810555381,-1.631084650209482,151.43555687732342
2021-08-20 05:00:00,-0.7784099006499323,-0.7742085704423942,-0.7741550560737201,-0.7743538755060725,-0.8069929251557703,-0.9079390572375164,-0.9051148351848476,-0.9039871055570315,-0.9633197559496848,-0.9631699816768474,-0.9734303297848735,-0.8896831283353451,-0.9690373715939029,-0.9651140238941949,-0.964174390636887,-0.9656256232776418,-0.9693237975172017,-0.955518613693318,-0.9680988691065369,-0.9573730430341633,-0.9642036015962239,-0.9645675789765379,-0.8136860144483361,-0.8053878638807866,-0.8201437667724735,-0.821525987608217,-0.9724311689424991,-0.7619429369322359,-1.0365709091638113,-1.0653249493652437,-1.0669545395740276,-1.0701466305889524,-0.750032039688644,-0.7532666549928075,-0.7421556034172083,-0.7252627483261005,-0.7252627483261005,-1.0251621391398653,0.013281079400504135,-1.626239611386353,154.09560974729243
2021-08-20 06:00:00,-0.6684867936302088,-0.6665375148598033,-0.6642632908120777,-0.6643906440351605,-0.6747101056897903,-0.7582454614038813,-0.7595718392373152,-0.7655778139952648,-0.8617209547632458,-0.8620568862315853,-0.8738348805673742,-0.7127057771424768,-0.8657600271368403,-0.8732584097071889,-0.8659755426768679,-0.8610588549121994,-0.8763458165200562,-0.7350928261126246,-0.7415050553435923,-0.7535672608008313,-0.7401203737808076,-0.7650399918369596,-0.8304661903057331,-0.8372017964433305,-0.8453387138069349,-0.8447928681869743,-0.8276862513427746,-0.784813796483762,-0.9343141530794745,-0.9737492085504461,-0.9697974184448664,-0.9688287489096326,-0.8131993363843915,-0.8102642081289647,-0.8012331600674716,-0.7252627483261005,-0.7252627483261005,-0.9011725402923658,0.4777225901626581,-1.6388657882828492,160.5313936802974
2021-08-20 07:00:00,-0.5035634453501797,-0.5023273251514374,-0.4992598121942103,-0.5004493321488577,-0.5349155533840387,-0.5950495328361456,-0.5937734323679987,-0.596308534073212,-0.7707173633102563,-0.7708124998282729,-0.7899675172963656,-0.4829409658657823,-0.8120622177899112,-0.8079138382372584,-0.8049863530677692,-0.8063323512793222,-0.8141853755088752,-0.5622850966214565,-0.5545981125212743,-0.5449030501915191,-0.5539368925134136,-0.5371922518205843,-0.505454625452356,-0.5093247623918915,-0.5182332536858075,-0.5180813299551986,-0.6699250595209406,-0.5081098533928605,-0.8773630272575531,-0.8978767905748188,-0.9001366323562653,-0.9020469820481336,-0.5036573549850831,-0.5064434754410803,-0.48516079724088523,-0.4724068512217166,-0.4724068512217166,-0.697762661603409,0.9306964151068461,-1.651002832960407,170.37771195652175
2021-08-20 08:00:00,-0.5135391087567368,-0.5087899863806257,-0.5086556053603041,-0.5102698489393562,-0.564472095926901,-0.6058935647238014,-0.6019955050208534,-0.6007373362146108,-0.756915796301967,-0.7568271164200747,-0.7753282702152147,-0.657129529085301,-0.7943517505216336,-0.7854234565048801,-0.7885843018246447,-0.7896701430611095,-0.7854228032416833,-0.7211676551943915,-0.7131403889844604,-0.7152940016477165,-0.698043254759656,-0.7159182810438732,-0.604252336514038,-0.6020967232240829,-0.6186385426815413,-0.6186215045536334,-0.6814342043438291,-0.5712696277283618,-0.859262060749092,-0.8673520526202331,-0.8696890254485565,-0.871143258580703,-0.5804901983452825,-0.5811485873622206,-0.5661815981221644,-0.6241203894843464,-0.6241203894843464,-0.7010787882631447,0.7970710907057983,-1.6658366711287367,169.77486801470587
2021-08-20 09:00:00,-0.43980302582678965,-0.4390166829251666,-0.4409879442924793,-0.43937571394287145,-0.564472095926901,-0.374028070672229,-0.363038446880109,-0.3572956487011137,-0.5644843927996162,-0.5634002063758026,-0.556606801859428,-0.3482605899584878,-0.6324114453276514,-0.6186593378119359,-0.6207084976101839,-0.6276218297279624,-0.6224933750591831,-0.44289583925986015,-0.4103451395143117,-0.4104471764464267,-0.4422944973694355,-0.3924187779496957,-0.5962839583725954,-0.6036834577439627,-0.6123058837008676,-0.6118015463608362,-0.44653726210676853,-0.5658835011473982,-0.686839562150459,-0.6886430913862083,-0.6958118673521826,-0.6999974301848495,-0.6335164711074082,-0.6305176655572807,-0.6262372484083054,-0.6494059791947852,-0.6494059791947852,-0.6304145306459211,0.9093716244150791,-0.8356330807953961,174.00162118959108
2021-08-20 10:00:00,-0.38634757921695223,-0.3844193471892495,-0.3862528981593956,-0.3861602371961857,-0.4266754563012547,-0.3478620476819559,-0.34491542984856116,-0.34302252392466487,-0.34611619916433023,-0.34459683592970386,-0.38713241577201407,-0.35747785811837357,-0.5038305234830336,-0.46546259306781285,-0.5079192430438954,-0.5067481817066003,-0.42223111765666593,-0.3986092055831897,-0.40100238388306836,-0.412453932097507,-0.40059060100760946,-0.4148198619931548,-0.33570500494171346,-0.3359005421544464,-0.345338789763308,-0.3430158151050363,-0.06230289426120647,-0.33404978556656595,-0.5416122181727676,-0.48567836310617535,-0.49027304925973175,-0.4890046776402379,-0.32214768379161546,-0.31773936728274316,-0.31357243983516325,-0.27012213353820935,-0.27012213353820935,-0.5656587002292681,0.16633057410474403,-0.03084966448596033,177.23722794117646
2021-08-20 11:00:00,-0.39021258560689887,-0.38339554170765244,-0.385203744967994,-0.3826342418039394,-0.4015129255298793,-0.28763877091343926,-0.29053888582126475,-0.30289383198720743,-0.1640309999530226,-0.16432809162178122,-0.179313011670141,-0.40805105949980275,-0.26882428471499825,-0.19637736835931544,-0.26077125076426105,-0.2608255779002646,-0.12915632934659083,-0.4441505020370084,-0.4440267381974295,-0.43898676064652453,-0.4457189803629609,-0.4345751478278687,-0.3421371289959499,-0.3425939519431949,-0.3524710005809174,-0.3530115246423449,-0.0808276965586059,-0.3225420839194297,-0.29190071239912285,-0.16853318390879898,-0.17212156703861248,-0.17101330589291283,-0.3411807726548702,-0.34133532040017917,-0.32639750257757905,-0.27012213353820935,-0.27012213353820935,-0.5664104425953997,-0.23145110826089735,0.1158241274087198,177.39243854545452
2021-08-20 12:00:00,-0.6541243305027641,-0.6508904343037551,-0.6476522131345138,-0.6504722755653872,-0.6842945020553204,-0.5814823307637331,-0.5651249631668563,-0.5534886480427269,-0.4861487029712297,-0.4845810878650658,-0.45236215485695,-0.6351475050285896,-0.6101859360844533,-0.551033960872324,-0.6023527347919834,-0.5983783805379057,-0.5079661862170755,-0.6694619638271383,-0.6800122320753976,-0.6799890421070213,-0.6713999810266182,-0.6438625625140958,-0.5594893589725493,-0.5905745396013622,-0.5721627722098732,-0.5706894806658669,-0.28890439360292647,-0.5149830827505613,-0.6578414979283754,-0.5782725850523375,-0.5863634510557887,-0.5789741215114539,-0.5714854344952283,-0.5697035492481656,-0.56782234011007,-0.6072633296773876,-0.6072633296773876,-0.8530074628196296,-0.28723149694612643,-0.4125031194863566,161.50142107142855
2021-08-20 13:00:00,-0.6502128284365967,-0.6468827743432811,-0.6476027088977827,-0.6480574342221429,-0.7094579054046604,-0.642251444504592,-0.643551721092785,-0.662357108697668,-0.6072395958646605,-0.6060934311419821,-0.6221972981374158,-0.6862371309636139,-0.7536495444843231,-0.7030614600200576,-0.7488691489551926,-0.7494882816109902,-0.6595118268493144,-0.7393156804991031,-0.7453005162500044,-0.7116343498107106,-0.7300973492841069,-0.7477594719757079,-0.775334763746995,-0.7759533109954527,-0.7910172206420046,-0.7916153502698876,-0.3553755364037191,-0.7233342390178513,-0.8080865413406324,-0.731430812349501,-0.7451554132299332,-0.7402694034544045,-0.7656664647978132,-0.765642172705927,-0.7611214971673221,-0.7421198081330584,-0.7421198081330584,-0.8821531599005371,-0.14080133150991037,-0.8277948660517065,161.66019746376813
2021-08-20 14:00:00,-0.4734887030060782,-0.4652771228022977,-0.4667037058114279,-0.46721721912891306,-0.5131871986228544,-0.3247879152210468,-0.3235235277729994,-0.33145692172615204,-0.4012852277952142,-0.40104278094631507,-0.40592806407587945,-0.42078561048199675,-0.5922016680447456,-0.541382210915548,-0.5866171493274084,-0.5861700872470461,-0.4870760541313488,-0.47279978248902005,-0.49242822037337175,-0.4779519363933886,-0.4744857747134458,-0.48001670130189295,-0.6591143221680379,-0.6557483969399113,-0.6714622980268657,-0.6703104325621478,-0.03117102180166684,-0.6029914218416756,-0.6353831637375833,-0.5616088188483105,-0.5559937852336259,-0.5556450445853225,-0.7084181912872474,-0.7087945570245511,-0.704419727514182,-0.7758339277469771,-0.7758339277469771,-0.6807534761914097,0.10184498477115088,0.34110844196219703,172.4106501858736
2021-08-20 15:00:00,-0.4200043138153118,-0.4130762181823903,-0.4129907921113369,-0.41365089560546053,-0.4652582361714869,-0.29648391093361354,-0.2971368587515201,-0.29601917440970243,-0.35415739137390556,-0.3535291366655779,-0.3590503480578832,-0.3689388745157302,-0.5525874377131006,-0.4978973001893569,-0.5566171940730648,-0.5490754261939184,-0.4365992844575674,-0.39227469958251215,-0.4050902624383744,-0.4063505335665652,-0.39880164805924523,-0.40364057315959,-0.4810567638586147,-0.4818703917033881,-0.4923234084790107,-0.492947517700612,0.06109071692868701,-0.4481498197300958,-0.5949089929792836,-0.5012203305316206,-0.4984294970334889,-0.4963938183805053,-0.5080076417200702,-0.5080267821885783,-0.5016928159096362,-0.42183567180084003,-0.42183567180084003,-0.593065314981594,0.13110626968749664,0.44469178836439566,175.5912222222222
2021-08-20 16:00:00,-0.3615849464926501,-0.3580262210289819,-0.3583861929534907,-0.3589794068838993,-0.411098194473374,-0.36530218476137927,-0.36195578317209237,-0.3637372539659246,-0.33907535662287597,-0.3393003238168528,-0.34140193520186146,-0.3654821604959211,-0.4752770800473253,-0.41996355845979316,-0.45751633358256094,-0.4678583786857424,-0.3721723511587068,-0.40819718711681574,-0.4418752479032117,-0.442277355363058,-0.41215784996865124,-0.4132839276421505,-0.48552613890996515,-0.4986484409239194,-0.508735031509446,-0.509022531425433,-0.10937676223939952,-0.4545351662988141,-0.501866258120122,-0.4352486594667635,-0.42956078726273406,-0.42998068113798155,-0.5125664901228366,-0.5094710682125172,-0.5065595975258261,-0.5735492100634698,-0.5735492100634698,-0.5327284759076424,-0.40273418054343035,0.22926953721553325,178.85748494623655
2021-08-20 17:00:00,-0.2864443982706691,-0.28105833139625475,-0.2815338258049633,-0.282536023848305,-0.33057757245819513,-0.35092746607947956,-0.35387348867397184,-0.3586343113594115,-0.2815428209558499,-0.28108489663657693,-0.29390234171949625,-0.4022906643329622,-0.36863335083773857,-0.3157525365565376,-0.3661171863135729,-0.36489309935208675,-0.272201188495371,-0.4619569586414777,-0.4296134450927201,-0.42972913108243765,-0.4648967435084703,-0.45110928927843774,-0.40593496763407927,-0.40349618918979524,-0.4022786201871414,-0.41491270163466554,-0.18855612476832154,-0.3506050522370777,-0.39634058702501695,-0.31576600342690825,-0.3271343132104882,-0.32544231618870384,-0.37970086800243086,-0.3842497219358093,-0.3641705406887029,-0.37126449237996256,-0.37126449237996256,-0.44279258860181775,-0.9335560057278385,0.43275516796840074,183.38163800738008
2021-08-20 18:00:00,0.02998074412890456,0.012663992453516008,0.026144695800318963,0.01478404903181347,-5.2310869248417006e-05,0.023160969564347506,0.04657609618482344,0.07469364504221647,0.09719215518308043,0.09856526646329473,0.13564685676381652,-0.04348505265728545,0.0136547506018024,0.08960500239098422,0.022659143449679807,0.021777538468531872,0.15089497668149124,-0.02066523413307308,-0.02848908707883619,-0.02407722566020875,-0.033140303844469844,-0.08815243137940768,-0.044500925782662945,-0.043734112661691214,-0.0562533670723396,-0.054697312901142874,0.1127079986719803,0.005224232080029312,-0.001019423202361761,0.1347947974351861,0.12471619504945228,0.1304052108018434,-0.03362665009077709,-0.03147171303462903,-0.029698830026442167,0.08387612240792773,0.08387612240792773,-0.2537863570902255,-0.4392698001780843,0.9114157695933921,201.72270394265234
2021-08-20 19:00:00,0.2675400529071727,0.26435087368384547,0.26545180623294223,0.26578111109174785,0.09668022801355311,0.3065291584277676,0.31324601986857553,0.3138465025097401,0.402988695667817,0.40329757027909435,0.40675580396963973,0.3461041892167837,0.30464407133659605,0.3968199683842123,0.3128430586421767,0.3131337379874697,0.48571366121252213,0.3254338520168195,0.32400143908644086,0.3254065442830791,0.33303562557587785,0.33238529770839287,0.2581166720739217,0.27642390238749426,0.26030755026432617,0.2575887336493304,0.4021436680540315,0.26722198064636843,0.3167973125860938,0.4888219346414159,0.48294545673598754,0.4859182569417873,0.26820023347560834,0.28720720215467993,0.26944045680115736,0.08387612240792773,0.08387612240792773,0.2220113176611727,0.18716207518639952,1.3564678424346668,216.0147
2021-08-20 20:00:00,0.17693946178181189,0.17880439500069464,0.17702054881262058,0.17567992067466157,0.08546136846592957,0.13368419261647282,0.1289001474487206,0.1283715713251392,0.21415049427493588,0.21315287608356034,0.19360834159402293,0.2550443865011273,0.059744072332169156,0.1479822792451536,0.07690941206829527,0.06320085608767197,0.22586753777270185,0.23577767872727562,0.2422609831757518,0.23240739504688696,0.23423556537038961,0.2496516139032466,0.47584571192526937,0.4883719185999789,0.4799716586564477,0.4796373320185636,0.36551419861036294,0.48753400477537373,0.05914994025914317,0.20580849514269886,0.2059008161458009,0.20742955621620263,0.576867275909844,0.5779843920813506,0.5754108254665854,0.4884455577749423,0.4884455577749423,0.11180225875313018,0.6237437996097968,0.7483850859158494,210.70289856115107
2021-08-20 21:00:00,-0.32631807575355526,-0.3233176549892575,-0.3283057880529296,-0.32769378891764506,-0.33717725356807654,-0.44045149630508895,-0.4370129930459571,-0.42705963702772565,-0.34469690344301407,-0.34747838480433657,-0.3386581545479836,-0.3924870498916632,-0.42031274132637536,-0.3845404843606684,-0.41817058407340607,-0.4153426205606056,-0.3404970733653688,-0.5241300282778713,-0.5350833180997597,-0.535553791262622,-0.5311382433972327,-0.4423622041125629,0.015181778365666315,-0.04173287650714227,-0.04673204658584007,-0.04390273994761388,-0.23502077777320984,-0.010891277350936946,-0.4567715791379619,-0.4075785870048581,-0.4043201320217332,-0.40036288415295307,0.06084221242233156,0.05905977985212435,0.0620609611604921,0.18501848124968182,0.18501848124968182,-0.5001991097729346,-0.6052608697122397,-0.0790992437492812,180.72713035714287
2021-08-20 22:00:00,-0.40213182806839376,-0.40095126176903034,-0.39974037768444926,-0.40015649575615675,-0.44033508262179233,-0.5223339104868198,-0.5189381471982466,-0.5180203145112745,-0.39630454561578204,-0.39626057953936994,-0.4081091820023429,-0.5847158958083842,-0.4699228173538144,-0.44085206886684447,-0.4620337877021429,-0.462190131472526,-0.40592866823053675,-0.6458355236749612,-0.6492501505344581,-0.6531868683749961,-0.6378395688669664,-0.6413021126346636,-0.32466753657473213,-0.29679954549350956,-0.3302837819385489,-0.3099170662013667,-0.28328419736304317,-0.288200810195959,-0.5139743655491145,-0.47663664508210013,-0.47795590067225435,-0.47427898793891504,-0.2348947716393192,-0.23670767441798904,-0.23281037924233894,0.18501848124968182,0.18501848124968182,-0.5729749207734285,-0.674875746826804,-0.20221335570200638,176.33201586715867
2021-08-20 23:00:00,-0.3387385401836664,-0.3325809188002711,-0.33262075032891497,-0.3310201470160529,-0.3140895719225046,-0.4506829513295572,-0.46074638211318775,-0.46608591996178134,-0.31821685574942465,-0.319363436655649,-0.32362132573598323,-0.36156119163910627,-0.3942989143220155,-0.3489605351274877,-0.38200762631210405,-0.3827991151786046,-0.2984013216727354,-0.40751243388542435,-0.4582516701597347,-0.41003208292709314,-0.4118156111544066,-0.40620074339180945,-0.2717922472669991,-0.27977590770179284,-0.28117770508363366,-0.30143111263608446,-0.2437521932054809,-0.2704690831019514,-0.4285771916372091,-0.3618320293350659,-0.36763373458288096,-0.35988075258783886,-0.2579476665511794,-0.26101654498529686,-0.2551609741598126,-0.27012213353820935,-0.27012213353820935,-0.5171404062330204,-0.5772063684319304,-0.030499600879996182,180.13480780669144
2021-08-21 00:00:00,-0.5541506150578687,-0.5593069224722756,-0.5574118316239433,-0.5614267096534112,-0.5642321369865766,-0.5999178422926146,-0.5987341799104985,-0.6027560358477209,-0.4233012281724385,-0.42318344490690296,-0.44055414255911113,-0.6378770754719364,-0.5266264110843196,-0.4757960212453844,-0.5218700658336718,-0.5183212340061151,-0.4263952210390718,-0.7023351459634389,-0.7048581382738756,-0.7063600377985688,-0.7070154420997133,-0.6991180552704249,-0.6404881283997736,-0.6422064972305545,-0.6540492373606399,-0.6309332109035901,-0.2858045615189015,-0.6011454199970538,-0.5718388492891311,-0.49157195517659774,-0.49966492553296615,-0.4952209776610435,-0.6290431724542496,-0.6282816199442397,-0.624496247578468,-0.548263620353032,-0.548263620353032,-0.7558277040795832,-0.5944178014669791,-0.29290264005604394,166.90364925925925
2021-08-21 01:00:00,-0.7223839683031508,-0.7188564379835574,-0.7187835563614453,-0.7180456996351213,-0.7135310993444174,-0.672532080657137,-0.6715881995484354,-0.6730920816897434,-0.46843048249854774,-0.4680796969162727,-0.47576214096647307,-0.7176180501010907,-0.5434026610943723,-0.5014993050358406,-0.5421880870710685,-0.5362057546988586,-0.4409742066631743,-0.7614361363223718,-0.7733301769195122,-0.7756362396741293,-0.7685904175120172,-0.7728803209156725,-0.7436959917669206,-0.7444445493114553,-0.7528630199465961,-0.7535304067889766,-0.38300956280252874,-0.7107416638364881,-0.5879683567479784,-0.5246643431893505,-0.5156001649258579,-0.5108761846714474,-0.7484659477242261,-0.7496202184682413,-0.7448666508205616,-0.674691568905224,-0.674691568905224,-0.962540330094333,-0.6865972228185052,-0.5214420255693026,157.38116145454546
2021-08-21 02:00:00,-0.785579487647058,-0.7816196331798584,-0.7807067478127168,-0.7816387363116226,-0.8395854572975467,-0.6808830153738841,-0.678654506378673,-0.6824216676992573,-0.46903252132026085,-0.46929635743558634,-0.4856150357108962,-0.6857820700786934,-0.5579908159283288,-0.5110230260264117,-0.5465919952520292,-0.5499031796355982,-0.46135489074894714,-0.7930748236450785,-0.8097293322179565,-0.7997907883521106,-0.7936578844067517,-0.7728803209156725,-0.8118398663298926,-0.8114455207777556,-0.8263473051047626,-0.8242005283413574,-0.3736076397676868,-0.7573588410248218,-0.6052545507260322,-0.5379614888842358,-0.5380400033961911,-0.5317090319969987,-0.8044050649913556,-0.8034049055993401,-0.7987426118363479,-0.674691568905224,-0.674691568905224,-1.0403823578311768,-0.5815645519566295,-0.5237752523799181,153.6772183150183
2021-08-21 03:00:00,-0.8463935745149167,-0.8416755113964348,-0.8419694048413289,-0.8418306137670846,-0.8863163702032227,-0.7378186668090659,-0.7378949729728865,-0.7394522986582851,-0.6033755603449441,-0.6029880836250403,-0.6305170455691304,-0.7888698539862323,-0.7284353607947978,-0.6832563239152364,-0.7134746502792033,-0.7191612695885998,-0.6371183468807938,-0.8519718602360866,-0.8574848033501172,-0.866311288478927,-0.864204688041784,-0.8636043085996986,-0.9001487277960708,-0.9078254776142944,-0.9112322155353025,-0.9145108422707321,-0.4000893783324685,-0.8634848573756203,-0.7863391041784304,-0.7276040141385367,-0.7264509484020992,-0.7210540661663299,-0.9162569970759836,-0.9169783485070592,-0.9110367425825776,-0.674691568905224,-0.674691568905224,-1.0930701349149645,-0.6399296106334011,-0.531344447289845,150.10824654545456
2021-08-21 04:00:00,-0.8529076275917611,-0.8483356408902463,-0.8486796920443908,-0.8481260201862072,-0.8863163702032227,-0.7584401174739008,-0.7572552564493709,-0.7606272460884729,-0.7141630566439786,-0.7138532176985644,-0.7250270414802853,-0.7888698539862323,-0.866588876459743,-0.8243787520197209,-0.8569727828879103,-0.858870068708492,-0.7788493162901711,-0.8519718602360866,-0.8574848033501172,-0.866311288478927,-0.864204688041784,-0.8636043085996986,-0.9859658285787278,-0.9870351135490295,-1.0044755614810383,-1.0029488665877118,-0.4103148287283636,-0.9287580138272998,-0.9356252910523675,-0.8778665843400152,-0.8800471958378401,-0.8749612220041162,-1.0014677049500456,-1.0061771523008436,-0.9977324959016668,-0.674691568905224,-0.674691568905224,-1.120893420400549,-0.7071526815031759,-0.397793164997996,149.74327985074626
2021-08-21 05:00:00,-0.8176242940278414,-0.8175368257160537,-0.8178369459060528,-0.8191955269979792,-0.8705000220129832,-0.7387141209743237,-0.7270380149007892,-0.7184805442608495,-0.6994593140493781,-0.6990202644768214,-0.7076967337011083,-0.7258035819664317,-0.8456997821552504,-0.8165009651291811,-0.8435317968971698,-0.8380921656042993,-0.7708636062387674,-0.7985542857903536,-0.8652293224760267,-0.8598520834092173,-0.8594104717037364,-0.791921779275261,-0.968291994723689,-0.968134249673364,-0.9860599684723804,-0.9854135825521702,-0.3694545561719675,-0.9087120009427705,-0.9107133936167949,-0.8766980717875321,-0.8719936998657488,-0.8672173346335383,-0.969172401248485,-0.9693578125863572,-0.9631593818024086,-0.9275474660096078,-0.9275474660096078,-1.0736055434699632,-0.69314631721142,-0.3368850177026551,151.4628138576779
2021-08-21 06:00:00,-0.7913969559665877,-0.7850257167952246,-0.7842345789513714,-0.7831744604581793,-0.8395854572975467,-0.6808518298731663,-0.6824947907173753,-0.6875750395760563,-0.6792672392280346,-0.6789292763651648,-0.7041067851898304,-0.7427835131868064,-0.8530571541819082,-0.8166070110811628,-0.8458967521625227,-0.846540445305132,-0.7649900504993118,-0.7875971568674783,-0.7864957748402295,-0.7846129262689109,-0.7868095169485828,-0.8130412960723845,-0.9332359919841844,-0.936969951565622,-0.9504732449653032,-0.9480026524655933,-0.30553625442719456,-0.8895785872345796,-0.9200093442868511,-0.875411547053373,-0.8656550706280902,-0.8606284779683796,-0.9629977615493793,-0.9644287404251843,-0.9609900220505735,-0.9275474660096078,-0.9275474660096078,-1.0603863748571332,-0.6577852319510927,-0.23698359910350586,153.52792730627306
2021-08-21 07:00:00,-0.8552392829481276,-0.8499408447645003,-0.8502814381038628,-0.849693749811438,-0.9119588188552464,-0.7378043849194629,-0.7394464963249147,-0.7474324294096252,-0.6987769415663397,-0.6986895431812582,-0.7204429560620742,-0.7427835131868064,-0.8535227010836927,-0.821532482208468,-0.8454056869908725,-0.8451955500207973,-0.7834835744264007,-0.7923907885607568,-0.7877858230834858,-0.7862273042594653,-0.7868095169485828,-0.8130412960723845,-0.9858925325639865,-0.9817684409733886,-1.027275892472201,-1.0254552649648871,-0.35663203189474546,-0.9443240998258571,-0.9305562862021902,-0.8840287898643461,-0.8867452649767337,-0.8817953424966452,-1.0218295653961245,-1.0113630106996239,-1.0162579623324879,-1.028689824851361,-1.028689824851361,-1.120198442497633,-0.692350850056397,-0.34198668955222483,149.60279851301115
2021-08-21 08:00:00,-0.8516706042943348,-0.8474544342956604,-0.8486129514035755,-0.8477321123506455,-0.9119588188552464,-0.7631239839664935,-0.7663641524304313,-0.7694915165922658,-0.6796422429212031,-0.6800554098196896,-0.6986714387193971,-0.7860390705833283,-0.8652785188816794,-0.8191057220685908,-0.8591297349665447,-0.8560772081943836,-0.7637980345842784,-0.834622025477057,-0.826292705728093,-0.844836759644941,-0.821283583445317,-0.8760835654661959,-0.9661196983282516,-0.9646718020464303,-0.9821135510291964,-0.981467645613297,-0.29771311571978676,-0.9067766238174162,-0.940788115638316,-0.86383457241583,-0.8636822505552002,-0.8617334841656594,-0.9678769509591912,-0.970393624709594,-0.9610928417207572,-0.8264051071678538,-0.8264051071678538,-1.1198363650887382,-0.651311715041667,-0.2582290025315851,149.75143173431735
2021-08-21 09:00:00,-0.8517236922135949,-0.8461729402859759,-0.8484481258901465,-0.8469048153505343,-0.9119588188552464,-0.8605888133942744,-0.8573025529530695,-0.8593122963554287,-0.7480826733530398,-0.7481626765956291,-0.7654730359098312,-0.7860390705833283,-0.9107894861246542,-0.8888884562387828,-0.8949278110093596,-0.9009182352068175,-0.862977054248271,-0.834622025477057,-0.9329919614778621,-0.844836759644941,-0.9285872427298061,-0.8760835654661959,-0.9850544840519906,-0.986169690764409,-1.0087147034802024,-1.006163847441209,-0.37220155853898024,-0.9268237239924648,-0.9885299102359743,-0.9744975562394987,-0.9693151549832715,-0.9644716761578571,-0.9635632460014477,-0.9667633963720251,-0.956079899624162,-0.9275474660096078,-0.9275474660096078,-1.119781050520955,-0.7922766728535623,-0.30008123917737267,149.77926380597015
2021-08-21 10:00:00,-0.7130831100177744,-0.7314990878617957,-0.731002053267163,-0.7325153188337623,-0.6597752908697941,-0.7271456315317694,-0.6995610446614197,-0.638341799158128,-0.7042754280345277,-0.7042320490474151,-0.6761166468184144,-0.5168725744270554,-0.8591584454346767,-0.834128020199431,-0.8539803480528175,-0.846854677685417,-0.7979107613555616,-0.5761062722272206,-0.5639016866716561,-0.5934724867010395,-0.5669498898006071,-0.5755933562228612,-0.9089704538397064,-0.9171555018074721,-0.9342257549506733,-0.9334881172419944,-0.35148358835285914,-0.8707287751369862,-0.9323871566254879,-0.9034807480922007,-0.8978373313337294,-0.8936840920711738,-0.9221361086360409,-0.9271770050893328,-0.9180021551627559,-0.8264051071678538,-0.8264051071678538,-0.8513855009898305,-0.7422080397815408,-0.2235273054487086,156.3580141791045
2021-08-21 11:00:00,-0.8426365326189926,-0.838093853080419,-0.8407895807830953,-0.838291863204188,-0.7954376660270445,-0.8135612029440056,-0.814846329130236,-0.8121365936119339,-0.7433941046972524,-0.7423163680496889,-0.7596895410215034,-0.7779542217667615,-0.8954918443554654,-0.8624680411979163,-0.8811940683987126,-0.8813258806962995,-0.8344757229471708,-0.8300558070226605,-0.8392536723897654,-0.8532328796818184,-0.8416024419027482,-0.8501633449687441,-0.9280202020025548,-0.928457943547651,-0.9432378908879165,-0.9431820966887166,-0.40811728741110004,-0.8672383913531411,-0.9674030388497908,-0.9340011839401358,-0.9375503605026353,-0.9320328098880767,-0.9032117835187967,-0.8926031995594292,-0.8865232141426543,-0.9022618762991691,-0.9022618762991691,-1.0372931168905208,-0.9066269738051473,-0.3308194952419089,150.22348555555556
2021-08-21 12:00:00,-0.8522301288934537,-0.8471836557562654,-0.849822108599492,-0.848102122025414,-0.7954376660270445,-0.8067217745989916,-0.8054935079322811,-0.8080826774093094,-0.7297934084062276,-0.729246265874291,-0.747836845324861,-0.8064554732316012,-0.8893354015946237,-0.8603471602149498,-0.8766924542767875,-0.8751302478450524,-0.8406836683545081,-0.8732020829975154,-0.9020138849742264,-0.8889142734541872,-0.8772191000336067,-0.8501633449687441,-0.9250067863664518,-0.9286853223611933,-0.940899925913323,-0.9388602832602984,-0.37730334899019186,-0.8709250310758211,-0.9699785381187922,-0.9335695311146782,-0.9392663882049056,-0.9373524587840195,-0.9026565905376703,-0.9092968541723119,-0.9030682181433437,-0.9022618762991691,-0.9022618762991691,-1.1200596495345145,-0.8728676103540612,-0.28243430925646734,149.74100421455938
2021-08-21 13:00:00,-0.8514067407641114,-0.8465558687432916,-0.8487841639509986,-0.8478313966746736,-0.7954376660270445,-0.8255380896678801,-0.8245494137515217,-0.8269165380832032,-0.7454602382028223,-0.745705603837997,-0.7661495098094201,-0.7961460589479075,-0.9070945353582812,-0.880072053670732,-0.8909672250507477,-0.889676950029181,-0.8591394288717199,-0.8601892580863247,-0.8697466061606088,-0.8837477559521639,-0.864204688041784,-0.8533625090819706,-0.965336760172862,-0.966402798913363,-0.9824360078175638,-0.9816723746133109,-0.38716041138839924,-0.9078276713199491,-0.9856074766548897,-0.9613760924249976,-0.9563675173568124,-0.9578693312830379,-0.9422991180294022,-0.9409386627717002,-0.9371473581363393,-1.028689824851361,-1.028689824851361,-1.119966445500887,-0.8930083216724649,-0.2995707686420124,149.77573099630996
2021-08-21 14:00:00,-0.7355575367024292,-0.7375186537767133,-0.7355612717193808,-0.7374166741656658,-0.714027746650874,-0.6865302329253314,-0.6766377279249386,-0.6532798412785636,-0.6749400511930571,-0.6754219496508466,-0.6688960050017656,-0.5888515641332952,-0.8426883329526954,-0.815851633437969,-0.8203553793804328,-0.8257104695528769,-0.7984713437995218,-0.6391584016762317,-0.6512531442918224,-0.6518549924235585,-0.6346655103573164,-0.6484645568950035,-0.8746382967172838,-0.8732340977145674,-0.8901867376054524,-0.8893675619566394,-0.28188497643022803,-0.8335976226685994,-0.9189969903870974,-0.8994142109726949,-0.8934795794240833,-0.8903781183564313,-0.8969318368745396,-0.8985419123808399,-0.8923284668368393,-0.8938333463956901,-0.8938333463956901,-0.9471326732487937,-0.8561540341855738,-0.1885094666913816,156.1053418772563
2021-08-21 15:00:00,-0.6870154149637294,-0.6829826607076794,-0.6831074501377633,-0.6854242213253605,-0.7812716536275922,-0.6484692269897837,-0.6454823403055628,-0.6489223130534737,-0.637631821601461,-0.636422207391716,-0.6427831811921693,-0.6787067013037834,-0.7888320517815394,-0.7605783247292303,-0.7732943682098694,-0.7730804798440482,-0.7467547862261293,-0.7354351428827305,-0.749226704059193,-0.7622604271404629,-0.72643804630968,-0.7413598853367979,-0.7593634136785385,-0.7606964175884247,-0.7739971198526202,-0.7735213661427882,-0.3020728835071851,-0.7137830397820784,-0.8626518551833627,-0.8344357656641139,-0.8390552267297965,-0.8347119722263926,-0.7464399547895993,-0.745928294184154,-0.7388450806153742,-0.7252627483261005,-0.7252627483261005,-0.8966718982162014,-0.7705993510792155,-0.25836327341950205,159.60144719101123
2021-08-21 16:00:00,0.028702247419226685,0.008509380675737916,0.004751791734326504,0.00275544702213222,0.1918071818897631,0.033708915979326376,0.05172033419479534,0.03978707788768562,0.03386093523274223,0.04178360602501348,0.0957737248019043,0.22666468332214365,-0.09781184332048008,-0.013801144917417945,-0.04864515543998119,-0.07664363313984023,0.03718967966997699,0.23119108557001783,0.22407867281906155,0.22196642444043072,0.2320404606987566,0.2122742471016969,-0.14963608371477188,-0.14714759649324147,-0.15435594064734215,-0.15395678194747442,0.24773636725298848,-0.1805485316649208,-0.10012892249386686,0.024232707844101732,0.0014382715904158808,0.005994905673825146,-0.2034743644011817,-0.22484448163248064,-0.20464108728235827,-0.11840859527557776,-0.11840859527557776,-0.3793081968614915,0.09799363953417331,0.49830754172907277,200.146368
2021-08-21 17:00:00,0.6148875326130041,0.6118511491739018,0.6134217409373086,0.6130189823326878,0.6075676457891165,0.5130099383275633,0.5198913500509319,0.521066623266935,0.6446350817530955,0.6451683504627809,0.640194947349387,0.5328757489345528,0.5351317835574834,0.598780705231361,0.5427322542698235,0.5515202431386544,0.6558563574396742,0.5389317945029153,0.5327741759589728,0.5329605702027667,0.5324449277863311,0.533672285286639,0.42567414676752,0.4299370945082508,0.4290635122182538,0.42807721705085133,0.74551540780264,0.4182816204479764,0.5493076542620746,0.6708907272156349,0.6689033633569675,0.671333308852597,0.41019597907442423,0.4087311616434294,0.4080018001646195,0.4884455577749423,0.4884455577749423,0.6648071293646589,1.2855587916525322,0.9339401896615912,236.6133906716418
2021-08-21 18:00:00,0.6215695253300376,0.6199965785384081,0.6198411116363544,0.6187478627114068,0.6103850953281492,0.502100258778818,0.5061946147795838,0.49704471675848255,0.6356661241923711,0.635368293506063,0.6261774714225694,0.5248156072082442,0.48520865976019173,0.563166565765113,0.5038038316097302,0.5025631292144023,0.6196162331591483,0.532197669580492,0.5274501484858495,0.5266452304299657,0.5266183657248273,0.5269255166331689,0.45172524672188485,0.4540029084795701,0.4676960015241989,0.4576730210946412,0.8079171173274162,0.4686697006484221,0.4999704067925678,0.6373370206429413,0.6325299354034416,0.6343691992656438,0.44115100741324864,0.44667468465491394,0.43464317153231546,0.4884455577749423,0.4884455577749423,0.6659923620736097,1.54919877956609,0.9219378472920065,237.0538554347826
2021-08-21 19:00:00,0.6306132492042255,0.6299345981523765,0.6284815150021731,0.6293000721784753,0.6216013171972392,0.4796618158998111,0.48130662756220793,0.479903658499064,0.6130004787840625,0.6130977024135507,0.6060227446114848,0.513521552450848,0.4719833985687498,0.51931058079016,0.4856720928805294,0.4888763511044924,0.5589230470166198,0.5152365319231825,0.5180275710453156,0.5161526265570541,0.5141281997388358,0.5103648086973932,0.5491664118527085,0.5480402151179578,0.5442053497541306,0.5481828538548663,0.841560521270163,0.5272208819347194,0.4860201297858209,0.563808940774504,0.5694825289728297,0.571053135314704,0.5431895210416201,0.530861256747087,0.5405954171527636,0.4884455577749423,0.4884455577749423,0.6669378427016872,1.84164722875748,0.8010415818201422,237.5625761029412
2021-08-21 20:00:00,0.6292127058632604,0.6275341750721515,0.6271766519627797,0.6268584085754917,0.6226224411727307,0.49276961273536424,0.4934607809146935,0.49402006378502616,0.600545262441717,0.6005566469847227,0.6001766583288158,0.520242410911916,0.4678824029576371,0.516247180298529,0.4800970073575298,0.4821374942954905,0.5549199585136663,0.5122233065079943,0.5144783733998035,0.5084674423547157,0.513785422248599,0.5226855055942928,0.5006178660472845,0.47668530680957494,0.4698876042208027,0.5030888397576985,0.8004473768505933,0.4812294594250049,0.4783778411121993,0.5654949707754443,0.565685529236731,0.56601110106259,0.4497111797185738,0.4847949500139248,0.4464475630257292,0.4884455577749423,0.4884455577749423,0.6583735156172914,1.6428679482784292,0.9076023890085605,237.4793291970803
2021-08-21 21:00:00,0.4792264610808262,0.4925573154425735,0.4871585934857605,0.4924830432625408,0.4419304366649694,0.30719894001680664,0.28048045904139096,0.2618507754957807,0.30962793522959187,0.31018718538193635,0.260573423439152,0.1676219355593663,0.16224744182966816,0.21613312884159844,0.18091641304033226,0.17341994384403164,0.2456035200781123,0.16768844124591695,0.17174106311795675,0.17030485368690115,0.15999956574121266,0.11203070475616947,0.15518042171062446,0.15737185707780038,0.15357562317444903,0.1536254998029246,0.5843240008129474,0.1730161477229246,0.15489211983375883,0.23422592515050306,0.24075222063948604,0.23966522851902478,0.10964612841570436,0.10530788680676949,0.10907728468756747,0.05859053269748988,0.05859053269748988,0.4215526268385788,1.2688902035828207,0.5379373275859156,229.5221800738007
2021-08-21 22:00:00,0.0338745149533916,0.03543710998384592,0.0347374619610631,0.03195197209239096,0.012236059179582663,-0.1337300792420839,-0.1294925351271226,-0.12302396294545616,-0.08014876532040663,-0.08023791884781993,-0.09052092829430126,-0.19550901105980312,-0.20565064954917153,-0.16712799404379403,-0.19286499720510314,-0.19195692786731575,-0.1358905852537969,-0.2286938134170671,-0.22862073304546962,-0.23131640413312815,-0.22958870505588375,-0.2319013897218691,-0.18926158570636845,-0.1861024017615829,-0.19239155027947902,-0.19558893417129436,0.1540024818322863,-0.16711807205209936,-0.23611946760973093,-0.17859398849997615,-0.17491260574530784,-0.17413104268260318,-0.19160684120471383,-0.18818680168538232,-0.1861718080808426,-0.21955095411733275,-0.21955095411733275,-0.04166973180942176,0.28479683810247847,0.35216690648908616,202.08654545454547
2021-08-21 23:00:00,-0.0960770132989962,-0.09326301069246427,-0.09207195458433338,-0.09527842581487612,-0.1493089241098633,-0.24288561179501217,-0.24253189363047079,-0.24628399914233662,-0.18720057958565117,-0.18643706529070192,-0.20501254192037616,-0.21188166452283508,-0.3353985396733905,-0.2791555153018003,-0.32063415333286616,-0.3247119999214791,-0.23409153772399235,-0.297424976449998,-0.2929273774500997,-0.28493508657391664,-0.26170396923198797,-0.2485417971132628,-0.19484879279896739,-0.19508324349526113,-0.20106663516430978,-0.20147533075100915,0.05352045677489068,-0.17181275952603864,-0.37409291336708667,-0.28608758636211146,-0.2802819349643861,-0.28114006263772634,-0.17383538346075206,-0.17253144766972248,-0.1701638834487561,-0.21955095411733275,-0.21955095411733275,-0.2174717180212293,0.06155692608976119,0.31301460168707673,194.6452408759124
2021-08-22 00:00:00,-0.2735110856040375,-0.26829439018025364,-0.268377788539347,-0.26755594840763763,-0.28760019909783224,-0.40362439684489515,-0.4028610100696583,-0.40983856768943905,-0.3811954509893301,-0.38210074124903787,-0.3707365892028291,-0.4364003590476111,-0.5184987324371427,-0.47985408038981925,-0.5087068839246706,-0.5101843113196883,-0.4617552926939724,-0.4939382021166477,-0.5216416800668875,-0.49986661673754185,-0.5023389147268498,-0.486310021999979,-0.30337143645751175,-0.3032924858435133,-0.31143178412719325,-0.3112330170154475,-0.12561022284768003,-0.2704510099173097,-0.5707327659799919,-0.5185273550107026,-0.5257146405223115,-0.5252336758121263,-0.30421708772705813,-0.30295758902530207,-0.3024770474655084,-0.32069331295908593,-0.32069331295908593,-0.41059195148184785,-0.11733480080410616,-0.12190412781509016,184.19499925925925
2021-08-22 01:00:00,-0.36284072169410403,-0.36043736776958846,-0.36057765650288365,-0.36097626635627017,-0.39576089158581773,-0.3173445707363048,-0.3203913424085792,-0.3216170572099793,-0.30840724261785774,-0.3083952734830952,-0.3238777516134372,-0.35741728931587374,-0.4456516945535335,-0.4047698074193203,-0.44577316827669555,-0.43613036986639625,-0.348658641987734,-0.3739552166648012,-0.38217942860477977,-0.3819377859965452,-0.37654220933689125,-0.3816667341276842,-0.3968090441406629,-0.3957028451975153,-0.4074527182877467,-0.4085570614583644,-0.0514430227011813,-0.35820927218885584,-0.4885158594279844,-0.4184311122678076,-0.4068375164755279,-0.4070955993672517,-0.36504417403053724,-0.3635058634792791,-0.3613079091639758,-0.27012213353820935,-0.27012213353820935,-0.5351744226515446,0.07283233738132498,-0.053985196554205056,178.70254181818183
2021-08-22 02:00:00,-0.4807705754311383,-0.4779717959810655,-0.4773106380016882,-0.47825664546553126,-0.4700504343542517,-0.5116701550706275,-0.5068534128372865,-0.512982105998485,-0.46374891663215223,-0.46360863951607406,-0.475685438878854,-0.506894258035335,-0.5749959829912872,-0.541734055436141,-0.5731060693556386,-0.5672924461323916,-0.5132447733177053,-0.619127035680041,-0.6122495930735622,-0.6066867999338817,-0.6203729997926767,-0.3816667341276842,-0.4187985321527767,-0.4187735490479293,-0.43139260605167823,-0.4298189189870326,-0.2559185907710248,-0.3844216720416979,-0.6278173425041189,-0.5769551427104094,-0.5802035452834411,-0.5790884012159258,-0.37734100639275914,-0.391249738565195,-0.38478774478482386,-0.5229780306425932,-0.5229780306425932,-0.684016043393306,-0.2256960487935963,-0.34866478867579487,171.78088943396227
2021-08-22 03:00:00,-0.6072817203493572,-0.603904144336479,-0.602537149488818,-0.6042050985449375,-0.6473896896114276,-0.589831013549246,-0.5924169286139628,-0.5943916839560848,-0.4813957518625997,-0.481193019606051,-0.49444346468027783,-0.691238826366863,-0.608022654883314,-0.5680753114654402,-0.5993986138369205,-0.6015698140735595,-0.5334343029768086,-0.7519851413423767,-0.7533676179311667,-0.77524863093303,-0.7566732885180149,-0.7660001605417464,-0.6825495700019327,-0.6794314025402135,-0.6941982602674988,-0.6906635862385863,-0.24219859847601055,-0.6234785847331306,-0.6577100645964782,-0.6044772478357097,-0.6012081282120791,-0.599835657696375,-0.6422080585142587,-0.6458810790881877,-0.6411384905764532,-0.7252627483261005,-0.7252627483261005,-0.8197868990793712,-0.06621472956549876,-0.5471747482285896,164.27293707865167
2021-08-22 04:00:00,-0.6027799092456739,-0.6011493383548356,-0.6002225521017319,-0.6037193570547286,-0.6646440462876827,-0.5504510606666734,-0.5496492149971443,-0.5515903481089127,-0.4674874910715748,-0.46741865734736304,-0.48245481794733797,-0.6284777829580833,-0.6083091751969457,-0.5656727864306894,-0.5958055792667388,-0.5998853170192067,-0.5379966838146198,-0.6789355205942535,-0.6886165013857198,-0.6768666697131226,-0.6774505094862083,-0.6943176312173095,-0.584224295429049,-0.5832321707939255,-0.5951088907580392,-0.5953140426678009,-0.2010594644896387,-0.5280709195482023,-0.6549176610126487,-0.6022195905222795,-0.6066040572459592,-0.605203066336445,-0.5470533812826286,-0.5427227454902723,-0.5419702152042722,-0.5229780306425932,-0.5229780306425932,-0.8108664119370301,0.03566747658166443,-0.6274758633801617,164.2924247311828
2021-08-22 05:00:00,-0.4522662039239861,-0.44648405607281,-0.4480485916886129,-0.4474926285828313,-0.51462520710887,-0.4874626848694633,-0.48881102959646777,-0.48453935116819546,-0.4557846272831027,-0.4563285095571362,-0.4569469628128462,-0.5796621366707028,-0.5880037969997733,-0.5567637053097291,-0.5888619229223875,-0.5836470021693718,-0.5200074037174178,-0.6426397692127763,-0.6479056805838906,-0.6567384435173004,-0.6452592321421973,-0.6376750882860142,-0.4010662133947825,-0.3979409162712064,-0.4031540351943438,-0.40833601236965317,-0.17732537111485153,-0.3624956613622911,-0.6406383438283879,-0.5905688486132856,-0.5878095053976475,-0.5886085595218917,-0.3646561339668488,-0.34693448398086235,-0.3597592724374838,-0.32069331295908593,-0.32069331295908593,-0.6465017643786715,0.1874065496909887,-0.5946903768340775,173.53576420664206
2021-08-22 06:00:00,-0.41450809968544405,-0.4094175861346829,-0.4090137259658361,-0.40957841471824025,-0.4513580691919811,-0.414682529936523,-0.41285865854732867,-0.41985034570130203,-0.39929494498188906,-0.4000184146257088,-0.41746168311223647,-0.5402468427187417,-0.5787984042134873,-0.5324444285722755,-0.5705692883180038,-0.5750291479478573,-0.48929803764717417,-0.5800921516818177,-0.5851441990995176,-0.5834370478979062,-0.5833875061106181,-0.5973544345708535,-0.4123086827397812,-0.4322786834187088,-0.4116899445502877,-0.4099442689977489,-0.03767637236554148,-0.37023644500336533,-0.6276168830220487,-0.5591733659153514,-0.5552826543727161,-0.5555826205580213,-0.3813877584874092,-0.38042342005645424,-0.37756415562052176,-0.27012213353820935,-0.27012213353820935,-0.6031286594778903,0.358617046088452,-0.5300853987223739,175.78233011152415
2021-08-22 07:00:00,-0.5522301783369219,-0.5469493283242547,-0.5477038654337243,-0.5489257783475953,-0.6083269918605464,-0.5068990894536306,-0.5065076609083549,-0.5138125424674607,-0.44961146718288364,-0.44936855585238383,-0.4710065280410425,-0.6121043346288774,-0.5926351145781487,-0.5468935629837182,-0.5839604254833142,-0.587777483738462,-0.5144962579820181,-0.6766533090508932,-0.6802700725373944,-0.6772671299463023,-0.6782492462781089,-0.6795971417646712,-0.4728621500536129,-0.47630566267919705,-0.5061043419788736,-0.5066848511146557,-0.19091163507711342,-0.46545078648214655,-0.6426783527934954,-0.5753867820297449,-0.580032110693148,-0.5808886890760118,-0.48303661698939326,-0.47690944679435315,-0.4731625317218079,-0.27012213353820935,-0.27012213353820935,-0.7611014554570852,-0.027366657581062638,-0.4830299430693096,167.6630557195572
2021-08-22 08:00:00,-0.7784861681983264,-0.7815852158672926,-0.7816796035288461,-0.7815093888235324,-0.7967523501606992,-0.6486242136261721,-0.6290514520676183,-0.6238893714090199,-0.5750866822443809,-0.5752373818497681,-0.5558795269708322,-0.6142266273148808,-0.6927597109046398,-0.6637071496524227,-0.687107563280251,-0.6876611046242692,-0.6287555550396912,-0.648848988472506,-0.6508417457922141,-0.6489244138350675,-0.6477700607986403,-0.6736771500955324,-0.6732935365880484,-0.6544706879510788,-0.6886745019184808,-0.6875963290048598,-0.3354724677526828,-0.6128609753485703,-0.7491451546913941,-0.7099110988579198,-0.7046336112280698,-0.7067738360564455,-0.6648014255872791,-0.6501594335102521,-0.6608015687199807,-0.6999771586156618,-0.6999771586156618,-0.9851458418191866,-0.3308352580389885,-0.5542652601923713,153.61582408759125
2021-08-22 09:00:00,-0.8213355367725156,-0.8155016666474176,-0.817332172575349,-0.8167422673968027,-0.797133666731324,-0.8036790007696993,-0.8056064615545465,-0.8103961816083387,-0.726594597652261,-0.7264007944246514,-0.7460432049537343,-0.8313172974386458,-0.8803631129215461,-0.8390873319627887,-0.8640715505661434,-0.8750284683063831,-0.8103726573644877,-0.8918631346154687,-0.880588763750226,-0.8747063926513114,-0.8765336348324648,-0.9034987799627127,-0.9044069224348524,-0.8962838414314792,-0.9173698908424966,-0.9222473688253017,-0.4296003411478423,-0.8406940054615677,-0.9528211979417671,-0.9027677359154261,-0.897398964066111,-0.8985762083270163,-0.8783843435287376,-0.8781700909010318,-0.8719869705295725,-0.8769762865887303,-0.8769762865887303,-1.0563726748503324,-0.5913515842997533,-0.2681226404046998,151.63243382899628
2021-08-22 10:00:00,-0.768345417899124,-0.7621022505737346,-0.7643080774798862,-0.7633642021587179,-0.7931794342541028,-0.7008502131332949,-0.703566466465234,-0.7082573923739662,-0.6774301500986708,-0.6771845129546857,-0.6996524225515832,-0.7033672918909751,-0.8568365348966682,-0.8195622712755023,-0.8509141556832566,-0.8521718579527539,-0.7890869419302662,-0.7696192426500097,-0.770523708688806,-0.7712128270489335,-0.7784187405636778,-0.770800165124043,-0.966553398063145,-0.9639508685553958,-0.9808001220005331,-0.9813220673572999,-0.29890206153305304,-0.9056704869285428,-0.9345316931518791,-0.8742322615800966,-0.8742074202340375,-0.8739861944910954,-0.9901468440463999,-0.9953243709955638,-0.9859372243390551,-0.8769762865887303,-0.8769762865887303,-1.0241581020645747,-0.5338002129596406,-0.0966707840943494,154.80646380597014
2021-08-22 11:00:00,-0.6391152297969346,-0.6220942010834244,-0.6091766577697291,-0.6197179848838036,-0.6134023415928946,-0.539141556453198,-0.5293675682793271,-0.535522284635746,-0.6187732430406042,-0.6173690610668341,-0.6094689751752679,-0.5379723331603155,-0.8003993255557983,-0.7710316360766566,-0.7991695816011098,-0.7982895620402742,-0.7408745808182434,-0.5952428106524743,-0.6036174784596292,-0.6152264578611975,-0.5987988018231339,-0.5973546443062632,-0.8991924616555625,-0.8984480468117028,-0.9175156783994991,-0.9171695609460495,-0.16264490437139198,-0.8535314893023656,-0.8748174577760099,-0.827775020191089,-0.8237038605389367,-0.8237163945101581,-0.9533498870195248,-0.9484835216762454,-0.9458694425267884,-0.8769762865887303,-0.8769762865887303,-0.8655372451875353,-0.319366523619574,0.01372394014070297,163.38971617647059
2021-08-22 12:00:00,-0.7779100134516184,-0.7709387374006202,-0.7733478782698532,-0.7733755962119401,-0.8625360029281148,-0.6580508288904002,-0.6632984698140669,-0.6697389530894821,-0.665448137231162,-0.6647637592063989,-0.6929292178606673,-0.6906323434756941,-0.8317370158952687,-0.7854787207471885,-0.8221794687969008,-0.8257629689822008,-0.7557160238454631,-0.7152324688875138,-0.7187334178161522,-0.7310091431740233,-0.718088824929952,-0.7548002896733269,-0.9280194424583601,-0.9265833651732703,-0.9395857305900102,-0.9439115203713975,-0.33109692857786505,-0.8660626678709968,-0.9031937910332307,-0.8321847586480872,-0.8381742036232614,-0.8392418678496417,-0.9455669848877785,-0.9449826636387282,-0.9365801588373336,-1.028689824851361,-1.028689824851361,-1.0483605049161389,-0.5754852427217542,-0.15469903187720618,154.2111412878788
2021-08-22 13:00:00,-0.8083759332291844,-0.8036222749320273,-0.8046733192464494,-0.8046211674941606,-0.8325193209384735,-0.6996909607769678,-0.6988880756115109,-0.7059048576398773,-0.6725604979452986,-0.6727961553809887,-0.6896919371419729,-0.6906323434756941,-0.8351332153212848,-0.8016385662059556,-0.8352267048176975,-0.831326808289202,-0.7611493991355764,-0.7152324688875138,-0.7187334178161522,-0.7494157612383342,-0.718088824929952,-0.7548002896733269,-0.9863995283136204,-0.9858807121772356,-1.0056441608210107,-1.0049961565878425,-0.31458303816872357,-0.9334583707446649,-0.9055784370490786,-0.8536906150555469,-0.8454039285666941,-0.8460324868998281,-1.0228026831724935,-1.0220924608063557,-1.0125045793147105,-0.8769762865887303,-0.8769762865887303,-1.0420363303330527,-0.5012107624647517,-0.09109730262707792,152.36193540145985
2021-08-22 14:00:00,-0.6554964334567922,-0.6498827865854699,-0.6525216799516896,-0.65225911295829,-0.6818984029639378,-0.5061869024629312,-0.5037449664272197,-0.5232542973482972,-0.5779280849718977,-0.5767034536771083,-0.5871611612791363,-0.5384265991790608,-0.7511583028456589,-0.7122900805889433,-0.7504426488897552,-0.7487468234706581,-0.6810989220162628,-0.5920762309150133,-0.5967614007550184,-0.5940934664323098,-0.5895526528509493,-0.5963938463952473,-0.8579059178909664,-0.8579048049244721,-0.8945705177196447,-0.8758146094239689,-0.21528497557863482,-0.8371001478632499,-0.8133821884423403,-0.7551814766357642,-0.7582759737723027,-0.7602373031007628,-0.9109387656225899,-0.9123112458927226,-0.9078092534288673,-0.8769762865887303,-0.8769762865887303,-0.8950195018740651,-0.19430405435031053,-0.01692329232141654,161.38666641509434
2021-08-22 15:00:00,-0.5741996312199873,-0.5804621231337885,-0.5835240135924077,-0.5828538658689778,-0.5354147588734508,-0.4056406776154641,-0.39436680134267116,-0.3741217521527787,-0.5245101702853874,-0.5243714598296644,-0.5122289315587014,-0.3047906760800792,-0.7197968619409492,-0.682040840058962,-0.7138958662381295,-0.7172721047054132,-0.6468846141533795,-0.3268729336931033,-0.3352303433663137,-0.340677132740999,-0.32876883110090477,-0.34875097880627,-0.7068143486022168,-0.7090082096396271,-0.716559504424692,-0.7185755351213434,-0.09711253757841734,-0.6684373642896836,-0.7842431995631937,-0.7255756831186249,-0.7237629170172669,-0.7230041157592179,-0.7600491530977805,-0.762332193313835,-0.7599604866002472,-0.7505483380365383,-0.7505483380365383,-0.7891867848476661,-0.03363243289649096,0.08685212891636727,165.31996518518517
2021-08-22 16:00:00,-0.5168502084891445,-0.5143024311824476,-0.5158862533394066,-0.5166387002212759,-0.5879575318499015,-0.5659030750524713,-0.5617740941033297,-0.5607530700693076,-0.5496122510048597,-0.55033004345581,-0.5591604636510397,-0.5967932249419348,-0.7059834249425536,-0.6589256141154853,-0.6983823729468569,-0.7015504177632031,-0.6195001154465412,-0.649122602506235,-0.6550580464178127,-0.666426122383539,-0.6513314273472852,-0.6608765785816488,-0.6223591105597763,-0.5974072513343385,-0.6058510007236526,-0.6080276216244442,-0.23618591691875712,-0.556317519153649,-0.76416679204035,-0.7006910518866926,-0.6969566194542883,-0.6929833950377213,-0.6084585183593347,-0.6176439399025682,-0.5987181048398073,-0.5229780306425932,-0.5229780306425932,-0.7132108419172591,-0.3988412596575663,-0.021649081603666746,169.41449442379184
2021-08-22 17:00:00,-0.48668269228638683,-0.48590342700861966,-0.484917903332338,-0.48864361085557567,-0.5339568810600285,-0.6974449643710092,-0.6828327264567091,-0.6781221166824709,-0.5972661197451031,-0.5974046688707313,-0.6007246003653984,-0.7336875945962333,-0.72742750017657,-0.6921539930798206,-0.7285395503752967,-0.72619939219217,-0.6541182633790142,-0.8415273087845336,-0.7621867542931525,-0.8290142468853867,-0.7788185578562898,-0.8047217914947191,-0.4768590018111148,-0.4779875310249137,-0.49207394672950844,-0.49154471249094167,-0.32796196457088944,-0.44779443105731803,-0.7887925678462193,-0.730660610419239,-0.7319612703049382,-0.7313687053057483,-0.41918405073698234,-0.4181227084503426,-0.41632301597354326,-0.4724068512217166,-0.4724068512217166,-0.6860833583512633,-0.5387336143172123,-0.13534780706091143,171.1873981684982
2021-08-22 18:00:00,-0.550671225899422,-0.5517340297613342,-0.5504076131222122,-0.5522141093212058,-0.5809592820564906,-0.7833100930714451,-0.7765149596006655,-0.7792336430611222,-0.681800543171007,-0.6812761600669284,-0.6871045252764959,-0.8782522373660023,-0.8056701531045499,-0.7859968220650156,-0.8007229655311077,-0.8034794821453377,-0.7640430504800394,-0.954598923777547,-0.9701455925788639,-0.9689974111199037,-0.9650840803324651,-0.9465501327803938,-0.7190555426081806,-0.7199016432922027,-0.7472519040075729,-0.7334084270047676,-0.408855775250633,-0.6614693853295368,-0.8690078076123324,-0.857867034997604,-0.8526074599330771,-0.8515535189541826,-0.6734637718589892,-0.6738845444970315,-0.6692633908202767,-0.674691568905224,-0.674691568905224,-0.7668776336089019,-0.47781044796808303,-0.3524666909572629,167.2746761732852
2021-08-22 19:00:00,-0.4864717096696193,-0.4851241293819616,-0.4871728155612457,-0.48695491431831417,-0.5274864245916023,-0.7186379248492375,-0.716486389801445,-0.7172489761190789,-0.6533671304521222,-0.6532992325932152,-0.6676212835454827,-0.8245455675424068,-0.764813554217726,-0.7572445088508294,-0.7665272916057305,-0.7614927409373629,-0.7441696802933303,-0.8971702414639067,-0.9044024621674451,-0.8968081049360586,-0.8996500172804115,-0.9009811720362655,-0.6742200285961444,-0.6691859012434317,-0.689084009778993,-0.6902268514705956,-0.3777171337246578,-0.637643588167793,-0.8267101393563384,-0.8308251444031924,-0.8288575167946377,-0.8309301644360458,-0.6352686016249995,-0.6345035028969613,-0.6303978091578014,-0.6241203894843464,-0.6241203894843464,-0.6773580668706515,-0.44821417223174326,-0.2658576236226486,171.29706580882353
2021-08-22 20:00:00,-0.5582978069683984,-0.5547058243281403,-0.5549431098188241,-0.5560633032984637,-0.6425963279913759,-0.7314186530533046,-0.7331961496476731,-0.7321777484817946,-0.6610670881206336,-0.6608130704699214,-0.6770490173940054,-0.8149446439756138,-0.7724459575627075,-0.7592776472386867,-0.7732393811633863,-0.7708660329129464,-0.739879411911773,-0.8452749393216031,-0.8546884299231511,-0.8539679705165317,-0.8473102128230644,-0.8820579485182035,-0.6708599569898047,-0.6654359880062226,-0.6971224406487009,-0.6931483772080558,-0.3896100368111503,-0.6394051196200283,-0.8335620717105754,-0.8282051190000623,-0.8230044879387294,-0.8225188066570808,-0.6386200692287511,-0.638232157461718,-0.6330112129046773,-0.6241203894843464,-0.6241203894843464,-0.7693080503562084,-0.5388619786878682,-0.24730148919608919,167.1434109489051
2021-08-22 21:00:00,-0.13775447908994684,-0.13879892059832763,-0.1370862760024421,-0.1393629994534426,-0.2374537936160346,0.006860924868210536,0.0016513847764301358,0.010873541407204838,0.07546816201620327,0.07667413612809057,0.07181539786916438,-0.050016990354052056,-0.09545792590521154,-0.025941518499383854,-0.08522886008866423,-0.0944756637949971,0.03227692496093012,0.005672585243867162,-0.03400996988699279,-0.002082912827167156,0.015118032417471653,-0.08378144956594653,-0.2112383459279134,-0.21163899318183085,-0.20324458139555865,-0.21873029455075516,0.2824677207681714,-0.17758867975837375,-0.12299305821288638,0.00963350346109523,-0.013896130223936832,0.007007450095805287,-0.18606274384036206,-0.18619936069303641,-0.24925941258047918,-0.3459789026695247,-0.3459789026695247,-0.24795225066355803,0.6399444089794734,0.260223490469744,191.93749239130435
2021-08-22 22:00:00,-0.06482045620275817,-0.06480565701056848,-0.06527539284409656,-0.06616052657607441,-0.09991769550505859,-0.057801055671964634,-0.03990004886181978,-0.015100890751473237,-0.03495964865477211,-0.037175938747060606,-0.009754011287237704,0.13127835777965513,-0.17722011222445433,-0.0899054240288543,-0.16370787903036324,-0.16871281865390775,-0.018732489181982732,0.1167988424162719,0.10721552877898018,0.0955887898011962,0.11290185043564699,0.10603034247810195,0.009048458997430772,0.008459996936770945,0.002608981682042662,0.0014541359403646803,0.12174567938492888,0.03097019842050612,-0.18540223342253445,-0.04669488065961843,-0.05174205986868089,-0.05026855987327747,0.026380012697248587,0.03509002152523377,0.03556443362094068,0.008019353276613283,0.008019353276613283,-0.15620670273686202,0.480239543264926,0.08006815805610386,196.22541480144403
2021-08-22 23:00:00,-0.12996461377911975,-0.13106736524820678,-0.12747941543407418,-0.12972353891790747,-0.03894230662058345,-0.3260160935788251,-0.3082208854923359,-0.3026676563080549,-0.28043345841668416,-0.2791224152426244,-0.28164666067382393,-0.10313456593031661,-0.43470845479852044,-0.3873463809518301,-0.42833348657644416,-0.4317865328172051,-0.343938676761803,-0.12341943749140218,-0.1345781429601008,-0.133401740580125,-0.12734530819711426,-0.133230946841913,-0.19646414798868417,-0.2162921536260664,-0.22754014482089824,-0.22625592418446555,0.0020627574887491775,-0.19664447300445156,-0.47463863408028795,-0.39576104380589056,-0.39776071830016235,-0.39614895772996883,-0.18468091400734277,-0.18449050739819683,-0.18433272269721235,-0.21955095411733186,-0.21955095411733186,-0.21888629818448235,0.7223652428016362,-0.39408121822795966,192.25861474820144
2021-08-23 00:00:00,-0.19605518275447387,-0.19239222627806737,-0.19271331651477602,-0.19333179867110425,-0.2601221372671588,-0.40259006177159196,-0.40248388029350934,-0.4042129916046508,-0.37820735003074246,-0.3774955054896436,-0.3841343398701296,-0.3431677234050205,-0.530839468182738,-0.4873667784985684,-0.5297976424526394,-0.527765087030214,-0.44254373818806536,-0.38217351219887635,-0.39282888259451965,-0.3918410538830208,-0.3840764908928625,-0.38742606847313016,-0.286162063877231,-0.291606630541558,-0.2900342321207868,-0.2977742306283668,-0.08594967920267517,-0.263316644442181,-0.5771253044958858,-0.5053369757015179,-0.503146112675793,-0.502600533715894,-0.23711208271518885,-0.23896496310164506,-0.23551878126179068,-0.21955095411733186,-0.21955095411733186,-0.3350545706361911,0.2886242631883722,-0.4023376747110071,188.69163609022556
2021-08-23 01:00:00,-0.1809170601902439,-0.17634530852564062,-0.17665130383258523,-0.1754969897155687,-0.21746441830123936,-0.23347697588445004,-0.23500711877744104,-0.2444840004910429,-0.17638154453913443,-0.17713662935076038,-0.20691087848565404,-0.22188704249476932,-0.2860912079757541,-0.22337146956989468,-0.26702053694183064,-0.28108604086579236,-0.18003646815163196,-0.24931450885270284,-0.2717163337400411,-0.27300861167526025,-0.24675002440078425,-0.2536618579304882,-0.2742539300004287,-0.2737156787440989,-0.28161679191760314,-0.2814929117179039,-0.06543029966603842,-0.24125210259539673,-0.312871993691245,-0.2170523935029073,-0.21921396921477396,-0.22137753406356847,-0.26165787843850197,-0.260563217858352,-0.2556459008115418,-0.32069331295908593,-0.32069331295908593,-0.3214861822077579,0.062408433827075886,-0.3092579441303029,189.68894666666665
2021-08-23 02:00:00,-0.2750466475776881,-0.274376178400241,-0.2695430257108813,-0.274157965380809,-0.36796230278273584,-0.35944757497111984,-0.36285831052214595,-0.36066330520688755,-0.296261686715764,-0.29629850321020934,-0.30295981331922145,-0.5014367068809915,-0.40396079039001864,-0.35090706582338205,-0.4056801487551162,-0.39945846493270004,-0.290326622952998,-0.48421413171322686,-0.49221335332170807,-0.5027079897252187,-0.48612955556742454,-0.5499928233344679,-0.28577013907301885,-0.27342745664537493,-0.2855635925081116,-0.2930384167205074,-0.1738567846658525,-0.2545235085499502,-0.4449512383150721,-0.3486410033419287,-0.34160031442610556,-0.3391573215402715,-0.25500969749941316,-0.25094299592690344,-0.2545610518243246,-0.32069331295908593,-0.32069331295908593,-0.4451347970714667,-0.22754701605015798,-0.47760098397726514,183.9410448148148
2021-08-23 03:00:00,-0.4025096578158576,-0.39884789717843055,-0.39953805230880857,-0.39913952558225135,-0.4724482786015636,-0.5646054638252634,-0.5643741748933447,-0.5771121180658388,-0.41442257183284653,-0.41441023491771073,-0.42590011028123353,-0.6500051435629617,-0.5148532401212906,-0.4611376925980484,-0.5066859494328825,-0.5107933123260427,-0.4256347943282628,-0.5869396839957368,-0.6390318405368361,-0.63994704999729,-0.6436608607650749,-0.582634364589034,-0.45518799067963167,-0.44382269713664635,-0.45670439112600425,-0.46591297881791166,-0.28332360163136455,-0.41200890415874025,-0.5628681590415087,-0.4776561848120816,-0.4864569688201191,-0.48620212784950223,-0.4009523001244824,-0.39989979553105887,-0.3947591509807718,-0.32069331295908593,-0.32069331295908593,-0.5826822995817811,-0.43045533846354855,-0.6430034328511958,176.48953074074075
2021-08-23 04:00:00,-0.4659353409775374,-0.4625028069307725,-0.4631267125053028,-0.4638625496940898,-0.505758069830418,-0.6434878374174747,-0.6390674155815208,-0.6394774603791451,-0.4430280928572396,-0.4425629911055191,-0.45761013627155106,-0.5990669396341863,-0.5332207192579683,-0.4767578997273768,-0.5191191199379496,-0.5280431439880469,-0.43218478773618224,-0.7061018273463971,-0.7071159341828934,-0.7145411331843707,-0.6963999338635589,-0.7163985751316767,-0.5226214635577616,-0.5218771752111399,-0.5341637531472337,-0.5359100691067773,-0.36275125937567626,-0.4888533169772287,-0.5875211137744578,-0.495583466367197,-0.49813361428068115,-0.4979311807022628,-0.47457347595081695,-0.4727989126301563,-0.47084129794351354,-0.42183567180084003,-0.42183567180084003,-0.649994786548238,-0.5953353861503209,-0.5659234424718558,172.61735294117648
2021-08-23 05:00:00,-0.33746425703203764,-0.33477668636404195,-0.3348429842646213,-0.33409942877693505,-0.3377676148882717,-0.4539190316773926,-0.451018465399666,-0.45734323088649237,-0.35163830525320133,-0.35034107287005883,-0.35648458547993445,-0.4789992245062727,-0.4676741832194994,-0.429888814393204,-0.4685268864492427,-0.4634938207302659,-0.3886912501051519,-0.5203731957690175,-0.49898970181521923,-0.5004481145045652,-0.5171782412773124,-0.5711131790732281,-0.3630971633591256,-0.3605512585845289,-0.36682262654721115,-0.36794220570916025,-0.15956547668315219,-0.33094067832502,-0.5209207308671974,-0.45188195094642225,-0.4510220744734911,-0.45086934469040185,-0.3229119848903044,-0.32244294728405154,-0.3192309039212564,-0.27012213353820935,-0.27012213353820935,-0.5205334686356555,-0.3544110256941625,0.015556319224349484,180.28505645756456
2021-08-23 06:00:00,-0.24828805548188343,-0.24561987114862374,-0.24552185693171516,-0.2474077569898169,-0.2564466934496964,-0.32321976048195594,-0.3218337321184129,-0.3257062445341885,-0.2406556647840137,-0.2405324238107763,-0.251242954918606,-0.22350433020455268,-0.3566517101313971,-0.29236635120608623,-0.3454537769120464,-0.353460804960632,-0.23711090608128613,-0.27225691392055745,-0.27687934649064744,-0.2784979483384776,-0.2619323080001484,-0.26208902668504036,-0.28201495257685205,-0.2869680595173925,-0.3107731538762386,-0.314738962830602,-0.11278224358324798,-0.26845909368492155,-0.3979670342742509,-0.285285769755513,-0.29060353800401906,-0.2904272934163912,-0.2695884434453707,-0.26821185624388016,-0.26648170733624305,-0.32069331295908593,-0.32069331295908593,-0.4034988592670041,-0.6203167954212924,0.46374405506543254,185.47045393258426
2021-08-23 07:00:00,-0.16295408067687095,-0.16322067479205984,-0.16426190900474538,-0.1634799745837676,-0.2141089197375427,-0.16579139613048793,-0.15687955535845408,-0.16855502513474713,-0.07216108193307948,-0.07179349853207044,-0.06393409489186808,-0.1460880741805162,-0.1747716257804577,-0.11168359474665608,-0.17279366456771025,-0.1688485977336537,-0.0470202478885657,-0.18110507966623973,-0.18192604344072125,-0.17139800734807473,-0.18394237875774433,-0.18240662954704884,-0.2439784984192741,-0.24067680226197627,-0.251509841446682,-0.24978213655496662,0.04456577340723703,-0.20309553679287695,-0.21113733562422718,-0.08390045080671228,-0.08593719238653559,-0.08358048667637158,-0.26517677218458263,-0.22465010753634407,-0.2246816218466921,-0.32069331295908593,-0.32069331295908593,-0.292048202097188,-0.13349794510077406,0.5546321164158471,190.40027666666666
2021-08-23 08:00:00,-0.06257870203763416,-0.06150028351321911,-0.06319918073529433,-0.06326468807409452,-0.12783757264524914,-0.14160836432667295,-0.13672697671806866,-0.13737155353482078,-0.06975708718341374,-0.06959628320178139,-0.07996772707025179,-0.1301698192139256,-0.17636770150348105,-0.11299881629954328,-0.1707703694583065,-0.17036220066069732,-0.050182756493489,-0.1570330591798273,-0.16230682057062432,-0.1625174046032819,-0.16027861172153704,-0.16373905951083165,-0.11284926964271531,-0.11665233676899432,-0.12184512386200028,-0.11785421728163914,0.022222913473591926,-0.10123555139492366,-0.20845514752865868,-0.08825805259039317,-0.09173833952033643,-0.09052241669038325,-0.09760891721150071,-0.09271916775281466,-0.092313641610099,-0.017266236433825466,-0.017266236433825466,-0.1729589129933743,-0.43409515411643207,0.7924069335898951,196.36161747211895
2021-08-23 09:00:00,0.040093319480166124,0.043965836880493776,0.04210266935908858,0.04314832753259673,0.004686950916984471,-0.06425435773038725,-0.060632701270375434,-0.06159787633880818,0.02256468134378759,0.02295388512449135,0.019042578066706336,0.021581261630874923,-0.08200457059378313,-0.017138184094847596,-0.08230697046454626,-0.07764206755121568,0.05577150717899807,0.02210887708407235,0.007937927622108041,0.01008008918767314,0.020026567771818878,0.004587029695950516,-0.009589616212155684,-0.010043521381533317,-0.024247155313471724,-0.02386268897890333,0.13708858142844926,-0.0018624168740002847,-0.10774138866157042,0.01695736653374248,0.019761190299995925,0.02142684121169652,0.009259356407833744,0.00949611513022198,0.012806956916523908,-0.017266236433825466,-0.017266236433825466,-0.045216550523863114,-0.3065345109360069,1.0664922189257517,202.74141729323307
2021-08-23 10:00:00,0.04822203852230506,0.050467867953640194,0.04817431211074261,0.049823197644812516,-0.005137404388870037,-0.15448914367113362,-0.14889381531064722,-0.15548095785729843,-0.08634309374339397,-0.08626498180460751,-0.0923221921641104,-0.0527029567101105,-0.20779954404112516,-0.14904481201891348,-0.19809297754121333,-0.19872194298856383,-0.09142389296049923,-0.10481523918317022,-0.10790332902265944,-0.09282190465812351,-0.10599847638630013,-0.11157702422133059,-0.004591435642166288,-0.0035505810315295343,-0.008681412105046906,-0.010710076650226375,0.07317585381192149,0.019870346037009278,-0.23662603421842796,-0.1397578209280945,-0.13568475748986047,-0.1332853162441275,0.04816851185868269,0.04994861472602311,0.049537423865341226,-0.017266236433825466,-0.017266236433825466,-0.04714059095716941,-0.3277389432877271,0.9635356518709791,203.0972563432836
2021-08-23 11:00:00,0.04914207887331599,0.05400363322134266,0.05294822292388681,0.053814224926619594,-0.013765106273776629,-0.186529018016296,-0.1891800460378056,-0.20119551074842193,-0.11779541358260578,-0.11775503778705902,-0.14555953027590374,-0.15538588877941986,-0.24415967853094997,-0.19211235228888857,-0.24505513729289066,-0.23722258312699232,-0.12599443843881009,-0.15891684871322492,-0.16652283921846553,-0.17059056438667422,-0.16261871001463044,-0.18923337730334958,-0.0465296683253939,-0.04618589172196836,-0.051867096500537266,-0.05148156584629686,0.08008038269409679,-0.03111633074106856,-0.28290650242556525,-0.18299309773905295,-0.1752816565786306,-0.17388230740717023,0.010296821682168026,0.010275735821829017,0.011413818030055051,-0.017266236433825466,-0.017266236433825466,-0.03992128781835103,-0.2656824413192995,0.9498444994953901,203.454453649635
2021-08-23 12:00:00,-0.24316200806710175,-0.24797721037045306,-0.24347946090188102,-0.24705501382696232,-0.3111183857804446,-0.45106034575964526,-0.44836242033501933,-0.4460451485862482,-0.33465665744168543,-0.3346119327755311,-0.34543877259400385,-0.452621855459785,-0.45526924188800555,-0.4140774245626185,-0.449295678269637,-0.4524754749684596,-0.37379644879131535,-0.48512707617616024,-0.5231904630444595,-0.5300178135192978,-0.5200815338715409,-0.5030573944502281,-0.33433634428095893,-0.3347824522281606,-0.3417942938636099,-0.342906631413038,-0.1418667061560921,-0.29102129012850425,-0.5073014098273104,-0.43352299924271426,-0.43788122382044303,-0.43644441470606604,-0.275294431618122,-0.27599021898063647,-0.2721587736652988,-0.2448365438277706,-0.2448365438277706,-0.41815248617545037,-0.44350003100032914,0.476857203769485,185.56658897058824
2021-08-23 13:00:00,-0.25991067598586204,-0.26748677748110733,-0.2606541430489968,-0.26219793528308794,-0.2160948448584649,-0.5027869489252383,-0.4912213679312404,-0.4843581035845687,-0.36939834237127506,-0.36907618905841705,-0.3640184046756727,-0.49772269468048536,-0.48258784509944697,-0.43921216649326755,-0.47838595883655355,-0.47812780458237164,-0.39815016552849186,-0.5455452879014637,-0.5525896789429936,-0.555307571956203,-0.5340737389828707,-0.5349978201929675,-0.34844360273920033,-0.34731833037132986,-0.35665378708216794,-0.3541637163370298,-0.19630539450762874,-0.31626147967079277,-0.5381638245873782,-0.4568901262468434,-0.4665657059524234,-0.4627335976878137,-0.2986070824470229,-0.29738298243424965,-0.29270431684819526,-0.27012213353820935,-0.27012213353820935,-0.37570457350173225,-0.46141207398402057,0.08784675555356335,184.15295294117647
2021-08-23 14:00:00,-0.06382263871979624,-0.062321082794176336,-0.06319800887655014,-0.06402752419992752,-0.1347859109790726,-0.335322086343432,-0.33030954452422834,-0.3311827629734827,-0.239856363620399,-0.23928463156923396,-0.2503124847364866,-0.3130497141411806,-0.36937710292736,-0.31268263370755217,-0.3603716868481282,-0.3664682280172456,-0.2554238518882397,-0.36806569254246796,-0.3748871454072938,-0.3750927217301415,-0.3662680421216579,-0.35414581298476977,-0.16792457870897406,-0.16810383948238303,-0.18544987862638374,-0.17481776293120652,-0.05204941518224381,-0.15415578279234254,-0.4130711734307271,-0.3144262573134901,-0.31310803304064005,-0.3110379033744219,-0.11536015631343242,-0.11552184391895964,-0.11299315114076092,-0.017266236433825466,-0.017266236433825466,-0.1600137406143763,-0.3624755245111131,0.315257924427654,196.379075
2021-08-23 15:00:00,0.11737613377144862,0.11671787415836325,0.11613496981671913,0.11896393304041218,0.026015374110961158,-0.14140477399428034,-0.13798709453356614,-0.14673996591834407,-0.033741975883851465,-0.03366998838408751,-0.04180141722627864,-0.08332597095017036,-0.15994353822484078,-0.09660693725449315,-0.14999920516629403,-0.15552146649065293,-0.03264143406652328,-0.1719284767126319,-0.17018065469639382,-0.17613408048953189,-0.17540388544497165,-0.10773718834382055,0.12761482680178027,0.12880512416126072,0.12877307373569025,0.12855353094280267,0.0996104537489888,0.13201675212717223,-0.19393490274489172,-0.07588750830098412,-0.07596132373869478,-0.07104234568447372,0.19457887549934544,0.19363621026119687,0.19697264109006127,0.18501848124968182,0.18501848124968182,0.03264870786810154,0.03988735283321713,0.3890916326025661,207.18286691729324
2021-08-23 16:00:00,0.2078458108453545,0.21209193612715443,0.2113193027131024,0.21163518871383977,0.18777736754025734,-0.023092766557776586,-0.018974775593180514,-0.0288928338843122,0.10364619026994062,0.10357938501345401,0.0982799376481053,0.12335513175191,-0.009112257004039257,0.05769403855563555,0.0001793132880788506,-0.00555513392613656,0.11682762681129348,0.07067476961502257,0.05311313308110163,0.06562205708034469,0.07019705417682912,0.10368421422247939,0.3586514607077582,0.3601051415389224,0.36056724327671913,0.36119677844257125,0.21060587786830984,0.35587410445429335,-0.020945959149899995,0.09296657063152926,0.08602109055348264,0.09029966664406214,0.44071953066335007,0.44010632722044507,0.43707372368645214,0.4378743783540657,0.4378743783540657,0.16227413405855992,0.26517186439041446,0.49132721652701156,212.76716176470586
2021-08-23 17:00:00,0.2387049393923195,0.23963674885180503,0.23949122142985727,0.2396452641798683,0.21773296907236156,0.22966515528611495,0.23353073027953866,0.2287509359753166,0.37739838340634546,0.3773148033704866,0.3617682231125263,0.12335513175191,0.2860951148779617,0.34522453656099006,0.29129296809942473,0.29420409694408484,0.40652855413512706,0.2663662554966491,0.2628531523560941,0.2619535316490667,0.267282439750011,0.10368421422247939,0.5804073760135409,0.5810857054705135,0.5868658541118182,0.583931663358628,0.4345021058369219,0.577450321270743,0.2878601264948427,0.39893125218726694,0.4006049369934722,0.4043254608883075,0.6404951359391753,0.6489293530450319,0.6459392244758483,0.5895879166166955,0.5895879166166955,0.193283327106167,0.6281832448628264,0.6450624397591339,214.40204264705883
2021-08-23 18:00:00,0.2615923209329658,0.26419209697147766,0.26351653476288195,0.2632964038841322,0.21773296907236156,0.2634380021590411,0.2638431894961332,0.2551450915372428,0.393095188634897,0.39312569902928846,0.38658468816951097,0.31295456036327535,0.27598881791569746,0.3629328802228641,0.2813098265442694,0.2829143163102854,0.44172670967385946,0.29855360718095325,0.29641217127951597,0.2958605487731897,0.2981036844850602,0.3037980817434723,0.6104798573860029,0.6139811517428773,0.6129986472732571,0.6128655715984845,0.46586192239430907,0.6070354963161971,0.27486318247884567,0.44495593968688585,0.4350314921953196,0.43927017658952966,0.694449280435506,0.692490150872264,0.6917029164477038,0.6907302754584496,0.6907302754584496,0.2229686404854661,0.7658250657442234,0.6709895765873809,215.87400516605166
2021-08-23 19:00:00,0.287942311223068,0.2892159669131704,0.2899270222399233,0.2892174718965687,0.267579857890393,0.23294218129562644,0.2269519688286715,0.20808928498091697,0.2119220769970512,0.21194249500225146,0.18327165948707697,0.2700219305979275,0.03882167617869125,0.1013039606153306,0.041708047716644034,0.04593049075165739,0.17344697741650777,0.31649687080228783,0.3144818135778112,0.28428126572115087,0.31550112347357645,0.2748895511311662,0.6506946842925712,0.6522730840085749,0.656374602630135,0.6555069751827729,0.4780516232207165,0.635307768058918,0.022245731913016892,0.14276178216518445,0.1415550317748706,0.14896466004942505,0.7301487537867081,0.7411517943528202,0.7263747492681278,0.7918726343002037,0.7918726343002037,0.2518723793433298,0.7672202355390025,0.6779050483259924,217.35981194029853
2021-08-23 20:00:00,0.18073091217343132,0.18287360282241982,0.18256052532665507,0.18148049246583228,0.12714716023303962,-0.0056325964405625414,0.004235102836020138,-0.0003355261663721798,-0.13597015180696448,-0.13589916565091104,-0.14552240439806963,0.036438105299071585,-0.30852153047146247,-0.2603748215099683,-0.30795300051214874,-0.30173514405134166,-0.19959817464602683,0.04493578016481033,0.04665967731837811,-0.003481701797483096,0.03737792003648696,0.013868241038072248,0.6351647398801051,0.6271395118090489,0.6373760126523949,0.6405720252798824,0.18234588428813026,0.6154692464485965,-0.3470270049752064,-0.25670470696962,-0.25458436266956586,-0.2520486859270443,0.7668757348828349,0.7659471110057394,0.7541464182848192,0.7918726343002037,0.7918726343002037,0.13550428287799912,0.16467517915047575,0.4825966255804032,211.04242472324722
2021-08-23 21:00:00,0.21843881756915556,0.21876300299502646,0.21995587380166592,0.21871255393816977,0.19496653739236935,0.07660074835664725,0.07769301022927053,0.07095800218858092,0.028601851899553752,0.027300616597600098,0.01960915935591519,0.12436540665974151,-0.08336268655712625,-0.027279876580844152,-0.07913070421826725,-0.07663416723592914,0.029800148632037192,0.1574772059845424,0.09393212055093354,0.09290775409270792,0.15701007721499552,0.09579005305532311,0.42291284916761496,0.4268219759441194,0.42551638537359227,0.4252314430865989,0.1907840501643501,0.42079536709557963,-0.1087511065004361,-0.0068306152794683035,-0.010571961587012119,-0.008662015140792808,0.49679025732526233,0.4963316368040645,0.49676324800886235,0.5895879166166955,0.5895879166166955,0.16588248094302568,0.2336873004595939,0.5224895577101928,213.2111674074074
2021-08-23 22:00:00,0.17517601509950884,0.17561543605834337,0.1771156227116498,0.17725089638865144,0.1576623750999127,0.03817664618686697,0.04143577295379577,0.03439958698531696,0.024583947047246226,0.02434937887040216,0.018868447145503026,0.1003119613521977,-0.09836685242706708,-0.039578202127164605,-0.09091783146000101,-0.08574802768648869,0.028302444042377604,0.08374325092415086,0.08645632622848266,0.08542732302268033,0.0789295905528724,0.0812833538967903,0.3434678684478512,0.3468324004193989,0.3433210159026814,0.3342195952035859,0.19116285467888822,0.3360703761406077,-0.11668119385410668,-0.01475003767335171,-0.015337764637470353,-0.012010119781585393,0.40976472899999067,0.41154034530168965,0.4116140175250195,0.3873031989331891,0.3873031989331891,0.13617554261890422,0.2521162676132367,0.4921525553179067,210.69640185185185
2021-08-23 23:00:00,0.12376703804346274,0.12329407164059974,0.1240323612003856,0.12271224234963511,0.06541401437829565,0.0050361889090657615,0.0054002309784491765,0.0036957293607998965,0.011934980947029808,0.011982016620762079,0.0033273182132632475,0.027948139688884967,-0.1103109961890479,-0.04354706539680215,-0.10004491705467505,-0.10059786428775791,0.023770008609990383,-0.001404305290581438,-0.0009354894583096013,-0.004386159817990764,-0.004857868991057963,0.0026675312280145984,0.18858078086622315,0.2018314936957098,0.19914344395752342,0.19862494276236178,0.14969518792023614,0.1998959368520057,-0.1402457535050383,-0.014397526184148175,-0.015890243622450957,-0.011941826393813686,0.23934076315287414,0.23962527314330107,0.2374454444649769,0.286160840091435,0.286160840091435,0.04443737185503598,0.19951709883917024,0.4752499491123003,207.60141660516604
2021-08-24 00:00:00,0.13586337587651898,0.11516726414568744,0.11626189624196352,0.11828088427966058,0.1322217657077115,0.11280016763624748,0.13181683473145855,0.14819225823848006,0.1965235006693295,0.195504950530675,0.21821147545735317,0.1768623431567766,0.09127348705562015,0.1539302102780783,0.10345198031584174,0.10038457779679603,0.21558807734397084,0.16902193309946123,0.1569349045017903,0.15571505785818562,0.15273007200197056,0.16198674300832955,-0.04327065407409274,-0.03633924895944498,-0.04154102067153158,-0.04413752593190982,0.25915473162878766,-0.015355933845606615,0.07489565400445758,0.1991989477821199,0.19883045591956203,0.20194255966083766,-0.08390908993056335,-0.08300173753022907,-0.08189918357533929,-0.1015515354686198,-0.1015515354686198,-0.024488087417511413,0.5094702755790449,0.4095426023649066,206.97899592592591
2021-08-24 01:00:00,-0.2819771429639766,-0.2846810833209925,-0.28321358403661856,-0.28462370542000043,-0.2697082787886181,-0.26079563430839475,-0.25925279593311173,-0.2702124288896973,-0.14916793180858826,-0.14852253747820643,-0.14952679913732483,-0.21562084748553412,-0.22741647469782966,-0.1806069664464974,-0.22344654961887064,-0.2225785548894537,-0.13286713836270803,-0.23373520584954835,-0.22490655961295772,-0.24486126404339645,-0.23442062871344366,-0.2397947119473872,-0.375078864516453,-0.37687649543398705,-0.38673517615300645,-0.3881701675583078,-0.08394138858719206,-0.33633200836775756,-0.26468524422192674,-0.17693140611433283,-0.18443063299587217,-0.1785892752349634,-0.37827408761491044,-0.37740902833604345,-0.3744668821675386,-0.37126449237996256,-0.37126449237996256,-0.4414645459881679,-0.18538549704257343,0.15804011158420667,183.26964254545456
2021-08-24 02:00:00,-0.5658807905778669,-0.5690203862870443,-0.5676556079653641,-0.5664451533259277,-0.6481078212764703,-0.553960177790977,-0.5449490848868668,-0.5437823090313917,-0.38428501403624593,-0.3836434772542209,-0.3938232787534029,-0.5772367350168108,-0.4532459214977063,-0.424028953649411,-0.4545834268278888,-0.45128645000543843,-0.3762927105204565,-0.624833911064198,-0.6474213837843734,-0.6277846123516135,-0.6288200378924093,-0.6338360913501423,-0.7701196987848238,-0.7692443588076792,-0.7799167460173962,-0.7811941064351907,-0.28299399171033374,-0.7073058257937226,-0.5043684788845801,-0.45061413525654326,-0.4455175653471128,-0.4389974448778625,-0.7898332893159848,-0.775178181587771,-0.8040067083716715,-0.37126449237996256,-0.37126449237996256,-0.7609067746184073,-0.15651140533872063,-0.4590379296615712,166.15618880866427
2021-08-24 03:00:00,-0.622326101585093,-0.616233701812356,-0.6158929118181041,-0.6167821604407663,-0.6394210894922442,-0.5588391760692413,-0.5579963877797572,-0.5650181840296712,-0.4056983851038283,-0.40556321157646424,-0.4173701969254083,-0.5956304682062882,-0.4985460585339898,-0.47668106419695394,-0.5030715632366978,-0.4948692611881925,-0.43646612430845066,-0.6497159116773604,-0.6509707788143161,-0.6580302845312423,-0.6521081981292481,-0.649836386271678,-0.8150999059658557,-0.8152345066433092,-0.8293507969821536,-0.8275546513595348,-0.23225266831979438,-0.7682875242271142,-0.5498148122400013,-0.5129938546008552,-0.5109390335559568,-0.5045804569407085,-0.8437232563209505,-0.8439671286895959,-0.8412948802279594,-0.8264051071678538,-0.8264051071678538,-0.8497064913849476,-0.4400913091379099,-0.07016137990979306,163.45610652173912
2021-08-24 04:00:00,-0.6598544026469618,-0.6566170442214486,-0.6563747924982977,-0.6576719887293537,-0.7034667850982393,-0.6072336616241087,-0.6049282354400093,-0.6089975086353804,-0.3633184073791762,-0.3628993370732482,-0.3763628904478585,-0.6087690761605365,-0.44660264909746605,-0.39339660359834483,-0.4390689837424133,-0.44115689202696645,-0.33877709441208315,-0.6816758501227834,-0.6931776608094604,-0.6693330468494896,-0.6630672619431862,-0.6671166264857162,-0.8172292881143194,-0.8257313512269707,-0.8338885640060959,-0.8403774140081766,-0.2929147052677132,-0.7657644665757731,-0.4929462026729255,-0.4036074569443652,-0.404637619959015,-0.3993501039755494,-0.8262470028939451,-0.8286306028166402,-0.8222734828315528,-0.7252627483261005,-0.7252627483261005,-0.8894747898748508,-0.43194190620185363,-0.28594457625121106,161.09177259259258
2021-08-24 05:00:00,-0.5187436690335295,-0.5156576913882608,-0.5171710892871658,-0.5181476284314976,-0.5568038807721056,-0.5618356149367618,-0.5564147893941516,-0.5613902806134345,-0.35113938004707645,-0.35087577899443767,-0.36389676773956076,-0.5651086669257855,-0.42866412415097666,-0.3771203886001459,-0.420255245140742,-0.42205430211094885,-0.3267915748966202,-0.6015945521828352,-0.611862494007258,-0.615341288173548,-0.6135242732171782,-0.6208218693657607,-0.7595925428437912,-0.7576666813538024,-0.7704895976697439,-0.7715485892236889,-0.2928757993097987,-0.7144744357426532,-0.47190713760451003,-0.38760528550764656,-0.39216120031933455,-0.3891136667131817,-0.777913276581876,-0.777130682786828,-0.7763455113114723,-0.8264051071678538,-0.8264051071678538,-0.7152458394116308,-0.39469219788325727,-0.234844012885733,169.5018274074074
2021-08-24 06:00:00,-0.4027131774045188,-0.3959740784520766,-0.39587139550140116,-0.3967557717017056,-0.4094202270470345,-0.4154838129833287,-0.410891883431478,-0.41968412092731827,-0.2603470554626999,-0.26003860132625656,-0.26129074419429055,-0.45959548136435535,-0.36367312907074456,-0.3021465862708012,-0.36328280189678364,-0.3606681286748066,-0.23058075078345228,-0.49722635816852656,-0.49850540501570123,-0.498187816007039,-0.49503327120347884,-0.47350986995691485,-0.7162311775220157,-0.7157893720883548,-0.7340976900600599,-0.7334804499314191,-0.15803642206677102,-0.6692659832172969,-0.40695252675969146,-0.29160947565170753,-0.28978334565709424,-0.2842858560036355,-0.7390922695529424,-0.7393599367496851,-0.7288675139363668,-0.8264051071678538,-0.8264051071678538,-0.5808174320244825,-0.22366348786373863,-0.25738396501558863,176.6926
2021-08-24 07:00:00,-0.58615053588862,-0.5811798403771088,-0.5810679947240531,-0.5835626512891714,-0.5817264526031566,-0.5793497821459659,-0.5741745972747695,-0.5722222919475088,-0.3515310149316133,-0.35200291643350673,-0.36263734281303345,-0.6265571213250197,-0.42093327329578467,-0.36439906202174355,-0.41230740765041357,-0.41398933534735965,-0.31076309607536423,-0.6830445187473186,-0.6922743168636474,-0.69215204412186,-0.6822447258242558,-0.685464000463398,-0.7717136022763696,-0.7737900978922855,-0.7875881217501561,-0.7868203229288102,-0.3226788040883217,-0.7236586752124529,-0.4670152289397405,-0.36890589697897386,-0.37253623568296634,-0.3686260423755907,-0.7787448213623902,-0.7781230174255362,-0.7733131343197278,-0.8264051071678538,-0.8264051071678538,-0.7898530540256856,-0.4528822999506428,-0.452425354360884,165.49814407407408
2021-08-24 08:00:00,-0.7787722973693513,-0.7744542756497409,-0.7761309412569223,-0.775145460272818,-0.8168834218713574,-0.9769819539931741,-0.9741897865374349,-0.9751738731830359,-0.8567059475120554,-0.8587821698831759,-0.8791552674385552,-1.0276385118549494,-0.8485907278937462,-0.8148064838888391,-0.8335477571536171,-0.8396784385956281,-0.8040191020267022,-1.09491697449193,-1.070065297373442,-1.0639341807847185,-1.1046121925618069,-1.1292132312170466,-0.6253537401361425,-0.6076188138084719,-0.6508893301492676,-0.6299658120478879,-0.97678539354042,-0.5661554910528283,-0.9219575750959838,-0.8918340038804264,-0.9025502284101268,-0.8995486643934812,-0.5138186880837285,-0.5001033110711693,-0.4878697065942355,-0.4976924409321545,-0.4976924409321545,-1.010853919429311,-0.8224593487514316,-1.0613454401752542,154.08223043478262
2021-08-24 09:00:00,-0.8539758609451841,-0.8475702617785885,-0.8504469971161469,-0.8491626738976535,-0.9119588188552464,-1.0479926091418288,-1.0497657659603004,-1.0576181187736307,-0.9879425139522824,-0.9883664869826226,-1.025959209897245,-1.0575028263314175,-0.9622993502224023,-0.9432385827328278,-0.9550174670941592,-0.9578941652480998,-0.9188224891381559,-1.1370912084845373,-1.1509066287509522,-1.14983003864401,-1.1813232451438485,-1.106811811596932,-0.9288061132309334,-0.9175545674754718,-0.9459319639330409,-0.9314413380427624,-1.1126352068460763,-0.8615417138894096,-1.0442556509498722,-1.0355845080242891,-1.0285930992762513,-1.0197019196765436,-0.8500244092646263,-0.8537960749171686,-0.8448942129179096,-0.8011195174574158,-0.8011195174574158,-1.1201285394724128,-0.8484489331864692,-1.25436155624,149.694912267658
2021-08-24 10:00:00,-0.8517911955980694,-0.8465602379219986,-0.8492823874088251,-0.8478781189455159,-0.9119588188552464,-1.0135395024546956,-1.0140293567602043,-1.0200582702821244,-0.9379038243454022,-0.9379020887238428,-0.9682481385876,-0.9907992466969543,-0.9225819337669727,-0.8858410713268712,-0.9106002850585458,-0.9157275818159903,-0.8586720124608269,-1.0396165081966369,-1.0620627685988813,-1.063289106831492,-1.0628315847483794,-1.0722507718744294,-1.0373919075639109,-1.0346484964721605,-1.0552632719435406,-1.0541686604569749,-1.0755058779920936,-0.97682899163702,-1.0041770322145542,-0.9564659003052158,-0.9609472069510021,-0.9568383644305837,-1.0017765284770161,-1.0022471842368825,-0.9969181599510726,-0.9401902608648263,-0.9401902608648263,-1.119613891112819,-0.8676290620628804,-1.321853125959512,149.77157490636702
2021-08-24 11:00:00,-0.8004400894431517,-0.7982245700135544,-0.7995164734092906,-0.7987094390820313,-0.756798517620285,-1.0081538898094902,-1.010399255613962,-1.0097308426036267,-0.9473749575298744,-0.9474906467698063,-0.9275839807124056,-0.8959324986772196,-0.9005173668308601,-0.8789818216257611,-0.8995851974848501,-0.8967272236669429,-0.8503880389047603,-0.9596428525230938,-0.9702071980052498,-0.9712937351823296,-0.9593328733162021,-0.9734031258773618,-0.9893262040027453,-0.9878728488564502,-1.0091821432161912,-1.0087651010154755,-1.0892246138262858,-0.9217768838294372,-0.9882365642329572,-0.9523817205499476,-0.9525496917361761,-0.9466199286578505,-0.9380450428864858,-0.9375917745100076,-0.9337428940075531,-0.8516906968782925,-0.8516906968782925,-0.9594041524833937,-0.7790283731769952,-1.2057162712432106,152.4473789090909
2021-08-24 12:00:00,-0.8272205129493484,-0.8213952247158244,-0.824576452300054,-0.8228579251783514,-0.8074391033551124,-1.0169209456835895,-1.02131891703966,-1.0079767395409183,-0.8849991163368716,-0.8843178005954916,-0.911241473639795,-0.9059904324435987,-0.8435678101374684,-0.8244794320882705,-0.8329464651677408,-0.8379226663614427,-0.807090039375531,-0.9585015971374405,-1.0069658655459994,-1.0090389799527624,-0.9648884183910776,-0.9927967666100053,-1.0472991741699096,-1.0455258925696367,-1.065653767609387,-1.064793574540732,-1.0889694465965662,-0.9899468100392818,-0.9248373114348208,-0.9030963900214051,-0.9034171839028654,-0.901894065975918,-1.0124130698483889,-1.0161595261001524,-1.0175744938002176,-1.0792610042722377,-1.0792610042722377,-1.0059425990453879,-0.6170636907045409,-1.2799094053088642,151.13305942028984
2021-08-24 13:00:00,-0.7216122202598071,-0.7141588261642794,-0.7218950667490386,-0.7225143414117206,-0.7418632534141322,-0.9524987791476419,-0.9610879740709146,-0.9739443584758971,-0.8688858950667129,-0.8668330031554592,-0.9212799982023833,-0.9107554280553023,-0.8434401321301943,-0.8120375185713312,-0.8296946825741025,-0.8360265458019827,-0.7910077668424246,-1.044790957322394,-1.0115493242835365,-1.0214388759237405,-1.0517209933726956,-0.9883278743149393,-0.9026063957959027,-0.9038268958172184,-0.9172445195643604,-0.9171910145837759,-1.0491348589603007,-0.858482078366516,-0.9187501583833535,-0.8818644872682998,-0.8832076920794539,-0.8807942508687305,-0.857287657890125,-0.8577609524271748,-0.8497967494945948,-0.7884767226021965,-0.7884767226021965,-0.9302038673432431,-0.5553341153031889,-1.289532213990643,157.15828981818183
2021-08-24 14:00:00,-0.8127278542292645,-0.8020715731584829,-0.8052535926826893,-0.8040120642366994,-0.7275418823613085,-1.1336423618037408,-1.128325117213209,-1.138994044805335,-0.9762105883080878,-0.9774372285483793,-1.0039491788995674,-1.1101501370565616,-0.9366067434547005,-0.9079742679276916,-0.9304148351081815,-0.9257915181320389,-0.8828301411596645,-1.193580221782206,-1.2039242406328579,-1.2063694648992977,-1.1986330268571344,-1.1996155356017681,-1.0253965020591949,-1.0220668831988153,-1.041013409906656,-1.0417330593491512,-1.1898698809629271,-0.9723316756337473,-1.0258217907272142,-0.9814402059603562,-0.9842716603653037,-0.9806790916324034,-0.9859677782439126,-0.9910729042314507,-0.9778638694777014,-1.0413326197065804,-1.0413326197065804,-1.0394652766991923,-0.8893161536781979,-1.234569445273199,152.37669779411763
2021-08-24 15:00:00,-0.6338385604296161,-0.6321160189578083,-0.6342963826773276,-0.6361062505657745,-0.7137710582847413,-0.556049125335157,-0.5494693760408057,-0.5621114137255957,-0.4766376640457652,-0.4748627541051611,-0.478110823975815,-0.49294753613697884,-0.592106746428508,-0.5359751512065027,-0.5776519534884008,-0.580680244377701,-0.4985861713911724,-0.5544098659273525,-0.558039481872093,-0.5681528022274948,-0.5517446009275212,-0.5469520793672322,-0.8355573065331996,-0.8563169356719198,-0.851351280565587,-0.8511810171918694,-0.29246560581450426,-0.7681836879824676,-0.654082866692919,-0.5584616472204045,-0.5632488241609735,-0.5636877715941074,-0.8148330431381131,-0.8296589191706734,-0.8254670591299934,-0.674691568905224,-0.674691568905224,-0.8327022428043225,-0.5637746365348228,0.01746989363244344,162.44290698529412
2021-08-24 16:00:00,-0.2763913047463695,-0.2722921325212964,-0.2662702866367188,-0.2675619136241459,-0.29175483364763843,-0.26778354632339063,-0.2609682925604784,-0.2692890853864721,-0.15053296340478756,-0.15138509381037238,-0.13888001995404492,-0.33382868174719715,-0.30914720583013094,-0.24455570692754836,-0.2948943361659847,-0.29899752619545517,-0.18791268836318323,-0.3761076060264915,-0.3723612853284228,-0.37917040180612815,-0.37357410461524526,-0.37974639671811083,-0.1909577563983498,-0.19046639449653438,-0.19772668520060668,-0.19746744096033547,0.0774775132345399,-0.23911914924986022,-0.3571381648335964,-0.22668558191082153,-0.23209409029766823,-0.23442133171619275,-0.26300451285761933,-0.26243406474025827,-0.2670349428736508,-0.42183567180084003,-0.42183567180084003,-0.4305151465504579,0.0069441987035325815,0.6518750458895434,184.19623639705884
2021-08-24 17:00:00,0.0534287658927451,0.0519907890090843,0.05222980409429975,0.05076958462170384,0.030808444871691033,0.22811327007014282,0.2291444448025851,0.2225702239212987,0.392597246131546,0.39239156379795465,0.3839184220657246,0.23735801796813671,0.238700118051407,0.3334429508054422,0.2537640799854736,0.2529843514419466,0.41771521438996095,0.20724240412265008,0.2339738363059129,0.23176161563220635,0.20860805500155852,0.22635426054310037,0.22617366121438282,0.20053335951877868,0.22720477086250748,0.22690007108376484,0.5332523795969064,0.2039758133127025,0.23167159235459858,0.41209866179737203,0.4186349877417389,0.420152257390818,0.20575085919501693,0.18841332822505885,0.19827706902048803,0.23558966067055842,0.23558966067055842,-0.04883890052642511,0.8871151153457473,1.1984049675693362,203.25373834586466
2021-08-24 18:00:00,0.05222384190887861,0.05291723229554731,0.052196346352026246,0.05275604506887994,-0.007055330755533465,-0.011817823142495784,-0.01441728900208575,-0.025466723971884975,0.10050838460901684,0.10385324868928618,0.06399213545090712,0.026583751900298557,-0.11115165258469029,-0.023903337319858782,-0.09816372147290327,-0.10000490173653515,0.03836836180980198,0.0224888965753619,0.0045497533753521,0.0018460841928464508,0.024136266579452465,0.0028273496100699306,0.2646826784514564,0.25755878259100057,0.26693395552717897,0.25856283096226723,0.3592238956339466,0.2644585230610855,-0.14355010616707967,0.022889653747294778,0.0174299359435808,0.0149146456237807,0.30680326775714,0.31715525824771373,0.31098349311524925,0.31144642980187287,0.31144642980187287,-0.03988607901372288,0.4818152247665998,1.0137921540028028,203.33475766423356
2021-08-24 19:00:00,0.10930200576139257,0.11047727790465188,0.10956818168699947,0.10970402473680325,0.08832442142248292,-0.07987486739775986,-0.07838669726978445,-0.08182265586363775,-0.005607283434336265,-0.005609268056008871,-0.013194078466612604,0.023097071425708802,-0.19852622298795505,-0.12875127479721205,-0.19389280682783047,-0.18996110319260281,-0.06201593901255845,-0.011676950287216537,-0.014003889645813901,-0.0021898607835411418,-0.012164709572192206,0.0010659916409129424,0.1932749918496911,0.19932078418532642,0.19611995178979078,0.19621416684304768,0.3262278022695993,0.19547211415685917,-0.23032122161926313,-0.09853077270006741,-0.09357646379523073,-0.09538720968552047,0.2601460008108277,0.2555728711161494,0.25589295058666245,0.31144642980187287,0.31144642980187287,0.035884405163475096,0.4201893273853793,1.0449285160569897,206.7276877777778
2021-08-24 20:00:00,0.028778581687859767,0.027282385086741072,0.02871799563930021,0.026944162808913437,0.047631922548920506,-0.18807829468386864,-0.1885831563377493,-0.19868596161258045,-0.13911301057955427,-0.13818367243991228,-0.14955477005238424,-0.12324653483374302,-0.30448932738826673,-0.23943110046532212,-0.2975236533835773,-0.29185321787387075,-0.18387347046199495,-0.11565776380276667,-0.14906801316739976,-0.1460265981306544,-0.12951437686241818,-0.15467205793363414,0.2583640664686069,0.2589044944878297,0.24167452114896856,0.24114854288949472,0.14172845782736848,0.25322572470038823,-0.342490849591452,-0.2271139165644142,-0.22556274005830698,-0.2215389444333159,0.363235410234904,0.3622729910676365,0.3606212531759358,0.286160840091435,0.286160840091435,-0.05931830794704834,-0.027251060774126003,0.8171701088909318,201.7757879120879
2021-08-24 21:00:00,-0.044808631214983616,-0.04238117183273275,-0.042026948178623014,-0.04224560499861069,-0.08182479140461583,-0.23356425040220444,-0.2305416761477702,-0.24579912922087024,-0.1534663049673926,-0.15348878021448412,-0.17856022362162877,-0.11152368951849445,-0.3083964316267229,-0.2422742688066795,-0.2999302459875315,-0.2995077455537677,-0.1985985741879898,-0.08865226214874808,-0.12122544876863844,-0.11982382476174247,-0.09720848123766594,-0.1433219046531129,0.14512292811364352,0.1464281709783163,0.15244966265816967,0.15149666408796958,0.07200140055885469,0.1563085309402856,-0.3456784876786366,-0.23184526974319447,-0.23394705785910833,-0.2338423008881085,0.25360941706107665,0.24964508330248353,0.2491671526122426,0.286160840091435,0.286160840091435,-0.15626254949936624,-0.09762364655342702,0.5376106011881915,197.61575627240146
2021-08-24 22:00:00,-0.06419000461981737,-0.06290117325442833,-0.06423457499765096,-0.06430177126311976,-0.09748174868661598,-0.30913144147612553,-0.30275280033601887,-0.3028313624638056,-0.22181231227821513,-0.22167005139971963,-0.22882320683879784,-0.21461083753309415,-0.34161704375558477,-0.27942796988499435,-0.3306948979101308,-0.3326679169670703,-0.232435979435114,-0.24366538446210412,-0.2504196815826256,-0.23824121376225307,-0.24115587421307444,-0.2539823336362363,0.05839807074634757,0.05913772544102516,0.05452831776769454,0.05592607142847122,-0.07446301414821356,0.07192450048547781,-0.38380735109630154,-0.27401477684989384,-0.2726543075319107,-0.2748114125002387,0.15184034972592664,0.15219814143889143,0.15246842565460406,0.10916171211836648,0.10916171211836648,-0.16604415986436127,0.09128364446632811,-0.36212090992842094,196.41300362318842
2021-08-24 23:00:00,-0.1748088589245965,-0.16578199570372765,-0.16482126009774756,-0.16412323529371758,-0.21962143103026263,-0.412775875320372,-0.4106081402488652,-0.4187313614862095,-0.2725235518723701,-0.2727934812972874,-0.285007389051959,-0.2879849341042384,-0.3972033494780412,-0.337439634302192,-0.39049152130355075,-0.39179412824728715,-0.29175267538116373,-0.31095037883251103,-0.4061655846188457,-0.40626520094913104,-0.31010460573542425,-0.3298243356022931,-0.21310194186156045,-0.20042102598502246,-0.21088013285347001,-0.20930525177695386,-0.1044535646343729,-0.16881031893620688,-0.4432776797916632,-0.33374753841367827,-0.3373114823569398,-0.3373630061392021,-0.13703854786716418,-0.13616464605384446,-0.1276305494830156,-0.21955095411733275,-0.21955095411733275,-0.3023589128051971,0.29360269357187646,-0.4264698330727828,190.37844832713756
2021-08-25 00:00:00,-0.29937231750716253,-0.29551096912496855,-0.2966578609793707,-0.2965365151448586,-0.21962143103026263,-0.48027438793182786,-0.47307034123025893,-0.4713145086073348,-0.3070112782647064,-0.3069416311756215,-0.3068870256553688,-0.42912375665284824,-0.43853177375144825,-0.38433727484106256,-0.4344611128757476,-0.43173338104215914,-0.33733940472407337,-0.48661094755986617,-0.4417140976144636,-0.4453912219074294,-0.46325306349504436,-0.47862993077414095,-0.37762507366806725,-0.3729178994548808,-0.38459113845998394,-0.3844757362117048,-0.09046194372341068,-0.34825632349908814,-0.48195499223558935,-0.39155771407041856,-0.3864136038332054,-0.3878185958743533,-0.35251528265980053,-0.3459250132651908,-0.34721899312366894,-0.27012213353820935,-0.27012213353820935,-0.45696735306662856,0.16359484040093186,-0.2019421237294361,182.5224188405797
2021-08-25 01:00:00,-0.4158124631120157,-0.41466297412454584,-0.4145124751834686,-0.41583919714101586,-0.3866546679450064,-0.4762110503984523,-0.4774602018379148,-0.48460418791640025,-0.31172597068853136,-0.3119846086486369,-0.3181272834528683,-0.40047201052563053,-0.44905317733335187,-0.3927121120706199,-0.4427340028576378,-0.4422945798826802,-0.34170244604017624,-0.4484311074170453,-0.4827479239381833,-0.4839793990534576,-0.48224809577313843,-0.5039108777433714,-0.41097461931707296,-0.41150218208483486,-0.42086831534008884,-0.42192765807036525,-0.10494299636361022,-0.3792225387198539,-0.4958453326216741,-0.3966756061263771,-0.38965427130885566,-0.39411979611078024,-0.37165870580622623,-0.3725787789393758,-0.3714998244152817,-0.4724068512217166,-0.4724068512217166,-0.6053226294507073,0.060836790327220065,-0.18318687541810114,175.44279325842697
2021-08-25 02:00:00,-0.6151207763168562,-0.607400885632587,-0.6072297883683679,-0.6092066308305848,-0.6756681962951574,-0.7577959124733782,-0.7619923962399214,-0.7723126726519156,-0.49300974522273294,-0.4931481591004121,-0.5249315839646964,-0.7738611908786991,-0.577209600214247,-0.521367516916589,-0.5643509310049445,-0.5729284535642571,-0.4779041613850415,-0.8666956705419201,-0.8718120368430576,-0.8832315274788343,-0.8726981719826944,-0.8849374758673201,-0.6710333609293418,-0.6709901261921397,-0.6213273173465206,-0.6823357437941973,-0.42102599837334026,-0.587977969371347,-0.6335193084235357,-0.5411409532333761,-0.539710288497638,-0.5418621478873684,-0.5643883875597625,-0.5334744755632637,-0.5608917966692939,-0.6072633296773876,-0.6072633296773876,-0.8254584048423222,-0.5835474061154832,-0.45126519654931385,163.9505742647059
2021-08-25 03:00:00,-0.7619456852637314,-0.7534706756527723,-0.7537759708282767,-0.7539748633347775,-0.7711770900119668,-0.7256210885743134,-0.7186109029156805,-0.7222996503837944,-0.6214358192731639,-0.6211863589183095,-0.6507162507000843,-0.6210489636908977,-0.7477661766803166,-0.7141836701183645,-0.7459422714527959,-0.7453124037536523,-0.682514371597802,-0.6626626499593582,-0.6752182073625194,-0.6755488677176862,-0.6672419153851121,-0.6803970726165838,-0.8453031808485597,-0.8452079028116378,-0.8601523935525398,-0.8565975134309852,-0.3747314013968489,-0.7834042330538128,-0.8206414904975862,-0.7644040601330766,-0.7604268453086606,-0.7616640768734242,-0.8156122400531535,-0.8139069698781981,-0.8093729481319811,-0.7758339277469771,-0.7758339277469771,-0.9651870544927246,-0.4353577892656703,-0.34319056085178684,155.28556799999998
2021-08-25 04:00:00,-0.7850901839135083,-0.780743088906792,-0.7802471456922729,-0.7809219870760506,-0.7711770900119668,-0.8339261148469705,-0.8337309306512795,-0.8349365547281192,-0.7242890690764286,-0.7236469992467565,-0.7397436729131309,-0.7815920592922079,-0.8590011745688955,-0.8275684400328679,-0.8513942355923817,-0.8524130443545775,-0.8026662723196313,-0.8606458799317636,-0.8671656637408226,-0.8749218687977169,-0.8687714634049929,-0.847604013678163,-0.7912695866446582,-0.7916795367128481,-0.8070259518207961,-0.8058182853364512,-0.4387942140236399,-0.7558099594362611,-0.9333239859133075,-0.8907608935281712,-0.8891961803664691,-0.8928533983211234,-0.7621766156857372,-0.7602316784913241,-0.7551871510564901,-0.7252627483261005,-0.7252627483261005,-1.038937695309956,-0.3994989936953975,-0.5056679195969503,153.74107026022304
2021-08-25 05:00:00,-0.656487246414696,-0.6567139732367139,-0.6562253235496298,-0.6562164110344775,-0.8242490269879551,-0.8061609062478315,-0.7985714815936606,-0.8005301828764722,-0.7157891040930473,-0.7153489720418477,-0.7288256898366049,-0.7777112046816674,-0.8640552044760537,-0.8351965564989053,-0.85886919919098,-0.8597213594007951,-0.8060406617125911,-0.8206400012491034,-0.8337146422987481,-0.8573984320364727,-0.820541856529346,-0.8486268513233144,-0.7323107281134117,-0.731947965339675,-0.7471047754349337,-0.7467794067174411,-0.39204178230220255,-0.6916627182057676,-0.9378704656892454,-0.9000282598060761,-0.8938341323312486,-0.8949980669634833,-0.6873414105880107,-0.6860729686936712,-0.6813903621177612,-0.7252627483261005,-0.7252627483261005,-0.884062083519252,-0.3485467634316547,-0.4552205557684898,161.20615464684016
2021-08-25 06:00:00,-0.5708390224809612,-0.5567772779300275,-0.5585976107836151,-0.5597811261080893,-0.6026549442299267,-0.7811592796903393,-0.7855593051050773,-0.7926459035043637,-0.7008831090906895,-0.7007703752207654,-0.719701045139587,-0.754061710364021,-0.847606709278328,-0.8256401421696334,-0.8466014713557591,-0.8438977639571711,-0.8036845791845639,-0.7985542857903536,-0.8259704051505967,-0.805602210496611,-0.8011928841973814,-0.8204021700049322,-0.7044962197214929,-0.7058339841114182,-0.7171457198313006,-0.7191601467493741,-0.36667319565351086,-0.6578906462470187,-0.9225381276957618,-0.8944962382807492,-0.8912229028811244,-0.8924245315039454,-0.6517487074530501,-0.6496039575608871,-0.6484376966504513,-0.7252627483261005,-0.7252627483261005,-0.7918486913656871,-0.4086749042992777,-0.3610576117035302,166.97360654545454
2021-08-25 07:00:00,-0.7788137777230906,-0.7752656587897434,-0.7744469008581633,-0.776028959994817,-0.8415033836642102,-0.760905915669626,-0.7589970316828551,-0.7605005590092918,-0.6785545390389544,-0.6789816780766063,-0.6894349114575089,-0.752789288591829,-0.8158574243941566,-0.7812114800939601,-0.8046719841033224,-0.8111484583116431,-0.7624472604628181,-0.8167023110950652,-0.8287670605553217,-0.8273994456179589,-0.8183153290914512,-0.8330959162835664,-0.7772465779135022,-0.7764730598223006,-0.7903945992732461,-0.7891293473091963,-0.4037397714906293,-0.7334139493081359,-0.8823554507264505,-0.8413584244111348,-0.8472148277927772,-0.8471343591434698,-0.7393498295514057,-0.7406566137800862,-0.7344152101211951,-0.7252627483261005,-0.7252627483261005,-1.0278039380041817,-0.37506582957882006,-0.4641622599262331,154.02424813432836
2021-08-25 08:00:00,-0.8462862036294291,-0.8413734513500755,-0.8430970922008881,-0.8431070263767289,-0.8875152923268789,-0.8469314456212479,-0.8441070736616556,-0.8456978901119393,-0.8003108762629123,-0.8001283830183435,-0.814776549178092,-0.750666201039651,-0.7815854326401059,-0.7572372987045722,-0.7799715082669058,-0.7747391579068693,-0.7340359655258173,-0.7945589942567304,-0.8097284862846821,-0.8081858501968072,-0.8007357876908434,-0.8252022584813922,-0.740953328317913,-0.7364208293704477,-0.7561179330983762,-0.7527703350524015,-0.9214709009096432,-0.6972619019528862,-0.844813644905584,-0.8161039630717392,-0.8140564420946881,-0.8182124198160555,-0.7118798231675689,-0.7220796643976831,-0.6923059891758947,-0.6072633296773876,-0.6072633296773876,-1.0984853315734464,-0.5036822978654756,-0.9009874751666617,150.02312299270073
2021-08-25 09:00:00,-0.8322158684830697,-0.8277303769264898,-0.8297673582922084,-0.8303115100473436,-0.8433227087208499,-0.8252418599758214,-0.8220827279253491,-0.8156698065023816,-0.7040876639006691,-0.7039781004443826,-0.7083831863941737,-0.6300794382997674,-0.6498124451676894,-0.5909982350375853,-0.6378715512781004,-0.6420528632918494,-0.5495024171371977,-0.6994239572778025,-0.7016313257991873,-0.7023505476266928,-0.7012796650155008,-0.6939060704194268,-0.9674224251276321,-0.974071387153574,-0.9927834377241265,-0.9909662437164432,-1.0195706064919754,-0.9200090529956186,-0.703467938929009,-0.614218677089061,-0.6165246226782685,-0.6181117223302048,-0.9783374570353464,-0.979037288522776,-0.9721025510319259,-1.0034042351409223,-1.0034042351409223,-1.0672636168340293,-0.5576133512876309,-1.212209825039685,150.85781751824817
2021-08-25 10:00:00,-0.8534859000732937,-0.8468230814147858,-0.8498539413549833,-0.8482924130441899,-0.8433227087208499,-0.8838444100522264,-0.8826553130184217,-0.8877613578877487,-0.7832554873929406,-0.7831489039976857,-0.8003444304234916,-0.6300794382997674,-0.7393432036084179,-0.6915452932905577,-0.731860590014893,-0.7335474887635417,-0.6548539595904531,-0.8211543740881014,-0.8407057168550435,-0.8404778544150675,-0.8251650432396033,-0.6939060704194268,-0.9639458828444272,-0.9555827824646751,-0.9709706689620713,-0.9717857338377963,-1.032153801940219,-0.8994495542191504,-0.8058291953137865,-0.7270874722620142,-0.7306388005344685,-0.7298985073264984,-0.9326305451960425,-0.9303007278131811,-0.9265818760241199,-0.9781186454304844,-0.9781186454304844,-1.1199198434840738,-0.5860038432557794,-1.0769338810117741,149.72897773722627
2021-08-25 11:00:00,-0.8536065492354161,-0.8478807520611817,-0.8505387279857589,-0.8489065500712244,-0.8433227087208499,-0.866851557755135,-0.8657184372958076,-0.8674142748151479,-0.7531593706658831,-0.7537001711362863,-0.7662630456558621,-0.7612784593358409,-0.6887978954980678,-0.6512106759935353,-0.6867959799842477,-0.6821092896813421,-0.6109413905571421,-0.8858710949988705,-0.8632929812112307,-0.8637276064510424,-0.8573554227902924,-0.8296825424054157,-1.0346103807703002,-1.033060173326539,-1.0473461710599496,-1.0490302588211702,-1.0430413521890307,-0.9879290887785558,-0.7526142249691999,-0.6896002962478928,-0.6849301000200978,-0.685709860333586,-1.037252007730684,-1.0379058798204401,-1.0319796864052457,-0.9528330557200456,-0.9528330557200456,-1.1200596495345145,-0.6571257055836897,-1.0268754922473633,149.69678992537314
2021-08-25 12:00:00,-0.7414512389198881,-0.7597583621411405,-0.7568084904994996,-0.7620034624850638,-0.4739713969998395,-0.7830041293067727,-0.7833200816751336,-0.7828540005207916,-0.618546770680586,-0.6170419274544555,-0.5519429866938821,-0.37813600606586045,-0.5545331105447869,-0.508534707441456,-0.5539209827428501,-0.5478499789434431,-0.45525796517533157,-0.4795573070368128,-0.40656502625444707,-0.4608907744134986,-0.47818444378742825,-0.38182697198055904,-0.816331506876764,-0.8163516509590341,-0.8345029790557935,-0.8857514746978024,-0.9750018860057417,-0.769991541462564,-0.6122975166267616,-0.5202988598594325,-0.5150815618870828,-0.5197826253678294,-0.8628213727085692,-0.8605813949128629,-0.8554304105900751,-0.7252627483260996,-0.7252627483260996,-0.7541788575607816,-0.5365117222727459,-1.0301576466800737,155.05895801526717
2021-08-25 13:00:00,0.2453377141014086,0.2631973873607554,0.2553565379213147,0.24639175680903053,0.13259495532670215,0.21431940866169238,0.19780637630442793,0.18594874626632338,0.5813251029488592,0.58961500663719,0.525589008165087,0.0832520665946646,0.6433296279735792,0.7174484529505992,0.6668390645445498,0.6608002137532982,0.7687625845895599,0.08883615659839608,0.09099048519735725,0.10100395223157149,0.08677998743946022,0.0682694115596199,0.3258326608675608,0.3258985219796492,0.32480002254818985,0.32470295654144415,0.320629857526503,0.28789548840538076,0.6532695545281206,0.7962539399227764,0.807295153212164,0.8152350397915047,0.2945283055296291,0.29349430133419385,0.29330924841118733,0.3468462553964867,0.3468462553964867,0.06088479387389393,0.5986598547285078,0.35458067377432145,215.4495925266904
2021-08-25 14:00:00,0.5690708351471985,0.5658818749737464,0.5668261139849362,0.5656276031150974,0.5600668282591519,0.6377405612195266,0.6456984307611233,0.647890430364739,0.9380463801609399,0.9382895122169143,0.9596777035196212,0.6667281922344532,0.9633852678569931,1.0245875425218962,0.9724153231333075,0.9751229546558021,1.0785929012470448,0.6762905022057965,0.6756398284667732,0.6756886849534746,0.6742231665923103,0.6776985977346501,0.8699067341831102,0.8724080073284608,0.8785228467011761,0.8787968197347182,0.6988191890189929,0.8514297007115307,1.0004958685092733,1.1208949414810012,1.1268365850293087,1.1293266340382992,0.903304088165373,0.9143649597463189,0.9010063349739874,0.8424438137210793,0.8424438137210793,0.5630147373550357,1.279081131666549,0.7197447125283378,233.73531875
2021-08-25 15:00:00,0.5511798762899223,0.5508974484135358,0.5509194687992394,0.5497273859836087,0.5416949900692898,0.5847939075699188,0.589822243682023,0.5935638057356272,0.8841568828492818,0.8839600044128907,0.8755278786217481,0.6028136390331912,0.8741407036549357,0.9193183773380559,0.8824529245842341,0.8854629825411491,0.9560661544349381,0.6046763634078426,0.591017739308808,0.5784105592701076,0.5748116663826599,0.6106879666043752,0.8659184761256357,0.8676003881535919,0.8765194514439422,0.8752269234713944,0.7549167774235478,0.8508120713722266,0.901260257353521,0.9934410921760065,0.998306094566266,0.9965249742229033,0.9216341997390939,0.9225528180743143,0.9219062367926808,0.8424438137210793,0.8424438137210793,0.5669398428755243,1.3906710526535464,0.6884304692491289,232.90531727941175
2021-08-25 16:00:00,0.9618708934445861,0.9173968102618324,0.9186963156674588,0.9174129759086466,1.2997495769608947,0.862120524896297,0.8749531888109409,0.9073852796871994,0.9908214332305342,0.9939843592714525,1.0748619481964998,1.1035875666929957,0.9311149427620817,0.9926942284136777,0.9468861982136976,0.957504267349389,1.0288307698771335,1.0883421313697275,1.142375313497679,1.1421702903280166,1.1939116260650644,1.1962450684677293,1.1881347013316965,1.1882725992079244,1.1999711092072005,1.1977624454454203,0.9517978846644963,1.1391049781326896,0.9816509555659785,1.094511833397061,1.0855775241779706,1.0730472976421122,1.2032813707637025,1.2079449745721094,1.1990494987277276,1.1458708902463408,1.1458708902463408,1.1444222589366075,1.0969553012822024,1.0417527787916148,254.84403814814814
2021-08-25 17:00:00,2.0766904759348392,2.0686659183113707,2.0692715945702718,2.0708682139513197,2.0960710344154183,2.11648206197694,2.1059220704896067,2.088236836660208,1.9854726036877761,1.9856649434666416,1.9969733589615237,2.109601558265621,1.8604927143336416,1.8914797654124256,1.8673409567353934,1.8761590670723665,1.912620375549181,2.212574823902397,2.2309086670874536,2.211431673841858,2.21588064031705,2.2015809267146405,1.4215097547990163,1.4067707571040673,1.4202738147187333,1.4217967421721867,2.2206964325383165,1.358234886201637,1.934357407211523,2.0167525921762928,2.0219219450658783,2.0230537451334243,1.2181648110378718,1.1942336346430087,1.2077587306594038,1.2470132490880939,1.2470132490880939,2.3175957991565643,1.327274248600751,1.5616880721228152,323.2266934065934
2021-08-25 18:00:00,2.1543457651490803,2.1430796792968407,2.1447639240600846,2.1448896720377504,2.1931757485758796,2.201462447683987,2.2051862535732907,2.199351667315103,1.9859862575879323,1.9859789419062444,1.997272152314369,2.2867797576886817,1.820066836457836,1.8745554150521253,1.8323921356468738,1.8332614905452393,1.918862406210827,2.4119603428964034,2.409524446687905,2.3962058203267795,2.4134802690793014,2.3873918562052596,1.5034292545490926,1.507492352441914,1.521730459973117,1.5210497751272027,2.2550443696041897,1.4650012234723042,1.8971595854583745,2.0221232099872206,2.0282358374145324,2.0313103898267206,1.2915090582567146,1.2955541593916977,1.2861346308142476,1.2470132490880939,1.2470132490880939,2.4900731390325883,1.362000806930477,1.4788928702698354,327.7591610486891
2021-08-25 19:00:00,2.142123318512345,2.131454603190633,2.133035939837664,2.1321434862675823,2.1882486699761685,2.1950715488455734,2.202999964405805,2.195660020950057,2.005283486538977,2.005210357697991,2.0188544942249385,2.2758643904246023,1.8701314489746639,1.9176311490728526,1.8876960506957947,1.8880598449255126,1.9530613016223943,2.37977254237018,2.3800102859131624,2.378822544647149,2.3819735591431104,2.4002981343655425,1.4749620698310915,1.4751597335749345,1.4888467642114926,1.4887835806075695,2.21744916365889,1.4220054071548678,1.9502371054707497,2.0532743762665655,2.068798652926948,2.0683909540212966,1.264855423564373,1.2659940017681128,1.2526569351584367,1.2470132490880939,1.2470132490880939,2.4839353187924305,1.386873860835765,1.511431366713898,327.0949811808118
2021-08-25 20:00:00,2.0005944739809913,1.998860757944096,2.0063099242854876,2.0006642667056997,1.9706798980425466,2.0517743231785084,1.9707344847348218,1.958594011005642,1.8807715545847397,1.8777823721581983,1.9248534502662498,1.9167761773283396,1.774246283984733,1.8224190609758346,1.7878159078679148,1.787173250081255,1.8521109270656366,1.9530435687257293,1.9789155458176144,1.9321989900115573,1.9525669937439283,1.9696852115794172,1.3733927386022173,1.384241093791731,1.399732137205976,1.388027753167055,2.0367808372889757,1.3487814646645648,1.84333649339657,1.9536613479828755,1.9617128238698627,1.960182204936259,1.2455679319680777,1.2477982192847308,1.2412100328730937,1.1964420696672164,1.1964420696672164,2.2287621229279506,1.3533779280771394,1.4800396133047073,319.83198634686346
2021-08-25 21:00:00,2.0595962394526532,2.051513718705292,2.0531505589131034,2.0522321444787552,2.0825581964842277,2.1292953461531927,2.131047404366005,2.1187526087059854,1.8466815311428066,1.8465211644012112,1.8572135947669814,2.1529685414477004,1.7922511436469226,1.8595370027843952,1.807550812184851,1.8109687388760867,1.9109467429043772,2.2166443581640842,2.227706428974383,2.2173975285531786,2.218757247073592,2.193784260734819,1.438675073816034,1.4380217487879605,1.4524547416576117,1.4526605583657592,1.7881035438963544,1.3870283584214154,1.8702981386518929,2.014726483292007,2.0189622560459157,2.021789174139536,1.2290584089266252,1.2300163125114332,1.2232391790288315,1.1964420696672164,1.1964420696672164,2.3252352382688666,1.65855719541596,1.5220214808367862,322.3625248120301
2021-08-25 22:00:00,2.089979732810654,2.0815418560515373,2.0848100677310324,2.084360635408671,2.131781250229281,2.1648181732966343,2.162817618053558,2.1527870551242847,1.8752555713160568,1.8742205586170464,1.884613438627527,2.255702079996788,1.8068616755942564,1.8645488187117767,1.8247555308311378,1.8252698670981726,1.9059658531355348,2.353977298066138,2.3634896038356024,2.348630064261126,2.367522318719188,2.3549101333327487,1.422377154268803,1.4228730676148484,1.4485087073617513,1.4473998199148277,1.8820842326710208,1.3765775394026019,1.877754049989065,2.0085857731154473,2.0133392961828047,2.013703327929606,1.1988401608562271,1.2033103738558155,1.1841491021160804,1.1964420696672164,1.1964420696672164,2.4143244311162126,1.6552782112837527,1.6001807040261407,324.2209132841328
2021-08-25 23:00:00,1.8508156227600783,1.8694379502615124,1.8711575081391447,1.8717908100607823,1.8367557594247492,1.892227266683419,1.8327219064996927,1.77657723267299,1.7179246972240172,1.718329723292193,1.7497395351022202,1.8829950935380129,1.6780708509825726,1.7207876503413129,1.684538959968011,1.6883905861451944,1.760591957320086,2.0059279189718717,2.0256159843507153,2.001532494169461,2.032801625751253,1.9632963713833944,1.3001140848712414,1.2987915628928806,1.3105434861373493,1.311933123098611,1.6791181957327237,1.267168713383348,1.740310999293307,1.8513918572796113,1.8603418409107644,1.8568814533684175,1.1741973642244867,1.1627849073471737,1.1538308283158707,1.1964420696672164,1.1964420696672164,2.125261871787122,1.5772442372116773,1.445815626633256,311.68451304347826
2021-08-26 00:00:00,0.2861707454208182,0.25313439709806523,0.27840340972172145,0.24156969741890502,0.7925896906114194,0.2975590790361054,0.33351393736969753,0.37647023551425524,0.24252005272456442,0.2446401368454782,0.2802971379229811,0.5526692006950149,0.1143915796478841,0.1681044630752554,0.13403432486237563,0.1232891772519149,0.1953683188557722,0.5598194012662915,0.5491341448133121,0.5486054336590603,0.5420436749601363,0.5515775769706515,0.602213484739033,0.6066321186324449,0.6068796312407695,0.607331554666998,0.4166447866280343,0.5017123400645648,0.111801454831298,0.18996118971005146,0.19635046528662092,0.17632334404101746,0.5699752392705267,0.5542370801545874,0.5939107560911617,0.640159096037573,0.640159096037573,0.24563819645959611,0.40279136117456316,0.6951424943856355,215.4124867857143
2021-08-26 01:00:00,-0.3439720195215934,-0.34097888777476165,-0.34152216730675394,-0.34282478455852344,0.7925896906114194,-0.401951786078411,-0.40501731285019743,-0.4088370801045525,-0.4746751140725822,-0.4730654114267336,-0.4847359039301706,-0.31405972409362054,-0.5987864286519891,-0.580701522716496,-0.5904746786629683,-0.591205137057491,-0.5829891156028573,-0.35974488151412787,-0.3666912362862367,-0.3662232088394005,-0.36033195238414417,-0.3520126640463351,-0.022434141489718333,-0.012857885354983131,-0.019072597436076432,-0.026395112132132525,-0.18629130009315228,-0.013060639396165929,-0.6643424228430508,-0.6452979514197159,-0.6533746307576611,-0.6547119826063464,0.07922584295677329,0.06775325360802698,0.07930016704622005,-0.06783741585470206,-0.06783741585470206,-0.512781474208185,-0.061826576320691225,0.14278458010186063,179.8393237735849
2021-08-26 02:00:00,-0.4427437200672409,-0.43694753316286217,-0.4391840061896393,-0.4391807955147268,-0.4877855814891198,-0.5395878845451946,-0.5378778277990688,-0.5375941036059533,-0.5999606935581836,-0.5999124668746153,-0.6150060491572353,-0.31405972409362054,-0.7055813261887326,-0.7004359764535188,-0.6958242279171349,-0.6990852691280163,-0.6979123149933344,-0.35974488151412787,-0.3666912362862367,-0.3662232088394005,-0.36033195238414417,-0.3520126640463351,-0.25672668817487115,-0.2545255841184458,-0.2628126875218201,-0.2652731953957688,-0.3417027119732291,-0.24944390469925667,-0.7797232934188567,-0.7841442010596861,-0.7785603820763853,-0.779800540344192,-0.20298729549319822,-0.17270357723620025,-0.1715290948120264,-0.1436941849860174,-0.1436941849860174,-0.6401126075045793,-0.284016788943501,0.019929905604757298,174.08154708029198
2021-08-26 03:00:00,-0.5418425566058059,-0.5413295616120416,-0.5392535997525089,-0.541157926105091,-0.5841225516945387,-0.5790156340659534,-0.5788380985064107,-0.5821177008137487,-0.6480732396195108,-0.6484392017730234,-0.6620767210492307,-0.5517676330524235,-0.7494753542978129,-0.7471975827758405,-0.7497675329033278,-0.7443608842849799,-0.7413706461170405,-0.5999507135392528,-0.6206395592877355,-0.6161591719644627,-0.6032502855606097,-0.6037547203277956,-0.36160622150841937,-0.35973522368859095,-0.3705347110866801,-0.3742294788338095,-0.3758691476544801,-0.33457005408031987,-0.8272537988401087,-0.8275138076912537,-0.8221784760106857,-0.8233501900561359,-0.29983278752881265,-0.3015832473287293,-0.2990709767793742,-0.32069331295908593,-0.32069331295908593,-0.7435025598352715,-0.5202062500453686,0.13946517845252704,167.9274540740741
2021-08-26 04:00:00,-0.6418512488557916,-1.5346005345919473,-1.8158893034239285,-2.201390478185411,-0.6282174065685086,-0.8219152112955695,-1.0113805984556397,-1.182585749891853,-1.5192477743197639,-1.5202088215502938,-1.6747301174782712,-1.8222574716524762,-1.3071636621736396,-1.3083618042604421,-1.3212765041513705,-1.3048255931005914,-1.3073555867472735,-1.4916941957621652,-1.9659922412268345,-1.9714335302749846,-1.8525450150896026,-1.9475277633058123,-0.6956596825660704,-0.6960219506953964,-0.7096176411979348,-0.7103193325029317,-0.4218275771734838,-0.6562714117842482,-1.4496831776477712,-1.4407908683245638,-1.4336831663185234,-1.4310720777480552,-0.4191636499450248,-0.41339621903885315,-0.4144030536599212,-0.32069331295908593,-0.32069331295908593,-0.7916716997182806,-0.5980190105582028,0.18927082771582887,163.43054819277108
